CustomerID,Recency_Days,Frequency_Orders,Monetary_Avg_Order_Value,Tenure_Days,Customer_Age,Acquisition_Channel,Country,Membership_Tier,Returns_Rate,Churn_Status,Future_1Year_CLV
CUST-10000,22,5,73.98,297,42,Organic Search,Germany,Standard,0.239,0,642.59
CUST-10001,136,39,102.77,175,52,Paid Social,United Kingdom,Silver,0.113,0,10714.87
CUST-10002,60,6,45.61,172,26,Paid Social,United Kingdom,Bronze,0.214,0,553.91
CUST-10003,42,11,195.46,235,49,Paid Social,United States,Standard,0.267,0,3820.51
CUST-10004,8,5,122.35,234,56,Paid Social,Germany,Silver,0.594,0,1547.88
CUST-10005,8,4,112.69,260,55,Email Referral,Indonesia,Standard,0.244,0,889.31
CUST-10006,3,25,98.39,56,32,Paid Social,Germany,Bronze,0.054,0,5306.82
CUST-10007,91,22,182.01,825,62,Paid Social,Germany,Standard,0.127,0,7136.31
CUST-10008,42,26,112.24,92,63,Email Referral,Australia,Standard,0.01,0,5204.64
CUST-10009,56,5,129.38,89,54,Google Ads,United Kingdom,Bronze,0.086,1,320.29
CUST-10010,1,9,128.08,212,43,Paid Social,United Kingdom,Silver,0.194,0,3082.53
CUST-10011,158,18,169.22,606,48,Direct,Germany,Bronze,0.061,0,6619.3
CUST-10012,81,22,162.41,243,47,Paid Social,Germany,Standard,0.26,0,6417.97
CUST-10013,11,15,240.44,188,19,Organic Search,Germany,Silver,0.28,0,9742.75
CUST-10014,10,5,224.21,164,24,Email Referral,United Kingdom,Bronze,0.27,0,2408.23
CUST-10015,10,13,97.51,32,47,Organic Search,Indonesia,Bronze,0.208,0,2796.23
CUST-10016,17,8,318.9,237,50,Google Ads,France,Standard,0.187,0,4661.04
CUST-10017,34,11,161.22,128,65,Paid Social,United Kingdom,Bronze,0.107,0,3823.9
CUST-10018,26,12,355.66,534,56,Email Referral,United Kingdom,Standard,0.039,0,7634.94
CUST-10019,16,16,149.5,68,64,Email Referral,Indonesia,Standard,0.133,0,4300.12
CUST-10020,43,10,102.99,122,55,Organic Search,United Kingdom,Silver,0.06,0,2625.23
CUST-10021,7,9,90.2,148,37,Email Referral,Germany,Bronze,0.175,0,1769.17
CUST-10022,16,8,43.01,147,36,Google Ads,United Kingdom,Bronze,0.124,0,675.27
CUST-10023,21,12,142.44,128,26,Direct,United Kingdom,Standard,0.105,0,3065.65
CUST-10024,28,12,146.68,110,39,Paid Social,Germany,Bronze,0.127,0,3825.53
CUST-10025,70,6,123.55,113,49,Paid Social,France,Standard,0.099,1,305.07
CUST-10026,11,5,154.46,335,47,Google Ads,United Kingdom,Bronze,0.237,0,1646.25
CUST-10027,33,8,54.88,155,23,Organic Search,Australia,Standard,0.12,0,803.17
CUST-10028,41,4,117.72,209,34,Organic Search,United Kingdom,Standard,0.058,0,819.68
CUST-10029,3,11,63.64,160,54,Organic Search,United States,Gold,0.102,0,2692.37
CUST-10030,43,9,157.02,212,32,Direct,United Kingdom,Standard,0.249,0,2582.37
CUST-10031,9,5,136.78,243,24,Organic Search,United States,Silver,0.225,0,1874.9
CUST-10032,4,2,223.09,197,31,Google Ads,Indonesia,Standard,0.142,0,771.61
CUST-10033,134,7,104.78,206,37,Paid Social,United Kingdom,Bronze,0.164,1,424.74
CUST-10034,152,6,222.35,312,47,Organic Search,Germany,Standard,0.038,1,563.2
CUST-10035,75,7,117.22,140,35,Direct,United Kingdom,Bronze,0.22,0,1768.0
CUST-10036,17,8,180.47,191,39,Paid Social,France,Standard,0.069,0,2466.98
CUST-10037,5,9,79.4,121,42,Email Referral,United States,Gold,0.064,0,2759.05
CUST-10038,52,9,128.28,74,41,Organic Search,United Kingdom,Standard,0.139,0,2164.48
CUST-10039,27,12,120.86,280,48,Paid Social,United Kingdom,Standard,0.038,0,2621.82
CUST-10040,6,7,230.09,78,66,Email Referral,United Kingdom,Bronze,0.113,0,3399.88
CUST-10041,31,10,120.67,501,35,Paid Social,United Kingdom,Standard,0.07,0,2161.18
CUST-10042,2,3,121.41,76,51,Paid Social,United Kingdom,Gold,0.014,0,1380.34
CUST-10043,109,3,341.61,1148,35,Organic Search,United Kingdom,Standard,0.006,0,1845.5
CUST-10044,14,8,196.32,140,31,Google Ads,United Kingdom,Standard,0.019,0,2954.06
CUST-10045,49,4,107.28,68,21,Email Referral,Indonesia,Bronze,0.308,0,914.67
CUST-10046,17,4,170.78,46,24,Google Ads,United Kingdom,Gold,0.072,0,2553.33
CUST-10047,34,14,206.59,64,24,Organic Search,United Kingdom,Bronze,0.006,0,6255.43
CUST-10048,36,6,134.32,61,18,Paid Social,United Kingdom,Bronze,0.215,0,1733.65
CUST-10049,10,9,192.34,81,57,Organic Search,Australia,Silver,0.091,0,4636.39
CUST-10050,158,12,128.14,243,69,Paid Social,United States,Gold,0.158,0,5724.34
CUST-10051,68,17,230.98,104,41,Paid Social,United Kingdom,Silver,0.161,0,10638.6
CUST-10052,127,11,38.56,245,49,Direct,United States,Gold,0.351,1,357.62
CUST-10053,102,13,72.34,198,27,Direct,United States,Standard,0.108,0,1642.43
CUST-10054,41,14,99.85,238,26,Email Referral,Australia,Standard,0.276,0,2475.67
CUST-10055,115,5,192.09,169,56,Paid Social,Indonesia,Standard,0.205,0,1655.71
CUST-10056,5,14,153.64,461,20,Paid Social,United Kingdom,Gold,0.073,0,8163.43
CUST-10057,10,8,81.44,155,61,Organic Search,Germany,Silver,0.176,0,1785.23
CUST-10058,3,14,137.05,193,52,Google Ads,France,Bronze,0.167,0,4153.89
CUST-10059,18,6,39.81,40,22,Email Referral,Australia,Standard,0.125,0,465.44
CUST-10060,23,4,50.86,185,24,Email Referral,United Kingdom,Standard,0.131,0,387.77
CUST-10061,15,11,46.38,112,29,Google Ads,United Kingdom,Silver,0.193,0,1406.88
CUST-10062,80,9,64.79,559,40,Direct,Germany,Standard,0.136,0,1140.82
CUST-10063,20,12,187.6,425,42,Paid Social,Germany,Bronze,0.143,0,4911.68
CUST-10064,15,10,156.67,212,34,Paid Social,Germany,Bronze,0.151,0,3392.86
CUST-10065,36,3,109.21,313,31,Direct,United Kingdom,Standard,0.138,0,543.05
CUST-10066,7,20,190.87,208,52,Email Referral,Australia,Gold,0.164,0,14349.98
CUST-10067,73,8,238.83,91,18,Google Ads,United States,Standard,0.408,0,3351.18
CUST-10068,4,3,66.52,237,39,Organic Search,France,Gold,0.074,0,801.65
CUST-10069,196,9,226.57,246,45,Paid Social,Germany,Bronze,0.177,1,1073.23
CUST-10070,67,9,81.07,288,40,Paid Social,Indonesia,Standard,0.093,0,1317.3
CUST-10071,10,7,89.63,26,35,Paid Social,United Kingdom,Silver,0.499,0,1646.36
CUST-10072,1,7,305.77,83,63,Google Ads,United Kingdom,Silver,0.152,0,5889.33
CUST-10073,77,12,139.8,222,62,Paid Social,Australia,Silver,0.023,0,4439.73
CUST-10074,56,12,97.1,143,61,Direct,Germany,Bronze,0.234,0,2523.76
CUST-10075,59,7,172.96,287,54,Paid Social,United Kingdom,Silver,0.068,0,3251.01
CUST-10076,67,5,203.49,215,20,Organic Search,Indonesia,Gold,0.057,0,3846.88
CUST-10077,4,5,140.72,596,31,Organic Search,Australia,Standard,0.256,0,1250.45
CUST-10078,20,11,97.14,114,56,Organic Search,Indonesia,Standard,0.231,0,1878.8
CUST-10079,6,11,153.05,251,24,Email Referral,United Kingdom,Standard,0.072,0,2974.49
CUST-10080,90,18,179.04,430,34,Organic Search,United Kingdom,Gold,0.024,0,12284.3
CUST-10081,44,11,118.43,111,23,Paid Social,Germany,Bronze,0.246,0,2799.0
CUST-10082,19,22,296.04,286,64,Google Ads,Germany,Standard,0.057,0,11740.3
CUST-10083,3,8,149.53,107,36,Organic Search,Australia,Standard,0.074,0,2073.53
CUST-10084,17,7,197.52,56,32,Organic Search,Australia,Standard,0.006,0,2382.9
CUST-10085,18,6,200.69,33,56,Paid Social,Indonesia,Silver,0.038,0,3217.35
CUST-10086,59,14,52.12,319,22,Email Referral,United Kingdom,Silver,0.036,0,2013.79
CUST-10087,46,20,173.43,98,32,Direct,United States,Gold,0.481,0,13112.72
CUST-10088,99,11,182.7,123,69,Email Referral,Indonesia,Silver,0.168,0,5399.19
CUST-10089,29,10,96.21,167,62,Direct,United Kingdom,Standard,0.249,0,1753.27
CUST-10090,6,6,87.75,97,43,Organic Search,United Kingdom,Silver,0.203,0,1394.03
CUST-10091,57,10,51.58,283,56,Paid Social,France,Bronze,0.092,0,1182.96
CUST-10092,65,5,250.35,100,62,Google Ads,United Kingdom,Silver,0.163,0,3450.6
CUST-10093,38,4,78.76,78,30,Google Ads,Indonesia,Bronze,0.009,0,651.62
CUST-10094,67,8,53.04,175,48,Email Referral,United Kingdom,Bronze,0.169,0,877.7
CUST-10095,31,13,106.44,178,30,Paid Social,Germany,Standard,0.06,0,2487.03
CUST-10096,34,9,70.8,361,40,Organic Search,Australia,Gold,0.245,0,2429.95
CUST-10097,26,10,52.48,199,57,Organic Search,Australia,Standard,0.273,0,930.95
CUST-10098,2,3,372.69,436,49,Organic Search,United States,Bronze,0.099,0,2467.33
CUST-10099,6,8,68.23,65,54,Organic Search,United States,Standard,0.128,0,995.79
CUST-10100,2,8,81.66,180,21,Google Ads,Australia,Standard,0.078,0,1230.32
CUST-10101,46,29,136.81,252,34,Organic Search,Indonesia,Gold,0.125,0,14941.0
CUST-10102,17,22,51.97,264,37,Paid Social,France,Standard,0.079,0,2028.38
CUST-10103,32,12,121.48,853,63,Direct,France,Standard,0.392,0,2650.63
CUST-10104,108,19,176.63,236,28,Paid Social,Germany,Standard,0.051,0,6043.39
CUST-10105,13,5,144.61,110,59,Organic Search,Germany,Bronze,0.048,0,1552.41
CUST-10106,24,9,161.56,383,50,Email Referral,Indonesia,Bronze,0.104,0,3114.77
CUST-10107,64,10,119.06,114,56,Google Ads,France,Standard,0.252,0,2147.42
CUST-10108,12,5,98.14,33,23,Organic Search,Indonesia,Bronze,0.042,0,1131.32
CUST-10109,4,3,163.16,124,56,Google Ads,United Kingdom,Gold,0.196,0,1749.78
CUST-10110,16,6,157.14,82,64,Organic Search,Germany,Standard,0.078,0,1689.51
CUST-10111,8,10,66.44,113,55,Email Referral,United Kingdom,Bronze,0.222,0,1429.68
CUST-10112,120,16,135.71,904,35,Organic Search,Germany,Bronze,0.368,0,4635.77
CUST-10113,75,16,123.52,167,19,Paid Social,France,Standard,0.146,0,3549.58
CUST-10114,46,4,179.04,282,58,Paid Social,United States,Bronze,0.097,0,1464.93
CUST-10115,93,11,152.38,159,55,Email Referral,United Kingdom,Standard,0.353,1,725.07
CUST-10116,74,3,8.1,154,34,Email Referral,United Kingdom,Silver,0.304,0,52.19
CUST-10117,10,6,237.31,75,41,Google Ads,Indonesia,Standard,0.156,0,2562.69
CUST-10118,101,7,205.0,268,47,Organic Search,Australia,Bronze,0.203,0,3193.36
CUST-10119,35,14,217.93,96,60,Email Referral,United Kingdom,Standard,0.016,0,5451.03
CUST-10120,75,8,181.74,318,41,Organic Search,United Kingdom,Gold,0.104,0,5429.59
CUST-10121,102,13,212.74,322,21,Paid Social,United Kingdom,Bronze,0.206,0,6023.35
CUST-10122,18,13,103.15,131,24,Paid Social,United States,Silver,0.013,0,3397.42
CUST-10123,6,2,200.72,25,32,Organic Search,France,Gold,0.021,0,1486.49
CUST-10124,12,13,123.89,31,47,Organic Search,Germany,Standard,0.123,0,2882.74
CUST-10125,26,8,53.16,177,46,Google Ads,France,Gold,0.329,0,1560.5
CUST-10126,77,9,199.23,420,66,Organic Search,Germany,Silver,0.028,0,4836.54
CUST-10127,89,8,145.23,268,61,Paid Social,United Kingdom,Standard,0.046,0,2058.89
CUST-10128,1,6,258.86,118,62,Email Referral,United States,Standard,0.159,0,2708.62
CUST-10129,33,17,134.85,432,30,Organic Search,United States,Silver,0.107,0,6220.52
CUST-10130,25,21,80.33,79,57,Organic Search,Indonesia,Bronze,0.14,0,3676.61
CUST-10131,12,9,92.47,107,56,Paid Social,Australia,Bronze,0.113,0,1748.24
CUST-10132,6,9,112.73,170,46,Organic Search,France,Gold,0.221,0,3808.01
CUST-10133,19,14,147.56,96,43,Direct,United Kingdom,Gold,0.186,0,7901.68
CUST-10134,129,5,214.33,1238,53,Direct,United Kingdom,Standard,0.137,1,504.67
CUST-10135,18,6,145.88,141,52,Paid Social,France,Standard,0.006,0,1575.51
CUST-10136,33,21,65.55,57,66,Organic Search,United Kingdom,Gold,0.114,0,5284.23
CUST-10137,55,8,148.55,104,65,Paid Social,United Kingdom,Silver,0.364,0,3127.6
CUST-10138,21,5,232.19,172,36,Organic Search,United Kingdom,Silver,0.015,0,3032.92
CUST-10139,161,15,136.51,319,19,Paid Social,Australia,Standard,0.248,1,929.79
CUST-10140,148,15,160.97,908,31,Organic Search,United Kingdom,Bronze,0.133,0,5257.43
CUST-10141,14,22,121.6,193,33,Email Referral,United Kingdom,Bronze,0.039,0,5692.9
CUST-10142,31,16,121.02,243,66,Organic Search,Indonesia,Standard,0.507,0,3420.4
CUST-10143,17,1,218.7,75,53,Paid Social,France,Silver,0.182,0,630.14
CUST-10144,16,11,190.41,51,57,Organic Search,United Kingdom,Standard,0.152,0,3712.5
CUST-10145,2,7,388.18,182,58,Paid Social,United States,Bronze,0.161,0,5856.47
CUST-10146,43,6,98.2,418,48,Organic Search,United Kingdom,Standard,0.041,0,1071.05
CUST-10147,32,4,86.52,206,65,Direct,United States,Standard,0.09,0,670.69
CUST-10148,3,9,54.37,123,65,Paid Social,France,Bronze,0.244,0,1041.63
CUST-10149,15,9,112.09,185,66,Organic Search,United Kingdom,Standard,0.313,0,1840.48
CUST-10150,108,12,124.75,236,52,Paid Social,United States,Standard,0.107,0,2632.62
CUST-10151,13,7,84.23,55,39,Organic Search,Germany,Standard,0.245,0,1090.74
CUST-10152,8,13,163.13,266,38,Paid Social,France,Bronze,0.141,0,4535.25
CUST-10153,31,22,192.42,183,45,Organic Search,Indonesia,Standard,0.037,0,7550.8
CUST-10154,191,14,159.23,297,34,Paid Social,United Kingdom,Standard,0.504,1,1106.41
CUST-10155,13,6,70.26,175,67,Paid Social,United Kingdom,Gold,0.037,0,1685.0
CUST-10156,51,4,87.97,115,35,Google Ads,Australia,Standard,0.15,0,640.79
CUST-10157,65,4,133.22,180,49,Paid Social,Germany,Standard,0.348,1,317.15
CUST-10158,13,21,226.14,203,40,Google Ads,Germany,Standard,0.091,0,8531.8
CUST-10159,59,15,118.34,120,23,Direct,United Kingdom,Gold,0.083,0,6703.08
CUST-10160,21,4,34.68,284,46,Direct,Germany,Bronze,0.073,0,290.81
CUST-10161,46,10,111.51,193,23,Organic Search,Germany,Standard,0.305,0,1961.51
CUST-10162,46,20,128.78,417,50,Google Ads,United Kingdom,Silver,0.253,0,6836.91
CUST-10163,35,4,273.12,388,65,Paid Social,United Kingdom,Silver,0.227,1,721.96
CUST-10164,5,7,34.44,142,49,Paid Social,France,Gold,0.141,0,976.4
CUST-10165,82,5,193.19,136,34,Google Ads,United Kingdom,Silver,0.158,1,665.81
CUST-10166,18,10,54.88,273,21,Organic Search,Germany,Standard,0.151,0,1028.57
CUST-10167,10,10,99.78,122,65,Paid Social,France,Bronze,0.145,0,2174.9
CUST-10168,2,1,156.49,179,48,Email Referral,United Kingdom,Standard,0.096,0,239.35
CUST-10169,41,6,206.48,76,39,Organic Search,France,Silver,0.168,0,3357.39
CUST-10170,51,3,88.46,245,44,Google Ads,United Kingdom,Bronze,0.211,1,126.69
CUST-10171,1,15,101.7,100,38,Paid Social,Australia,Silver,0.148,0,4065.72
CUST-10172,33,11,117.49,121,37,Email Referral,Australia,Standard,0.147,0,2372.28
CUST-10173,12,13,85.59,730,51,Direct,United States,Standard,0.132,0,1937.54
CUST-10174,47,9,259.2,163,40,Email Referral,United Kingdom,Standard,0.217,0,4166.09
CUST-10175,9,27,144.86,227,61,Google Ads,Indonesia,Platinum,0.027,0,22639.48
CUST-10176,53,8,184.72,245,33,Organic Search,Australia,Standard,0.188,0,2695.04
CUST-10177,23,15,118.28,57,23,Paid Social,Germany,Silver,0.05,0,4802.59
CUST-10178,125,6,34.23,388,33,Email Referral,France,Standard,0.086,1,0.0
CUST-10179,7,11,117.73,92,24,Email Referral,United Kingdom,Standard,0.363,0,2325.16
CUST-10180,19,11,216.22,322,31,Organic Search,United Kingdom,Standard,0.194,0,4222.93
CUST-10181,6,13,40.04,189,20,Email Referral,Germany,Silver,0.246,0,1401.51
CUST-10182,117,4,128.11,200,50,Organic Search,France,Bronze,0.055,0,1097.35
CUST-10183,95,2,169.51,189,66,Organic Search,United Kingdom,Bronze,0.12,1,140.24
CUST-10184,14,7,105.72,265,69,Paid Social,United Kingdom,Silver,0.05,0,2056.73
CUST-10185,49,21,89.79,207,53,Email Referral,United States,Standard,0.042,0,3441.81
CUST-10186,77,5,141.79,290,56,Direct,Germany,Bronze,0.153,0,1475.03
CUST-10187,37,13,80.17,83,46,Email Referral,France,Bronze,0.104,0,2329.88
CUST-10188,34,7,49.28,327,56,Email Referral,France,Bronze,0.072,0,687.63
CUST-10189,13,9,106.18,97,21,Organic Search,Germany,Bronze,0.088,0,2147.35
CUST-10190,5,12,290.55,194,56,Organic Search,United Kingdom,Standard,0.207,0,6265.34
CUST-10191,103,7,166.62,139,57,Email Referral,France,Gold,0.27,1,1082.17
CUST-10192,104,14,96.89,188,58,Organic Search,United Kingdom,Platinum,0.061,1,2027.75
CUST-10193,46,8,170.26,249,39,Email Referral,United States,Bronze,0.151,0,2933.88
CUST-10194,19,14,232.54,91,32,Organic Search,United Kingdom,Standard,0.194,0,5914.89
CUST-10195,20,15,84.88,417,21,Paid Social,United Kingdom,Bronze,0.217,0,2685.06
CUST-10196,59,7,170.11,268,35,Google Ads,Germany,Standard,0.044,0,2144.81
CUST-10197,103,25,104.68,485,61,Google Ads,France,Standard,0.337,0,4734.33
CUST-10198,99,6,246.1,204,40,Paid Social,France,Platinum,0.331,1,2186.12
CUST-10199,69,3,96.14,90,55,Organic Search,United Kingdom,Bronze,0.115,0,658.61
CUST-10200,47,22,102.82,216,21,Direct,Germany,Bronze,0.101,0,4888.25
CUST-10201,4,7,160.65,93,21,Google Ads,United Kingdom,Platinum,0.112,0,6501.09
CUST-10202,8,8,78.32,130,35,Google Ads,United States,Gold,0.09,0,2332.01
CUST-10203,103,11,75.45,323,18,Organic Search,United Kingdom,Bronze,0.018,0,1822.9
CUST-10204,42,7,240.8,274,49,Paid Social,United States,Standard,0.243,0,3057.96
CUST-10205,1,18,216.52,21,38,Organic Search,Indonesia,Standard,0.111,0,6976.37
CUST-10206,5,14,187.9,283,55,Organic Search,Australia,Gold,0.095,0,9949.82
CUST-10207,50,15,88.56,187,43,Organic Search,Indonesia,Gold,0.109,0,5059.91
CUST-10208,1,3,336.77,162,58,Paid Social,United Kingdom,Bronze,0.081,0,2304.46
CUST-10209,8,19,130.8,86,66,Direct,Germany,Standard,0.208,0,4532.64
CUST-10210,36,4,139.86,149,38,Paid Social,United Kingdom,Bronze,0.021,0,1219.64
CUST-10211,53,11,281.32,291,60,Email Referral,United Kingdom,Standard,0.306,0,5584.37
CUST-10212,48,6,125.12,332,46,Direct,United Kingdom,Standard,0.023,0,1344.03
CUST-10213,12,7,83.99,115,58,Organic Search,France,Gold,0.193,0,2227.94
CUST-10214,57,22,179.29,283,60,Organic Search,Germany,Standard,0.046,0,7138.7
CUST-10215,13,14,141.56,81,49,Organic Search,Indonesia,Silver,0.085,0,5388.55
CUST-10216,18,5,191.69,354,21,Google Ads,Germany,Standard,0.06,0,1720.95
CUST-10217,62,14,256.63,246,30,Email Referral,France,Silver,0.043,0,9645.65
CUST-10218,48,12,264.79,331,68,Paid Social,Germany,Silver,0.282,0,8568.49
CUST-10219,86,6,94.64,217,52,Google Ads,United States,Standard,0.13,0,980.32
CUST-10220,49,7,106.15,110,44,Organic Search,Indonesia,Standard,0.179,0,1276.71
CUST-10221,38,14,29.6,153,18,Organic Search,Germany,Standard,0.231,0,776.34
CUST-10222,5,1,83.24,106,66,Email Referral,United Kingdom,Silver,0.182,0,242.02
CUST-10223,21,8,123.41,108,66,Google Ads,United Kingdom,Bronze,0.053,0,2086.58
CUST-10224,14,9,243.54,71,56,Organic Search,France,Standard,0.19,0,3929.12
CUST-10225,13,9,120.99,284,31,Organic Search,United Kingdom,Standard,0.376,0,1975.38
CUST-10226,163,14,206.55,194,54,Paid Social,United States,Standard,0.099,1,1314.14
CUST-10227,23,20,91.38,431,47,Organic Search,France,Standard,0.175,0,3311.64
CUST-10228,101,10,67.33,150,31,Email Referral,France,Silver,0.068,1,416.37
CUST-10229,45,21,128.84,763,28,Email Referral,United States,Bronze,0.256,0,5862.08
CUST-10230,72,7,150.62,890,48,Paid Social,United States,Standard,0.156,0,1895.43
CUST-10231,32,6,84.11,138,45,Google Ads,France,Silver,0.084,0,1401.18
CUST-10232,39,7,61.39,847,44,Email Referral,United Kingdom,Bronze,0.161,0,981.96
CUST-10233,31,13,97.11,411,20,Organic Search,Germany,Silver,0.284,0,3560.02
CUST-10234,10,11,178.37,40,23,Paid Social,Germany,Silver,0.031,0,5363.07
CUST-10235,58,10,128.62,602,56,Paid Social,Australia,Silver,0.06,0,3479.04
CUST-10236,15,9,74.03,37,36,Google Ads,France,Silver,0.215,0,1797.04
CUST-10237,2,17,80.42,53,58,Email Referral,Germany,Bronze,0.18,0,2906.23
CUST-10238,47,4,189.19,220,51,Paid Social,Germany,Silver,0.006,1,465.26
CUST-10239,9,7,116.05,39,45,Google Ads,United Kingdom,Silver,0.336,0,2206.92
CUST-10240,127,11,52.08,173,29,Paid Social,Germany,Standard,0.032,0,1046.31
CUST-10241,139,8,229.36,706,56,Google Ads,United Kingdom,Standard,0.074,1,959.51
CUST-10242,111,9,54.21,1068,27,Organic Search,United Kingdom,Standard,0.319,1,183.17
CUST-10243,21,11,212.6,324,69,Organic Search,United Kingdom,Standard,0.188,0,4167.9
CUST-10244,1,14,92.77,146,64,Google Ads,France,Silver,0.042,0,3519.21
CUST-10245,119,26,71.49,549,42,Organic Search,Indonesia,Gold,0.037,0,7000.85
CUST-10246,26,5,138.6,62,40,Email Referral,United States,Bronze,0.126,0,1516.34
CUST-10247,154,24,112.04,684,43,Email Referral,United Kingdom,Gold,0.463,0,10140.58
CUST-10248,150,12,96.23,242,36,Email Referral,United Kingdom,Standard,0.119,1,505.37
CUST-10249,87,10,142.71,457,55,Google Ads,Germany,Silver,0.229,0,3874.65
CUST-10250,16,22,58.86,229,37,Paid Social,United Kingdom,Standard,0.05,0,2302.51
CUST-10251,22,9,134.23,617,62,Google Ads,United Kingdom,Gold,0.192,0,4548.48
CUST-10252,86,5,139.47,461,69,Email Referral,Germany,Silver,0.065,0,1909.28
CUST-10253,18,15,92.36,426,61,Paid Social,United Kingdom,Platinum,0.079,0,7982.23
CUST-10254,9,4,13.84,203,35,Paid Social,United Kingdom,Silver,0.023,0,117.48
CUST-10255,37,6,114.94,374,65,Direct,Germany,Standard,0.11,0,1217.25
CUST-10256,124,9,113.02,393,28,Organic Search,Germany,Standard,0.159,0,1883.04
CUST-10257,54,7,106.62,100,42,Email Referral,France,Gold,0.201,0,2836.68
CUST-10258,38,22,41.93,241,60,Organic Search,United Kingdom,Bronze,0.116,0,1974.44
CUST-10259,5,11,135.01,48,18,Organic Search,United Kingdom,Gold,0.069,0,5657.01
CUST-10260,43,5,200.14,424,49,Direct,United Kingdom,Standard,0.032,0,1823.07
CUST-10261,208,5,109.33,235,50,Organic Search,United Kingdom,Standard,0.184,1,313.74
CUST-10262,7,23,59.28,804,24,Email Referral,United Kingdom,Standard,0.14,0,2498.48
CUST-10263,33,3,159.18,140,48,Paid Social,United Kingdom,Bronze,0.076,0,1089.81
CUST-10264,95,9,259.47,143,43,Google Ads,Germany,Standard,0.007,0,4186.4
CUST-10265,61,17,73.79,569,24,Google Ads,France,Silver,0.102,0,3342.52
CUST-10266,54,7,75.35,77,53,Organic Search,United Kingdom,Standard,0.29,0,988.0
CUST-10267,55,9,232.61,184,63,Paid Social,United Kingdom,Bronze,0.188,0,4561.0
CUST-10268,21,9,114.8,300,41,Organic Search,Germany,Silver,0.198,0,2784.41
CUST-10269,16,12,39.78,99,22,Paid Social,France,Standard,0.028,0,807.08
CUST-10270,75,19,301.37,225,39,Email Referral,United Kingdom,Standard,0.105,0,10322.2
CUST-10271,75,9,22.84,306,61,Organic Search,United Kingdom,Silver,0.265,0,574.43
CUST-10272,91,6,35.78,652,53,Google Ads,Germany,Gold,0.272,1,134.99
CUST-10273,111,5,62.24,145,20,Organic Search,United Kingdom,Standard,0.079,1,158.75
CUST-10274,33,5,181.74,78,67,Organic Search,France,Bronze,0.121,0,2020.32
CUST-10275,32,7,190.05,174,54,Organic Search,France,Platinum,0.269,0,7597.12
CUST-10276,73,16,53.52,185,55,Organic Search,France,Bronze,0.273,0,1876.11
CUST-10277,48,5,76.96,158,63,Paid Social,United Kingdom,Gold,0.183,0,1520.06
CUST-10278,55,10,147.83,133,23,Organic Search,United States,Gold,0.195,0,5656.62
CUST-10279,72,19,257.56,235,69,Direct,Indonesia,Gold,0.043,0,18404.24
CUST-10280,100,7,21.29,501,42,Direct,United Kingdom,Silver,0.065,1,154.98
CUST-10281,19,5,37.14,65,40,Paid Social,United Kingdom,Bronze,0.139,0,385.43
CUST-10282,22,4,92.58,80,29,Email Referral,France,Standard,0.01,0,645.09
CUST-10283,5,8,47.67,220,45,Direct,France,Standard,0.001,0,812.07
CUST-10284,39,14,225.41,64,61,Google Ads,Germany,Standard,0.345,0,5691.33
CUST-10285,2,3,119.79,218,57,Organic Search,Indonesia,Standard,0.106,0,627.72
CUST-10286,29,14,214.86,111,49,Google Ads,United Kingdom,Standard,0.099,0,5454.43
CUST-10287,36,11,148.81,130,69,Organic Search,Germany,Standard,0.009,0,3030.72
CUST-10288,16,3,178.4,124,42,Paid Social,United Kingdom,Standard,0.152,0,972.03
CUST-10289,41,12,83.49,133,51,Paid Social,United Kingdom,Standard,0.23,0,1776.7
CUST-10290,2,5,33.34,348,47,Email Referral,United Kingdom,Standard,0.281,0,304.62
CUST-10291,2,2,111.35,542,54,Organic Search,Germany,Standard,0.086,0,455.4
CUST-10292,78,17,200.95,235,35,Organic Search,Germany,Silver,0.186,0,9208.06
CUST-10293,21,3,296.83,192,52,Google Ads,United Kingdom,Silver,0.192,0,2458.91
CUST-10294,7,12,107.03,35,65,Google Ads,France,Gold,0.366,0,4847.86
CUST-10295,34,17,182.41,273,54,Paid Social,Germany,Silver,0.032,0,8279.89
CUST-10296,67,9,82.56,239,58,Email Referral,United Kingdom,Standard,0.039,0,1413.47
CUST-10297,11,6,97.51,35,23,Email Referral,United Kingdom,Silver,0.041,0,1596.43
CUST-10298,44,9,118.47,98,36,Paid Social,United Kingdom,Silver,0.092,1,772.4
CUST-10299,5,9,268.61,60,39,Organic Search,France,Bronze,0.247,0,5236.89
CUST-10300,3,8,178.86,51,49,Paid Social,France,Silver,0.307,0,3865.24
CUST-10301,35,12,165.24,243,44,Direct,France,Standard,0.502,0,3606.03
CUST-10302,36,8,261.04,525,33,Google Ads,United Kingdom,Bronze,0.035,0,4503.07
CUST-10303,46,3,76.76,320,43,Paid Social,Indonesia,Bronze,0.141,1,215.02
CUST-10304,59,5,106.4,190,56,Organic Search,Germany,Silver,0.049,1,357.58
CUST-10305,168,10,165.93,276,21,Google Ads,United States,Standard,0.217,1,837.62
CUST-10306,33,5,89.31,135,33,Email Referral,United Kingdom,Standard,0.027,0,834.02
CUST-10307,18,6,103.53,198,69,Paid Social,Germany,Bronze,0.191,0,1222.69
CUST-10308,72,2,141.47,167,66,Organic Search,Germany,Gold,0.156,0,1020.02
CUST-10309,15,15,121.05,76,36,Google Ads,United States,Standard,0.096,0,3310.83
CUST-10310,27,8,64.38,208,45,Paid Social,France,Silver,0.234,0,1344.68
CUST-10311,4,19,81.91,108,34,Email Referral,United Kingdom,Standard,0.191,0,2733.5
CUST-10312,2,13,63.96,19,62,Email Referral,United Kingdom,Standard,0.134,0,1560.87
CUST-10313,148,5,182.14,167,19,Email Referral,Australia,Standard,0.044,1,330.4
CUST-10314,82,7,80.24,154,19,Paid Social,United Kingdom,Bronze,0.127,0,1252.13
CUST-10315,54,3,166.37,198,41,Email Referral,United Kingdom,Silver,0.179,0,1329.43
CUST-10316,24,20,134.89,117,44,Organic Search,United Kingdom,Bronze,0.095,0,5862.36
CUST-10317,9,7,122.6,28,21,Email Referral,United Kingdom,Bronze,0.221,0,1867.04
CUST-10318,8,12,57.26,68,65,Organic Search,United Kingdom,Standard,0.208,0,1133.16
CUST-10319,13,6,134.05,46,53,Paid Social,France,Standard,0.361,0,1431.99
CUST-10320,36,9,157.33,585,37,Paid Social,France,Silver,0.164,0,3810.91
CUST-10321,57,12,182.82,139,29,Email Referral,United Kingdom,Standard,0.014,0,3969.37
CUST-10322,49,6,63.48,66,45,Email Referral,Australia,Standard,0.105,0,701.51
CUST-10323,15,22,108.51,224,46,Email Referral,France,Silver,0.026,0,6433.24
CUST-10324,140,11,207.97,202,69,Organic Search,France,Platinum,0.142,1,3237.54
CUST-10325,61,7,196.31,226,63,Paid Social,Germany,Standard,0.361,1,642.43
CUST-10326,37,9,118.51,81,50,Organic Search,Germany,Bronze,0.099,0,2347.39
CUST-10327,43,10,56.14,802,66,Paid Social,United Kingdom,Standard,0.299,0,1027.06
CUST-10328,25,22,188.19,672,35,Email Referral,United States,Standard,0.181,0,7441.35
CUST-10329,13,7,124.13,220,29,Organic Search,Indonesia,Silver,0.11,0,2327.54
CUST-10330,20,1,71.64,256,27,Paid Social,United Kingdom,Bronze,0.061,0,108.86
CUST-10331,64,1,110.62,178,41,Google Ads,United States,Standard,0.064,1,62.2
CUST-10332,1,18,57.08,605,64,Email Referral,Germany,Gold,0.059,0,3893.31
CUST-10333,6,8,187.58,120,34,Email Referral,United Kingdom,Bronze,0.075,0,3283.19
CUST-10334,3,11,40.74,67,60,Google Ads,Indonesia,Silver,0.106,0,1178.83
CUST-10335,2,4,215.6,39,49,Paid Social,United Kingdom,Standard,0.147,0,1558.28
CUST-10336,88,7,143.97,145,42,Google Ads,United Kingdom,Standard,0.058,0,1748.22
CUST-10337,55,7,57.7,222,69,Organic Search,Indonesia,Bronze,0.113,0,855.45
CUST-10338,29,19,104.88,94,24,Organic Search,Germany,Standard,0.023,0,3558.81
CUST-10339,5,11,98.42,211,37,Paid Social,Germany,Standard,0.3,0,2001.6
CUST-10340,31,17,74.75,132,46,Organic Search,France,Bronze,0.346,0,2830.14
CUST-10341,29,21,136.64,436,36,Paid Social,United Kingdom,Standard,0.056,0,5106.17
CUST-10342,9,8,263.13,171,28,Organic Search,United Kingdom,Standard,0.079,0,3834.46
CUST-10343,26,28,78.84,216,50,Direct,Australia,Bronze,0.345,0,4802.27
CUST-10344,23,10,129.66,184,67,Google Ads,United Kingdom,Silver,0.154,0,3473.37
CUST-10345,44,6,125.12,449,32,Direct,Germany,Bronze,0.111,0,1583.97
CUST-10346,46,7,135.87,72,48,Google Ads,United Kingdom,Gold,0.05,0,3556.9
CUST-10347,3,17,24.16,30,30,Direct,Indonesia,Platinum,0.243,0,2346.88
CUST-10348,22,4,223.63,254,65,Paid Social,Australia,Gold,0.309,0,3363.35
CUST-10349,45,4,379.21,322,36,Paid Social,United Kingdom,Silver,0.068,1,1016.22
CUST-10350,32,17,123.66,149,23,Organic Search,France,Bronze,0.338,0,4515.3
CUST-10351,88,3,180.35,181,45,Email Referral,United States,Standard,0.322,0,1014.19
CUST-10352,49,8,154.24,122,39,Google Ads,United States,Bronze,0.069,0,2690.71
CUST-10353,9,3,62.57,72,45,Paid Social,Germany,Bronze,0.095,0,396.79
CUST-10354,4,13,118.39,456,33,Organic Search,United Kingdom,Standard,0.106,0,2743.35
CUST-10355,47,7,82.56,124,67,Paid Social,United Kingdom,Standard,0.597,0,1011.95
CUST-10356,2,3,112.01,204,50,Organic Search,United States,Bronze,0.163,0,747.76
CUST-10357,40,6,127.29,333,67,Email Referral,Australia,Gold,0.213,0,2889.75
CUST-10358,127,12,132.33,145,58,Paid Social,Germany,Standard,0.067,0,2868.27
CUST-10359,39,1,78.52,60,62,Google Ads,United Kingdom,Standard,0.135,0,184.26
CUST-10360,23,8,132.6,110,65,Direct,United Kingdom,Bronze,0.255,0,2288.61
CUST-10361,47,6,114.36,276,68,Organic Search,Indonesia,Standard,0.098,1,377.28
CUST-10362,28,9,214.5,97,43,Direct,Germany,Silver,0.461,0,5112.23
CUST-10363,36,18,175.87,51,40,Direct,France,Bronze,0.104,0,6772.07
CUST-10364,128,9,194.25,204,18,Email Referral,France,Standard,0.012,1,877.22
CUST-10365,22,21,201.74,54,46,Google Ads,Indonesia,Silver,0.242,0,11418.77
CUST-10366,147,4,70.38,206,25,Organic Search,United Kingdom,Standard,0.037,1,141.5
CUST-10367,107,19,171.77,194,59,Direct,Germany,Silver,0.111,0,8874.46
CUST-10368,10,12,68.53,49,56,Paid Social,Indonesia,Standard,0.418,0,1497.41
CUST-10369,4,7,246.19,239,20,Direct,Germany,Standard,0.351,0,3147.64
CUST-10370,5,2,170.01,73,30,Paid Social,United Kingdom,Standard,0.154,0,642.82
CUST-10371,1,6,65.76,210,37,Google Ads,United Kingdom,Silver,0.115,0,1114.46
CUST-10372,5,8,135.03,184,60,Paid Social,United Kingdom,Silver,0.213,0,2941.3
CUST-10373,52,5,75.8,477,69,Paid Social,Australia,Silver,0.089,0,1059.86
CUST-10374,4,24,94.54,35,22,Direct,United Kingdom,Bronze,0.514,0,4871.96
CUST-10375,18,4,146.99,76,62,Email Referral,Indonesia,Silver,0.172,0,1613.65
CUST-10376,84,17,87.79,459,29,Google Ads,United Kingdom,Standard,0.29,0,2684.35
CUST-10377,2,5,106.65,327,65,Paid Social,United Kingdom,Bronze,0.299,0,1147.47
CUST-10378,76,14,204.11,129,34,Direct,Indonesia,Standard,0.185,0,5059.61
CUST-10379,15,4,112.15,50,31,Email Referral,Indonesia,Gold,0.068,0,1674.63
CUST-10380,6,2,71.02,370,43,Organic Search,United Kingdom,Bronze,0.013,0,300.09
CUST-10381,54,7,37.3,104,47,Google Ads,United Kingdom,Gold,0.112,0,1064.74
CUST-10382,45,13,176.62,428,59,Organic Search,Germany,Silver,0.195,0,6185.4
CUST-10383,95,5,175.07,694,62,Google Ads,United Kingdom,Standard,0.189,0,1589.77
CUST-10384,60,4,135.4,119,49,Paid Social,Indonesia,Standard,0.087,1,312.49
CUST-10385,74,3,352.4,419,47,Email Referral,United Kingdom,Silver,0.078,1,651.73
CUST-10386,15,7,104.03,129,29,Email Referral,Germany,Standard,0.12,0,1291.63
CUST-10387,9,9,216.29,303,53,Email Referral,United Kingdom,Standard,0.063,0,3547.88
CUST-10388,63,14,82.73,172,36,Email Referral,United Kingdom,Standard,0.108,0,2208.26
CUST-10389,74,9,181.92,102,61,Google Ads,Germany,Standard,0.086,0,2847.85
CUST-10390,210,5,64.53,449,42,Paid Social,United Kingdom,Standard,0.048,1,139.33
CUST-10391,24,8,179.83,68,50,Paid Social,France,Silver,0.07,0,3915.74
CUST-10392,21,5,106.88,507,59,Organic Search,United States,Bronze,0.099,0,1196.36
CUST-10393,68,11,160.71,180,38,Paid Social,United Kingdom,Standard,0.116,0,3294.36
CUST-10394,19,15,138.41,49,19,Organic Search,France,Bronze,0.082,0,4452.23
CUST-10395,121,11,173.55,182,54,Email Referral,United States,Standard,0.03,1,847.32
CUST-10396,88,4,35.23,460,38,Paid Social,Germany,Silver,0.024,1,13.72
CUST-10397,26,6,113.86,110,43,Google Ads,Australia,Bronze,0.325,0,1482.03
CUST-10398,63,5,209.58,427,49,Paid Social,United Kingdom,Standard,0.216,0,1911.78
CUST-10399,64,16,224.99,113,44,Organic Search,United Kingdom,Standard,0.417,0,6584.31
CUST-10400,5,4,156.83,133,34,Paid Social,United Kingdom,Silver,0.236,0,1778.96
CUST-10401,105,6,213.75,499,21,Organic Search,Australia,Standard,0.251,1,652.94
CUST-10402,32,10,110.96,55,56,Organic Search,United Kingdom,Platinum,0.023,0,6356.53
CUST-10403,79,11,9.58,159,32,Google Ads,United Kingdom,Gold,0.184,0,419.65
CUST-10404,18,13,84.96,466,50,Paid Social,United States,Silver,0.277,0,3001.55
CUST-10405,102,7,129.64,280,31,Organic Search,Indonesia,Standard,0.248,0,1656.82
CUST-10406,23,19,139.51,264,43,Organic Search,Indonesia,Standard,0.059,0,4769.11
CUST-10407,1,3,151.87,348,64,Paid Social,Germany,Standard,0.062,0,876.64
CUST-10408,107,4,124.06,255,19,Email Referral,France,Standard,0.096,1,205.51
CUST-10409,5,14,125.15,356,37,Paid Social,United Kingdom,Platinum,0.259,0,10108.57
CUST-10410,18,15,185.58,216,43,Organic Search,France,Standard,0.184,0,5083.32
CUST-10411,135,15,74.8,358,19,Paid Social,United Kingdom,Standard,0.01,1,612.58
CUST-10412,136,10,138.44,180,65,Direct,France,Gold,0.307,1,1266.82
CUST-10413,39,15,156.97,557,19,Paid Social,United Kingdom,Standard,0.187,0,4265.72
CUST-10414,45,8,88.08,346,65,Organic Search,Indonesia,Bronze,0.05,0,1544.74
CUST-10415,27,11,105.66,94,34,Email Referral,United Kingdom,Platinum,0.344,0,6755.61
CUST-10416,16,19,267.57,187,35,Google Ads,Germany,Standard,0.174,0,9232.57
CUST-10417,18,12,134.9,118,68,Organic Search,Germany,Silver,0.172,0,4354.09
CUST-10418,51,7,407.96,260,65,Email Referral,United Kingdom,Standard,0.221,0,5136.52
CUST-10419,63,24,129.52,991,21,Google Ads,United Kingdom,Bronze,0.081,0,6717.98
CUST-10420,71,11,190.77,94,34,Organic Search,United Kingdom,Standard,0.462,0,3801.18
CUST-10421,71,6,49.77,634,50,Direct,Australia,Bronze,0.089,0,686.36
CUST-10422,5,4,35.08,33,40,Email Referral,Indonesia,Standard,0.095,0,233.81
CUST-10423,31,15,68.93,157,30,Paid Social,United Kingdom,Standard,0.082,0,1953.96
CUST-10424,3,10,203.43,136,24,Direct,United Kingdom,Bronze,0.166,0,4302.63
CUST-10425,36,6,106.89,107,58,Organic Search,Germany,Standard,0.511,0,1094.7
CUST-10426,27,6,48.33,192,63,Email Referral,Germany,Silver,0.088,0,813.33
CUST-10427,99,12,128.17,437,18,Google Ads,United Kingdom,Silver,0.015,1,1029.96
CUST-10428,20,20,193.12,97,57,Paid Social,Indonesia,Bronze,0.092,0,8314.48
CUST-10429,6,2,73.79,34,59,Organic Search,Indonesia,Standard,0.072,0,313.62
CUST-10430,7,14,199.42,202,48,Paid Social,United Kingdom,Gold,0.101,0,10593.94
CUST-10431,65,7,57.1,330,53,Organic Search,France,Bronze,0.031,1,278.3
CUST-10432,44,4,190.43,615,42,Email Referral,United Kingdom,Standard,0.161,1,290.99
CUST-10433,5,4,218.37,51,62,Email Referral,Germany,Silver,0.123,0,2399.03
CUST-10434,4,13,84.73,435,67,Paid Social,Indonesia,Bronze,0.271,0,2419.32
CUST-10435,55,3,234.77,188,58,Email Referral,France,Standard,0.206,0,1217.38
CUST-10436,4,14,259.12,67,57,Organic Search,Germany,Standard,0.062,0,6531.79
CUST-10437,78,8,152.91,685,47,Organic Search,Australia,Gold,0.124,0,4672.44
CUST-10438,56,3,88.37,120,55,Google Ads,France,Standard,0.259,0,544.31
CUST-10439,4,5,420.39,256,38,Organic Search,United Kingdom,Bronze,0.137,0,4532.87
CUST-10440,4,25,80.89,295,36,Organic Search,United Kingdom,Standard,0.17,0,3585.11
CUST-10441,195,12,277.72,311,33,Direct,United States,Bronze,0.065,1,1876.24
CUST-10442,22,19,330.68,247,50,Paid Social,United Kingdom,Standard,0.037,0,11311.24
CUST-10443,21,11,156.18,188,64,Email Referral,United Kingdom,Standard,0.132,0,2997.91
CUST-10444,76,10,64.49,129,23,Organic Search,Indonesia,Silver,0.008,0,1729.25
CUST-10445,133,6,149.08,404,59,Organic Search,United Kingdom,Silver,0.264,1,660.41
CUST-10446,193,8,357.79,681,54,Paid Social,France,Silver,0.234,1,1871.1
CUST-10447,63,3,88.01,198,25,Email Referral,United Kingdom,Standard,0.084,1,124.67
CUST-10448,22,6,119.58,967,18,Direct,United States,Standard,0.053,0,1275.1
CUST-10449,4,10,29.77,119,30,Email Referral,United States,Standard,0.023,0,533.99
CUST-10450,68,13,119.96,200,43,Organic Search,Australia,Bronze,0.227,0,3346.66
CUST-10451,37,6,177.56,253,33,Paid Social,United Kingdom,Silver,0.195,0,2901.63
CUST-10452,25,5,69.77,76,66,Organic Search,Germany,Bronze,0.123,0,742.39
CUST-10453,107,6,271.93,540,56,Organic Search,Germany,Silver,0.015,1,1134.16
CUST-10454,6,12,52.61,311,64,Paid Social,Indonesia,Standard,0.061,0,1118.0
CUST-10455,31,10,88.84,416,63,Paid Social,United Kingdom,Bronze,0.103,0,1974.87
CUST-10456,1,5,245.44,185,45,Organic Search,United Kingdom,Standard,0.105,0,2209.61
CUST-10457,29,8,114.7,431,66,Direct,United Kingdom,Standard,0.067,0,1591.31
CUST-10458,3,12,303.36,223,40,Email Referral,Germany,Standard,0.141,0,6509.77
CUST-10459,6,21,37.72,149,24,Organic Search,France,Bronze,0.001,0,1653.08
CUST-10460,6,20,102.06,504,41,Organic Search,France,Standard,0.299,0,3619.11
CUST-10461,48,9,151.34,167,63,Google Ads,United Kingdom,Standard,0.111,0,2386.05
CUST-10462,62,5,350.8,201,25,Google Ads,United States,Standard,0.143,0,3102.9
CUST-10463,40,26,135.96,88,62,Email Referral,France,Standard,0.301,0,6362.65
CUST-10464,148,5,170.25,693,18,Paid Social,Germany,Silver,0.151,1,611.52
CUST-10465,22,3,124.4,81,21,Google Ads,Germany,Bronze,0.084,0,738.48
CUST-10466,16,23,117.32,71,60,Direct,United States,Bronze,0.057,0,5788.23
CUST-10467,92,4,88.09,126,58,Organic Search,United Kingdom,Bronze,0.058,1,230.43
CUST-10468,12,7,158.82,135,36,Google Ads,Indonesia,Standard,0.311,0,1993.23
CUST-10469,149,4,107.44,221,39,Google Ads,United Kingdom,Silver,0.213,1,204.54
CUST-10470,1,8,175.56,259,53,Paid Social,Indonesia,Gold,0.142,0,5310.82
CUST-10471,158,12,134.72,239,18,Organic Search,France,Standard,0.293,0,2928.05
CUST-10472,2,20,101.09,246,36,Email Referral,France,Standard,0.257,0,3654.95
CUST-10473,100,8,273.89,154,68,Organic Search,United Kingdom,Standard,0.125,0,4056.31
CUST-10474,34,2,83.09,96,46,Organic Search,Indonesia,Bronze,0.048,0,321.29
CUST-10475,224,14,30.27,534,36,Direct,United Kingdom,Bronze,0.159,1,283.85
CUST-10476,4,23,90.44,102,60,Paid Social,France,Platinum,0.015,0,11980.27
CUST-10477,37,25,27.31,73,23,Paid Social,Indonesia,Bronze,0.356,0,1498.16
CUST-10478,157,11,110.54,757,42,Organic Search,United Kingdom,Standard,0.156,1,514.6
CUST-10479,34,3,262.6,84,56,Paid Social,Indonesia,Bronze,0.161,0,1668.0
CUST-10480,45,7,266.28,89,40,Email Referral,France,Platinum,0.207,0,10673.87
CUST-10481,54,10,95.75,148,18,Organic Search,France,Silver,0.117,0,2511.85
CUST-10482,28,7,167.68,61,32,Paid Social,Indonesia,Standard,0.164,0,2146.33
CUST-10483,45,5,187.95,90,42,Organic Search,Germany,Standard,0.149,0,1664.73
CUST-10484,40,5,50.31,392,21,Paid Social,Germany,Standard,0.06,0,580.04
CUST-10485,105,2,229.66,153,62,Google Ads,France,Gold,0.133,0,1712.55
CUST-10486,3,2,56.36,39,61,Organic Search,Germany,Bronze,0.066,0,277.11
CUST-10487,15,11,99.97,411,18,Organic Search,United Kingdom,Silver,0.329,0,2971.87
CUST-10488,136,7,65.52,256,57,Paid Social,United Kingdom,Standard,0.182,1,115.12
CUST-10489,100,8,150.73,145,38,Email Referral,United Kingdom,Gold,0.094,1,1072.22
CUST-10490,28,10,77.44,199,60,Paid Social,United Kingdom,Standard,0.014,0,1318.39
CUST-10491,44,11,88.23,66,27,Email Referral,France,Standard,0.159,0,1820.4
CUST-10492,15,23,206.23,130,19,Organic Search,United Kingdom,Standard,0.15,0,8602.85
CUST-10493,10,6,94.61,185,34,Paid Social,United Kingdom,Standard,0.116,0,1118.17
CUST-10494,29,3,125.49,610,30,Organic Search,Germany,Platinum,0.33,0,2057.45
CUST-10495,20,19,55.82,106,44,Organic Search,Indonesia,Standard,0.148,0,1840.58
CUST-10496,40,9,44.79,315,58,Paid Social,United Kingdom,Standard,0.221,0,755.84
CUST-10497,4,13,139.26,44,65,Paid Social,United States,Gold,0.134,0,6804.86
CUST-10498,165,14,92.3,282,45,Organic Search,Germany,Silver,0.203,1,906.95
CUST-10499,193,14,298.17,253,66,Organic Search,United Kingdom,Standard,0.106,1,1856.2
CUST-10500,54,3,369.87,191,27,Email Referral,United Kingdom,Standard,0.233,0,1969.91
CUST-10501,35,13,59.14,147,66,Paid Social,Germany,Silver,0.292,0,1985.02
CUST-10502,17,5,45.95,734,69,Organic Search,United Kingdom,Bronze,0.048,0,467.42
CUST-10503,76,15,301.62,540,27,Organic Search,Germany,Standard,0.128,0,8162.27
CUST-10504,52,13,161.29,224,63,Email Referral,Germany,Standard,0.079,0,3724.79
CUST-10505,8,17,137.35,57,64,Organic Search,France,Bronze,0.127,0,5046.93
CUST-10506,109,3,49.47,270,26,Paid Social,United Kingdom,Bronze,0.298,1,27.8
CUST-10507,78,11,354.79,375,51,Paid Social,Germany,Silver,0.133,0,10498.54
CUST-10508,135,3,75.55,156,63,Google Ads,United Kingdom,Silver,0.234,1,117.74
CUST-10509,59,4,191.63,176,56,Google Ads,France,Silver,0.117,1,540.63
CUST-10510,43,12,186.24,65,21,Email Referral,United Kingdom,Silver,0.049,0,6077.09
CUST-10511,25,12,43.1,90,62,Paid Social,France,Silver,0.159,0,1488.35
CUST-10512,122,12,84.37,154,21,Email Referral,Indonesia,Bronze,0.14,1,585.68
CUST-10513,91,16,52.11,688,21,Email Referral,Germany,Gold,0.236,0,3169.8
CUST-10514,3,3,31.51,51,58,Paid Social,United Kingdom,Bronze,0.342,0,292.93
CUST-10515,2,6,110.5,46,28,Google Ads,Indonesia,Bronze,0.053,0,1445.81
CUST-10516,22,20,56.58,680,18,Direct,United Kingdom,Silver,0.391,0,3086.04
CUST-10517,75,9,75.76,220,62,Paid Social,France,Standard,0.019,0,1275.13
CUST-10518,197,6,48.46,467,38,Google Ads,United Kingdom,Silver,0.066,1,204.95
CUST-10519,8,6,102.48,94,42,Paid Social,United Kingdom,Gold,0.239,0,2320.84
CUST-10520,41,8,296.76,193,26,Paid Social,France,Standard,0.089,0,4265.02
CUST-10521,22,15,149.04,38,42,Paid Social,United Kingdom,Bronze,0.198,0,4800.26
CUST-10522,158,14,90.81,267,35,Organic Search,Indonesia,Standard,0.147,1,547.3
CUST-10523,84,11,120.2,244,24,Direct,United Kingdom,Silver,0.188,0,3623.04
CUST-10524,82,5,142.98,227,63,Email Referral,United Kingdom,Bronze,0.184,1,331.21
CUST-10525,29,2,144.26,137,43,Paid Social,United Kingdom,Bronze,0.054,1,162.69
CUST-10526,25,8,104.84,319,66,Google Ads,United States,Standard,0.342,0,1508.51
CUST-10527,15,10,81.17,155,35,Email Referral,Indonesia,Silver,0.161,0,2120.33
CUST-10528,3,10,190.92,199,18,Organic Search,Germany,Standard,0.108,0,3478.47
CUST-10529,91,12,61.71,142,26,Organic Search,United Kingdom,Bronze,0.332,0,1532.71
CUST-10530,76,9,192.57,446,27,Google Ads,Germany,Bronze,0.072,0,3706.3
CUST-10531,368,12,96.0,464,65,Google Ads,United States,Bronze,0.189,1,617.8
CUST-10532,257,5,230.8,390,28,Direct,United Kingdom,Standard,0.425,1,593.8
CUST-10533,37,28,67.3,130,49,Organic Search,United Kingdom,Silver,0.168,0,5113.92
CUST-10534,66,10,66.43,481,38,Paid Social,Germany,Silver,0.207,0,1809.16
CUST-10535,131,11,128.12,561,53,Email Referral,Indonesia,Bronze,0.132,0,3111.71
CUST-10536,86,10,75.2,146,49,Email Referral,Germany,Standard,0.28,0,1340.39
CUST-10537,13,12,303.22,279,36,Email Referral,United Kingdom,Standard,0.07,0,6649.46
CUST-10538,27,22,82.64,61,25,Organic Search,United Kingdom,Gold,0.139,0,6897.52
CUST-10539,7,7,71.0,27,52,Organic Search,United Kingdom,Silver,0.064,0,1348.58
CUST-10540,139,18,157.81,480,39,Organic Search,Australia,Bronze,0.003,0,6045.82
CUST-10541,42,7,24.41,82,21,Paid Social,United States,Gold,0.189,0,694.69
CUST-10542,12,13,34.48,57,46,Paid Social,United States,Standard,0.051,0,833.71
CUST-10543,51,11,313.76,233,48,Google Ads,Germany,Bronze,0.145,0,7443.81
CUST-10544,44,8,174.44,364,25,Organic Search,France,Bronze,0.248,0,2989.07
CUST-10545,20,3,143.54,72,29,Paid Social,United Kingdom,Platinum,0.199,0,2581.04
CUST-10546,6,3,77.9,42,22,Direct,France,Standard,0.048,0,380.82
CUST-10547,51,2,114.62,80,47,Paid Social,United States,Standard,0.035,1,120.6
CUST-10548,34,6,84.26,53,52,Organic Search,United Kingdom,Standard,0.227,0,911.74
CUST-10549,67,5,94.29,104,54,Organic Search,United Kingdom,Standard,0.203,0,883.03
CUST-10550,34,5,201.61,563,21,Email Referral,United Kingdom,Bronze,0.034,0,2081.27
CUST-10551,87,11,151.8,120,60,Organic Search,United Kingdom,Standard,0.09,0,3039.27
CUST-10552,37,14,99.95,215,38,Direct,United States,Standard,0.041,0,2598.73
CUST-10553,38,26,40.64,509,33,Email Referral,United Kingdom,Platinum,0.223,0,5991.14
CUST-10554,95,3,380.89,287,35,Email Referral,France,Platinum,0.091,1,1598.03
CUST-10555,24,6,63.25,44,48,Paid Social,United States,Standard,0.273,0,711.36
CUST-10556,7,20,202.51,185,55,Direct,United States,Silver,0.125,0,10928.85
CUST-10557,2,19,82.7,437,49,Email Referral,Indonesia,Gold,0.144,0,5973.5
CUST-10558,64,9,136.95,149,65,Email Referral,Germany,Bronze,0.115,0,2699.53
CUST-10559,44,6,71.29,126,50,Google Ads,United Kingdom,Standard,0.323,0,781.19
CUST-10560,55,5,80.96,121,36,Google Ads,United Kingdom,Standard,0.174,0,816.78
CUST-10561,11,7,77.18,152,37,Organic Search,Germany,Standard,0.083,0,1010.09
CUST-10562,7,5,131.54,70,65,Organic Search,United Kingdom,Silver,0.087,0,1709.51
CUST-10563,1,33,77.97,247,27,Organic Search,Indonesia,Standard,0.347,0,4666.46
CUST-10564,20,4,128.35,221,43,Organic Search,Germany,Bronze,0.302,0,1107.31
CUST-10565,41,7,246.91,148,63,Google Ads,Indonesia,Bronze,0.151,0,3760.66
CUST-10566,23,8,59.52,268,35,Paid Social,France,Standard,0.12,0,915.49
CUST-10567,26,7,59.74,59,62,Paid Social,Indonesia,Standard,0.009,1,268.95
CUST-10568,106,17,276.5,370,62,Organic Search,Indonesia,Standard,0.164,0,8465.11
CUST-10569,20,7,176.77,201,32,Direct,United Kingdom,Silver,0.119,0,3382.87
CUST-10570,33,9,123.7,227,53,Google Ads,France,Silver,0.242,0,2951.9
CUST-10571,69,6,47.49,96,35,Email Referral,United Kingdom,Standard,0.209,0,489.71
CUST-10572,23,14,41.75,211,48,Google Ads,Australia,Standard,0.244,0,1023.97
CUST-10573,44,3,70.51,181,32,Google Ads,United States,Silver,0.143,1,194.49
CUST-10574,90,6,133.67,224,55,Email Referral,United Kingdom,Standard,0.226,0,1530.0
CUST-10575,135,13,211.17,219,46,Organic Search,Indonesia,Bronze,0.009,0,6089.12
CUST-10576,8,8,131.45,24,59,Email Referral,United Kingdom,Bronze,0.072,0,2314.52
CUST-10577,118,21,136.11,231,32,Email Referral,Germany,Bronze,0.128,0,6230.16
CUST-10578,31,23,225.9,138,18,Email Referral,France,Standard,0.077,0,9265.74
CUST-10579,14,8,157.12,127,54,Paid Social,Indonesia,Gold,0.242,0,4661.91
CUST-10580,28,5,89.14,213,58,Direct,Indonesia,Standard,0.04,1,157.12
CUST-10581,177,6,119.15,256,40,Email Referral,Germany,Standard,0.157,1,258.99
CUST-10582,31,10,214.39,102,63,Email Referral,United Kingdom,Standard,0.072,0,3884.61
CUST-10583,18,5,142.99,156,28,Google Ads,United Kingdom,Platinum,0.199,0,4204.91
CUST-10584,46,13,289.21,222,55,Paid Social,United Kingdom,Standard,0.303,0,6768.11
CUST-10585,13,26,78.98,178,33,Paid Social,United Kingdom,Gold,0.359,0,7729.37
CUST-10586,4,8,63.38,403,47,Paid Social,France,Standard,0.233,0,927.94
CUST-10587,7,10,149.08,285,46,Email Referral,Germany,Standard,0.23,0,2647.48
CUST-10588,7,9,129.65,31,58,Organic Search,United States,Silver,0.166,0,3123.34
CUST-10589,8,5,59.4,172,20,Email Referral,United Kingdom,Silver,0.258,0,792.15
CUST-10590,7,9,84.91,119,57,Google Ads,United Kingdom,Silver,0.356,0,2082.71
CUST-10591,47,4,248.11,142,34,Email Referral,United Kingdom,Standard,0.322,0,1703.06
CUST-10592,10,13,160.88,595,43,Paid Social,Germany,Gold,0.092,0,7804.16
CUST-10593,20,6,88.51,144,26,Organic Search,Germany,Standard,0.206,0,912.93
CUST-10594,103,15,68.98,346,34,Direct,Germany,Standard,0.156,0,1888.58
CUST-10595,29,10,100.05,658,54,Google Ads,United Kingdom,Bronze,0.024,0,2097.82
CUST-10596,50,9,208.22,94,48,Paid Social,France,Standard,0.064,0,3464.88
CUST-10597,9,13,127.08,34,48,Email Referral,Germany,Bronze,0.436,0,3611.01
CUST-10598,10,13,117.82,92,28,Paid Social,United Kingdom,Bronze,0.174,0,3341.85
CUST-10599,2,11,213.87,25,55,Organic Search,Germany,Platinum,0.028,0,13593.56
CUST-10600,9,7,61.3,46,39,Organic Search,Germany,Bronze,0.038,0,948.18
CUST-10601,15,7,76.62,892,63,Organic Search,United Kingdom,Standard,0.148,0,990.76
CUST-10602,9,10,133.24,604,20,Paid Social,United Kingdom,Silver,0.052,0,3659.58
CUST-10603,5,12,117.69,231,66,Email Referral,United Kingdom,Standard,0.048,0,2592.11
CUST-10604,6,19,103.73,272,45,Paid Social,United Kingdom,Bronze,0.334,0,4272.1
CUST-10605,28,14,219.53,70,49,Paid Social,United Kingdom,Standard,0.235,0,5628.33
CUST-10606,11,3,34.12,188,21,Organic Search,United Kingdom,Standard,0.13,0,188.12
CUST-10607,21,4,65.03,66,57,Google Ads,United Kingdom,Bronze,0.131,0,539.11
CUST-10608,32,7,64.81,132,55,Organic Search,Indonesia,Silver,0.041,0,1150.75
CUST-10609,53,12,169.26,144,28,Email Referral,United Kingdom,Standard,0.207,0,3619.9
CUST-10610,2,30,94.6,188,18,Paid Social,United Kingdom,Silver,0.102,0,7722.72
CUST-10611,73,24,357.86,102,64,Organic Search,United Kingdom,Gold,0.233,0,32463.35
CUST-10612,45,4,225.15,79,33,Paid Social,Australia,Standard,0.037,0,1645.05
CUST-10613,4,9,94.98,188,51,Google Ads,Germany,Silver,0.073,0,2312.05
CUST-10614,94,13,166.59,290,62,Paid Social,France,Standard,0.174,0,3838.06
CUST-10615,115,12,161.93,204,49,Paid Social,France,Bronze,0.033,1,1034.91
CUST-10616,3,9,260.89,46,61,Organic Search,United Kingdom,Silver,0.167,0,6297.92
CUST-10617,15,4,105.7,421,63,Email Referral,Australia,Standard,0.053,0,739.29
CUST-10618,74,1,87.29,98,50,Google Ads,United Kingdom,Standard,0.091,1,0.0
CUST-10619,63,5,155.61,305,28,Email Referral,Germany,Bronze,0.189,1,444.25
CUST-10620,10,1,106.49,52,53,Organic Search,United Kingdom,Silver,0.035,1,112.5
CUST-10621,11,10,177.17,208,30,Email Referral,United States,Standard,0.091,0,3190.81
CUST-10622,21,8,244.98,232,37,Organic Search,United Kingdom,Standard,0.169,0,3428.23
CUST-10623,30,20,70.19,338,42,Google Ads,Germany,Silver,0.211,0,3722.63
CUST-10624,44,9,82.65,149,23,Direct,United Kingdom,Standard,0.03,0,1371.23
CUST-10625,21,9,233.06,39,54,Email Referral,Germany,Standard,0.028,0,3737.79
CUST-10626,28,20,123.33,342,43,Google Ads,United Kingdom,Standard,0.114,0,4402.15
CUST-10627,62,11,125.88,182,21,Organic Search,Indonesia,Standard,0.123,0,2495.87
CUST-10628,2,16,212.31,355,62,Organic Search,United Kingdom,Bronze,0.22,0,7298.08
CUST-10629,14,15,115.58,298,43,Paid Social,France,Bronze,0.035,0,3638.72
CUST-10630,57,10,191.68,196,35,Google Ads,France,Standard,0.298,0,3404.02
CUST-10631,102,8,73.83,1452,30,Paid Social,Indonesia,Bronze,0.043,1,298.76
CUST-10632,33,10,97.24,159,25,Paid Social,Indonesia,Standard,0.075,0,1722.58
CUST-10633,35,10,267.82,264,68,Organic Search,Australia,Bronze,0.084,0,5819.97
CUST-10634,6,6,124.45,220,64,Google Ads,United Kingdom,Gold,0.202,0,2826.96
CUST-10635,27,7,71.3,173,50,Organic Search,United Kingdom,Silver,0.166,0,1348.47
CUST-10636,35,13,69.79,208,60,Paid Social,United Kingdom,Standard,0.076,0,1690.93
CUST-10637,13,5,117.63,316,33,Organic Search,Germany,Standard,0.115,0,980.67
CUST-10638,15,11,195.59,182,59,Organic Search,United Kingdom,Standard,0.132,0,3950.92
CUST-10639,22,3,21.18,144,56,Organic Search,France,Gold,0.302,0,322.75
CUST-10640,1,3,90.42,211,48,Paid Social,United Kingdom,Standard,0.049,0,482.49
CUST-10641,18,5,162.32,39,57,Paid Social,United Kingdom,Gold,0.189,0,3048.21
CUST-10642,11,15,140.26,46,40,Paid Social,France,Standard,0.163,0,3854.16
CUST-10643,18,18,153.97,57,69,Email Referral,Indonesia,Standard,0.127,0,4975.44
CUST-10644,6,11,78.49,120,33,Google Ads,United States,Gold,0.2,0,3281.28
CUST-10645,100,6,131.91,484,27,Organic Search,United Kingdom,Standard,0.085,0,1438.54
CUST-10646,41,2,216.76,241,53,Organic Search,Indonesia,Bronze,0.036,0,960.86
CUST-10647,52,20,95.62,714,48,Paid Social,Germany,Standard,0.252,0,3387.32
CUST-10648,71,9,128.12,93,61,Paid Social,France,Standard,0.162,0,2097.53
CUST-10649,32,7,39.04,277,49,Organic Search,United Kingdom,Bronze,0.124,0,546.18
CUST-10650,5,11,160.69,87,38,Email Referral,Germany,Platinum,0.16,0,10151.37
CUST-10651,35,4,80.14,54,33,Email Referral,United Kingdom,Bronze,0.068,0,738.84
CUST-10652,40,10,55.44,369,46,Email Referral,Australia,Standard,0.071,0,972.75
CUST-10653,62,9,90.05,108,67,Paid Social,Germany,Silver,0.084,0,2156.32
CUST-10654,26,20,165.4,84,65,Paid Social,United States,Standard,0.073,0,5964.59
CUST-10655,7,5,81.37,96,62,Google Ads,France,Bronze,0.315,0,946.12
CUST-10656,16,6,62.45,310,33,Organic Search,United Kingdom,Bronze,0.227,0,929.6
CUST-10657,21,4,180.36,212,32,Paid Social,Germany,Standard,0.108,0,1355.71
CUST-10658,47,2,70.02,117,25,Organic Search,Germany,Silver,0.236,1,150.99
CUST-10659,39,16,347.19,87,32,Email Referral,France,Standard,0.319,0,9997.88
CUST-10660,20,15,211.96,55,38,Google Ads,United Kingdom,Bronze,0.156,0,6995.48
CUST-10661,194,8,268.55,238,38,Organic Search,Indonesia,Gold,0.13,0,8130.88
CUST-10662,42,9,134.64,421,24,Email Referral,France,Standard,0.225,0,2179.39
CUST-10663,13,4,79.4,488,69,Google Ads,United Kingdom,Standard,0.108,0,590.81
CUST-10664,5,7,220.23,639,36,Paid Social,France,Bronze,0.125,0,3343.1
CUST-10665,8,8,59.02,347,39,Paid Social,Indonesia,Silver,0.006,0,1209.14
CUST-10666,13,21,35.69,421,63,Direct,France,Standard,0.188,0,1314.22
CUST-10667,8,1,154.23,327,55,Organic Search,United Kingdom,Standard,0.388,0,296.64
CUST-10668,10,14,51.55,595,30,Organic Search,Germany,Silver,0.186,0,1909.12
CUST-10669,16,12,117.31,367,43,Google Ads,United Kingdom,Standard,0.051,0,2566.28
CUST-10670,9,5,113.26,135,61,Organic Search,France,Bronze,0.036,0,1225.01
CUST-10671,103,1,191.62,188,39,Google Ads,Germany,Standard,0.149,1,133.07
CUST-10672,4,13,56.75,176,24,Paid Social,United Kingdom,Standard,0.169,0,1321.76
CUST-10673,34,10,46.37,217,69,Google Ads,United Kingdom,Bronze,0.163,0,1025.68
CUST-10674,24,3,108.17,192,52,Email Referral,United Kingdom,Bronze,0.017,0,610.35
CUST-10675,182,1,17.8,417,20,Paid Social,United Kingdom,Standard,0.015,1,0.0
CUST-10676,6,5,147.85,237,52,Paid Social,United Kingdom,Standard,0.006,0,1290.48
CUST-10677,23,8,140.33,54,64,Organic Search,United States,Standard,0.03,0,2036.3
CUST-10678,158,7,141.76,233,33,Organic Search,France,Standard,0.226,1,407.48
CUST-10679,91,17,106.93,503,62,Email Referral,France,Standard,0.162,0,3308.46
CUST-10680,77,3,306.81,252,33,Google Ads,United Kingdom,Standard,0.077,1,433.53
CUST-10681,14,8,156.78,100,19,Email Referral,United Kingdom,Gold,0.202,0,4718.09
CUST-10682,9,9,180.43,366,55,Direct,United Kingdom,Silver,0.134,0,4395.64
CUST-10683,50,8,85.83,116,34,Google Ads,United States,Gold,0.142,0,2573.3
CUST-10684,120,10,109.29,229,55,Google Ads,France,Standard,0.014,0,1982.98
CUST-10685,37,5,72.19,110,41,Google Ads,Germany,Bronze,0.106,0,754.13
CUST-10686,39,16,131.99,423,39,Organic Search,United Kingdom,Standard,0.485,0,3821.14
CUST-10687,15,16,73.0,264,67,Email Referral,United Kingdom,Standard,0.151,0,2170.43
CUST-10688,67,7,183.22,192,40,Google Ads,United States,Bronze,0.331,0,2708.49
CUST-10689,10,8,120.69,509,61,Organic Search,United Kingdom,Bronze,0.48,0,2050.81
CUST-10690,18,15,12.48,505,36,Direct,United Kingdom,Standard,0.175,0,304.31
CUST-10691,25,11,68.77,263,61,Organic Search,United Kingdom,Standard,0.336,0,1377.2
CUST-10692,32,12,254.87,447,39,Paid Social,Germany,Standard,0.083,0,5547.07
CUST-10693,13,3,264.42,256,34,Organic Search,Australia,Standard,0.074,0,1340.89
CUST-10694,6,4,167.93,199,19,Paid Social,United Kingdom,Bronze,0.344,0,1441.74
CUST-10695,43,17,109.04,156,31,Paid Social,Germany,Standard,0.095,0,3338.04
CUST-10696,16,6,236.52,88,45,Email Referral,France,Bronze,0.111,0,3109.39
CUST-10697,40,19,113.83,66,30,Google Ads,United States,Bronze,0.134,0,4626.79
CUST-10698,8,5,230.01,313,55,Google Ads,France,Standard,0.044,0,2106.58
CUST-10699,30,5,131.44,68,34,Email Referral,United States,Standard,0.163,0,1197.61
CUST-10700,35,4,102.93,145,26,Organic Search,Germany,Standard,0.153,1,273.98
CUST-10701,3,3,182.68,66,57,Paid Social,Germany,Standard,0.1,0,1096.17
CUST-10702,19,22,63.31,143,31,Google Ads,France,Silver,0.152,0,3800.41
CUST-10703,7,13,73.06,90,19,Email Referral,Indonesia,Standard,0.049,0,1696.58
CUST-10704,3,6,48.91,336,59,Email Referral,Germany,Gold,0.121,0,1133.81
CUST-10705,208,6,157.66,911,38,Organic Search,France,Standard,0.165,1,454.76
CUST-10706,18,20,117.94,544,52,Paid Social,United Kingdom,Silver,0.359,0,6395.1
CUST-10707,75,13,465.11,265,47,Direct,Germany,Gold,0.236,0,22876.52
CUST-10708,14,13,160.8,726,34,Google Ads,France,Gold,0.122,0,7928.42
CUST-10709,52,6,101.06,159,56,Organic Search,United States,Bronze,0.032,0,1362.22
CUST-10710,65,3,112.9,213,42,Paid Social,Germany,Standard,0.104,0,719.56
CUST-10711,41,9,140.11,109,61,Paid Social,United Kingdom,Bronze,0.266,0,2633.27
CUST-10712,29,4,86.05,454,56,Paid Social,Germany,Standard,0.167,0,684.55
CUST-10713,24,8,22.38,74,52,Paid Social,United Kingdom,Silver,0.285,0,490.49
CUST-10714,20,3,49.27,204,23,Email Referral,United Kingdom,Silver,0.242,0,359.59
CUST-10715,120,12,92.86,424,20,Direct,United States,Silver,0.036,0,2941.12
CUST-10716,80,15,40.23,257,53,Google Ads,United Kingdom,Standard,0.055,0,1101.49
CUST-10717,151,13,122.7,180,65,Google Ads,France,Bronze,0.052,1,863.15
CUST-10718,6,9,210.53,191,64,Email Referral,Australia,Standard,0.191,0,3356.65
CUST-10719,60,9,73.44,337,18,Organic Search,United Kingdom,Bronze,0.086,0,1426.14
CUST-10720,126,5,94.55,178,51,Paid Social,United Kingdom,Bronze,0.333,1,307.13
CUST-10721,9,9,112.11,264,18,Paid Social,United States,Bronze,0.184,0,2256.99
CUST-10722,4,14,102.29,398,43,Google Ads,United Kingdom,Silver,0.113,0,3872.93
CUST-10723,61,8,123.48,850,35,Direct,United States,Silver,0.172,0,2673.39
CUST-10724,39,6,29.25,148,53,Paid Social,United Kingdom,Bronze,0.036,0,410.22
CUST-10725,83,6,222.48,102,23,Paid Social,Indonesia,Standard,0.036,0,2461.04
CUST-10726,7,8,107.06,119,28,Paid Social,United Kingdom,Standard,0.393,0,1550.84
CUST-10727,72,20,69.0,281,61,Email Referral,Indonesia,Standard,0.066,0,2501.51
CUST-10728,11,23,144.48,425,57,Organic Search,Indonesia,Standard,0.159,0,5961.51
CUST-10729,9,12,204.65,524,47,Direct,Germany,Bronze,0.546,0,5296.64
CUST-10730,9,9,61.8,456,31,Paid Social,United States,Bronze,0.189,0,1169.59
CUST-10731,76,3,147.86,284,27,Direct,United Kingdom,Platinum,0.078,1,587.02
CUST-10732,50,3,242.48,271,48,Organic Search,United Kingdom,Bronze,0.184,1,332.57
CUST-10733,34,10,243.49,49,53,Organic Search,United Kingdom,Platinum,0.227,0,13981.92
CUST-10734,21,20,185.49,117,32,Paid Social,Germany,Standard,0.091,0,6631.09
CUST-10735,95,11,87.07,537,47,Google Ads,Indonesia,Bronze,0.387,0,2083.72
CUST-10736,23,11,63.87,248,65,Paid Social,Germany,Platinum,0.099,0,4069.2
CUST-10737,77,5,72.98,205,31,Google Ads,France,Bronze,0.041,0,767.15
CUST-10738,27,8,240.48,61,64,Paid Social,France,Bronze,0.12,0,4113.54
CUST-10739,22,17,167.44,87,40,Google Ads,Indonesia,Bronze,0.021,0,6255.99
CUST-10740,28,9,188.77,188,34,Organic Search,United States,Silver,0.258,0,4565.06
CUST-10741,17,22,118.28,442,44,Paid Social,Australia,Gold,0.233,0,9806.5
CUST-10742,62,8,31.72,95,61,Organic Search,United Kingdom,Bronze,0.02,0,469.47
CUST-10743,32,14,146.72,77,30,Organic Search,United Kingdom,Silver,0.203,0,5571.87
CUST-10744,12,8,68.82,218,31,Paid Social,Indonesia,Gold,0.154,0,2172.07
CUST-10745,104,4,213.73,181,43,Paid Social,United States,Standard,0.064,1,375.38
CUST-10746,22,7,73.39,70,60,Google Ads,United Kingdom,Bronze,0.334,1,260.07
CUST-10747,36,3,137.38,86,28,Email Referral,Australia,Platinum,0.041,0,2387.76
CUST-10748,107,10,170.51,244,55,Paid Social,Indonesia,Standard,0.036,0,3084.56
CUST-10749,45,17,471.65,217,18,Direct,United Kingdom,Bronze,0.08,0,17194.21
CUST-10750,6,9,115.97,443,41,Direct,United States,Bronze,0.1,0,2286.83
CUST-10751,127,1,118.93,277,37,Direct,United States,Standard,0.098,1,147.27
CUST-10752,45,10,214.74,271,25,Email Referral,United Kingdom,Silver,0.318,0,5800.78
CUST-10753,19,5,108.0,69,25,Paid Social,France,Standard,0.268,0,966.57
CUST-10754,7,19,95.14,246,47,Paid Social,Australia,Bronze,0.16,0,3944.28
CUST-10755,72,13,80.89,275,35,Organic Search,France,Bronze,0.164,0,2305.19
CUST-10756,44,7,127.31,102,30,Email Referral,United States,Standard,0.055,0,1612.76
CUST-10757,35,18,88.66,249,63,Email Referral,United Kingdom,Standard,0.02,0,2911.24
CUST-10758,101,17,250.42,158,64,Email Referral,France,Bronze,0.47,0,9236.45
CUST-10759,70,9,184.87,247,53,Email Referral,United Kingdom,Standard,0.053,0,2936.24
CUST-10760,8,10,133.34,221,36,Organic Search,United Kingdom,Standard,0.195,0,2342.69
CUST-10761,17,17,126.27,244,30,Email Referral,Germany,Standard,0.103,0,3799.29
CUST-10762,13,11,77.95,459,58,Paid Social,United States,Silver,0.05,0,2239.44
CUST-10763,62,5,117.74,608,65,Paid Social,Germany,Standard,0.063,0,1100.19
CUST-10764,2,9,111.05,316,43,Paid Social,Indonesia,Standard,0.044,0,1839.65
CUST-10765,38,2,312.31,432,26,Organic Search,France,Silver,0.247,1,444.01
CUST-10766,65,16,107.2,83,51,Google Ads,United Kingdom,Standard,0.22,0,3170.46
CUST-10767,95,9,160.62,191,48,Organic Search,Indonesia,Bronze,0.428,1,765.2
CUST-10768,19,37,165.68,41,59,Email Referral,United Kingdom,Silver,0.191,0,16516.93
CUST-10769,78,35,67.48,138,24,Google Ads,United States,Standard,0.094,0,4257.37
CUST-10770,6,13,105.87,107,26,Organic Search,United Kingdom,Standard,0.507,0,2534.46
CUST-10771,85,7,182.34,463,57,Paid Social,Australia,Standard,0.063,0,2267.94
CUST-10772,7,4,62.51,151,43,Paid Social,United Kingdom,Platinum,0.109,0,1537.33
CUST-10773,23,5,352.55,226,69,Organic Search,Germany,Silver,0.22,0,4755.84
CUST-10774,72,6,131.62,168,68,Paid Social,Germany,Standard,0.079,1,381.02
CUST-10775,8,15,87.96,189,50,Paid Social,United Kingdom,Standard,0.257,0,2383.05
CUST-10776,12,15,54.77,331,50,Organic Search,Germany,Bronze,0.105,0,1754.7
CUST-10777,58,13,275.67,137,69,Paid Social,United Kingdom,Bronze,0.022,0,7786.33
CUST-10778,58,14,109.9,557,57,Organic Search,United States,Standard,0.11,0,2595.73
CUST-10779,47,14,158.91,105,21,Google Ads,Australia,Standard,0.382,0,3987.6
CUST-10780,54,5,60.12,522,45,Email Referral,United States,Silver,0.022,0,851.38
CUST-10781,36,20,80.45,56,21,Organic Search,Germany,Gold,0.084,0,6009.43
CUST-10782,14,15,207.69,169,64,Google Ads,United Kingdom,Standard,0.052,0,5572.59
CUST-10783,20,13,271.57,793,51,Paid Social,United Kingdom,Standard,0.262,0,6330.08
CUST-10784,10,8,71.65,194,66,Organic Search,Germany,Standard,0.224,0,1015.26
CUST-10785,108,13,156.44,268,57,Organic Search,France,Standard,0.042,0,3630.58
CUST-10786,40,7,155.02,261,65,Email Referral,United States,Standard,0.168,0,1902.32
CUST-10787,24,19,207.65,100,23,Organic Search,Germany,Standard,0.091,0,7098.08
CUST-10788,28,10,163.58,52,50,Organic Search,Australia,Bronze,0.098,0,3573.61
CUST-10789,133,15,179.46,200,22,Email Referral,Germany,Standard,0.126,0,4864.54
CUST-10790,8,12,30.88,57,36,Direct,France,Standard,0.087,0,718.35
CUST-10791,40,22,152.34,517,35,Paid Social,United Kingdom,Bronze,0.305,0,7229.17
CUST-10792,32,16,53.58,391,20,Paid Social,United Kingdom,Bronze,0.061,0,1914.68
CUST-10793,43,2,145.0,126,51,Direct,France,Silver,0.099,1,131.96
CUST-10794,1,17,223.9,341,19,Organic Search,France,Standard,0.24,0,6916.9
CUST-10795,93,6,139.0,150,18,Organic Search,United Kingdom,Standard,0.312,1,429.91
CUST-10796,122,10,181.74,177,52,Direct,United Kingdom,Standard,0.191,1,738.95
CUST-10797,38,10,202.75,315,68,Email Referral,United Kingdom,Silver,0.222,0,5497.66
CUST-10798,54,12,192.68,140,21,Organic Search,United Kingdom,Standard,0.009,0,4155.58
CUST-10799,116,6,144.72,143,52,Email Referral,Germany,Standard,0.164,0,1557.67
CUST-10800,56,7,151.37,300,25,Google Ads,United Kingdom,Standard,0.239,0,1910.56
CUST-10801,8,4,219.3,844,61,Organic Search,United Kingdom,Platinum,0.276,0,5021.71
CUST-10802,39,21,385.44,204,46,Paid Social,Germany,Platinum,0.24,0,46669.76
CUST-10803,42,3,76.61,112,53,Organic Search,Germany,Bronze,0.163,0,496.64
CUST-10804,25,17,94.22,123,31,Email Referral,Germany,Standard,0.274,0,2826.9
CUST-10805,61,25,194.36,264,59,Email Referral,Germany,Silver,0.084,0,13117.42
CUST-10806,123,11,319.61,355,66,Organic Search,Germany,Bronze,0.03,1,1874.77
CUST-10807,117,11,47.45,523,47,Email Referral,United States,Silver,0.103,0,1440.06
CUST-10808,27,2,53.88,473,67,Email Referral,Germany,Gold,0.019,0,341.57
CUST-10809,6,22,129.04,376,24,Organic Search,Germany,Standard,0.042,0,5210.12
CUST-10810,189,15,72.83,392,30,Email Referral,Australia,Gold,0.046,1,1038.39
CUST-10811,83,20,140.31,205,39,Email Referral,United Kingdom,Gold,0.104,0,10545.62
CUST-10812,6,5,193.41,225,62,Paid Social,France,Bronze,0.064,0,2078.73
CUST-10813,115,9,122.13,327,19,Direct,Germany,Bronze,0.047,0,2350.08
CUST-10814,92,11,94.62,151,25,Paid Social,United States,Standard,0.022,0,1833.72
CUST-10815,33,7,188.62,175,38,Organic Search,Germany,Bronze,0.099,0,2873.19
CUST-10816,41,1,45.23,98,37,Email Referral,United Kingdom,Bronze,0.161,1,135.95
CUST-10817,23,11,82.31,450,28,Email Referral,United Kingdom,Standard,0.267,0,1723.21
CUST-10818,3,6,146.54,88,51,Direct,Indonesia,Standard,0.278,0,1592.7
CUST-10819,19,17,158.36,328,61,Organic Search,France,Bronze,0.316,0,5775.95
CUST-10820,74,15,176.81,174,22,Paid Social,United Kingdom,Platinum,0.013,0,15290.38
CUST-10821,1,6,87.25,275,65,Paid Social,France,Standard,0.05,0,979.2
CUST-10822,19,12,48.29,78,47,Google Ads,United Kingdom,Standard,0.074,0,1053.25
CUST-10823,23,6,74.11,297,50,Paid Social,United Kingdom,Silver,0.157,0,1237.84
CUST-10824,35,12,66.1,85,29,Google Ads,Germany,Standard,0.058,0,1449.95
CUST-10825,114,7,65.84,250,22,Organic Search,Germany,Platinum,0.496,1,677.9
CUST-10826,20,8,35.47,56,18,Paid Social,United States,Bronze,0.028,0,552.11
CUST-10827,20,3,61.31,170,52,Organic Search,France,Gold,0.145,0,688.74
CUST-10828,61,1,212.05,385,42,Direct,Australia,Silver,0.073,1,238.68
CUST-10829,28,32,82.19,296,21,Organic Search,Indonesia,Silver,0.154,0,7125.7
CUST-10830,12,9,166.59,36,26,Paid Social,United Kingdom,Standard,0.126,0,2757.18
CUST-10831,28,9,35.93,164,66,Organic Search,United States,Standard,0.367,0,682.63
CUST-10832,7,7,100.55,366,61,Direct,Indonesia,Standard,0.056,0,1207.97
CUST-10833,9,10,99.77,213,68,Email Referral,Australia,Gold,0.021,0,3901.26
CUST-10834,32,9,190.56,57,20,Direct,United Kingdom,Bronze,0.093,0,3753.14
CUST-10835,25,20,123.78,110,47,Organic Search,Indonesia,Standard,0.063,0,4514.18
CUST-10836,111,16,88.26,272,37,Organic Search,United Kingdom,Standard,0.06,0,2508.38
CUST-10837,21,12,162.09,70,27,Paid Social,Germany,Standard,0.428,0,3537.35
CUST-10838,40,6,129.7,261,37,Email Referral,Germany,Silver,0.024,1,485.22
CUST-10839,46,21,80.31,242,57,Paid Social,Indonesia,Standard,0.152,0,3043.2
CUST-10840,1,15,161.22,56,20,Email Referral,Germany,Standard,0.144,0,4369.78
CUST-10841,50,4,189.8,208,28,Organic Search,Germany,Bronze,0.253,1,398.03
CUST-10842,9,22,212.14,324,32,Email Referral,France,Standard,0.051,0,8458.27
CUST-10843,147,17,106.64,246,69,Paid Social,United Kingdom,Standard,0.156,0,3237.19
CUST-10844,8,17,150.29,74,45,Paid Social,Germany,Standard,0.048,0,4498.27
CUST-10845,25,29,152.7,257,61,Email Referral,Germany,Gold,0.175,0,16726.79
CUST-10846,5,9,44.33,33,52,Organic Search,Germany,Standard,0.11,0,780.82
CUST-10847,260,1,180.75,596,24,Direct,United Kingdom,Bronze,0.146,1,220.4
CUST-10848,32,5,153.76,564,50,Google Ads,United Kingdom,Bronze,0.551,0,1726.39
CUST-10849,41,15,79.09,658,59,Paid Social,United Kingdom,Bronze,0.38,0,2615.86
CUST-10850,4,20,154.41,120,66,Paid Social,Indonesia,Standard,0.165,0,5539.83
CUST-10851,63,10,50.56,253,55,Organic Search,United Kingdom,Standard,0.136,0,1025.25
CUST-10852,11,9,176.33,376,36,Paid Social,Germany,Standard,0.127,0,2890.76
CUST-10853,103,13,132.13,163,61,Paid Social,United Kingdom,Standard,0.177,0,3128.01
CUST-10854,11,15,87.53,31,46,Paid Social,France,Bronze,0.144,0,2867.38
CUST-10855,10,11,54.42,112,19,Google Ads,United Kingdom,Standard,0.169,0,1019.6
CUST-10856,2,8,77.76,405,61,Organic Search,United Kingdom,Standard,0.056,0,1138.94
CUST-10857,29,17,50.22,170,36,Organic Search,United Kingdom,Standard,0.103,0,1464.0
CUST-10858,38,4,168.7,188,26,Paid Social,France,Bronze,0.087,0,1498.92
CUST-10859,4,8,162.07,230,23,Email Referral,Indonesia,Gold,0.392,0,4917.81
CUST-10860,68,10,194.81,236,34,Organic Search,United Kingdom,Standard,0.274,0,3474.98
CUST-10861,28,15,56.46,53,19,Paid Social,United States,Standard,0.046,0,1580.73
CUST-10862,34,14,53.16,197,56,Organic Search,United Kingdom,Standard,0.007,0,1321.71
CUST-10863,27,9,50.03,229,23,Google Ads,United Kingdom,Standard,0.137,0,793.77
CUST-10864,24,11,65.84,223,31,Paid Social,United Kingdom,Standard,0.089,0,1330.33
CUST-10865,37,10,209.03,286,66,Google Ads,Indonesia,Standard,0.022,0,3761.75
CUST-10866,8,6,221.13,155,43,Paid Social,France,Gold,0.186,0,5026.9
CUST-10867,10,5,115.72,439,35,Google Ads,United Kingdom,Silver,0.042,0,1613.84
CUST-10868,90,10,384.36,217,23,Email Referral,United Kingdom,Platinum,0.067,0,22102.22
CUST-10869,132,5,73.85,278,29,Google Ads,France,Standard,0.405,1,125.01
CUST-10870,22,19,101.69,309,55,Google Ads,United Kingdom,Gold,0.385,0,7291.74
CUST-10871,15,13,469.53,352,39,Paid Social,United Kingdom,Silver,0.199,0,16477.36
CUST-10872,47,17,110.64,250,31,Paid Social,United States,Gold,0.028,0,7141.83
CUST-10873,24,3,205.71,63,30,Google Ads,United Kingdom,Standard,0.29,0,1207.92
CUST-10874,2,12,176.89,89,26,Paid Social,France,Bronze,0.01,0,4582.85
CUST-10875,8,11,81.92,26,67,Organic Search,United Kingdom,Bronze,0.384,0,1948.23
CUST-10876,57,9,441.82,135,59,Google Ads,United Kingdom,Bronze,0.142,0,8556.41
CUST-10877,49,6,181.58,216,49,Paid Social,Indonesia,Bronze,0.294,0,2314.63
CUST-10878,2,8,133.31,311,27,Organic Search,Indonesia,Silver,0.186,0,2913.36
CUST-10879,12,2,58.33,185,44,Email Referral,France,Platinum,0.043,0,673.91
CUST-10880,12,13,120.51,34,31,Google Ads,Germany,Silver,0.199,0,4292.25
CUST-10881,51,3,216.66,119,26,Google Ads,Germany,Gold,0.223,0,2513.83
CUST-10882,1,8,117.63,171,26,Email Referral,Germany,Bronze,0.047,0,2076.12
CUST-10883,5,17,135.96,242,43,Organic Search,United States,Bronze,0.015,0,4919.4
CUST-10884,73,5,168.31,450,49,Email Referral,United States,Standard,0.016,0,1548.96
CUST-10885,9,3,47.96,641,58,Email Referral,United States,Standard,0.033,0,212.25
CUST-10886,48,8,59.77,463,52,Organic Search,Germany,Gold,0.083,0,1713.25
CUST-10887,13,8,184.71,141,43,Direct,United States,Gold,0.102,0,5596.68
CUST-10888,5,4,104.94,267,58,Organic Search,United Kingdom,Bronze,0.307,0,974.58
CUST-10889,13,15,128.5,77,62,Paid Social,United Kingdom,Silver,0.103,0,5239.84
CUST-10890,58,11,137.88,84,59,Organic Search,France,Standard,0.303,0,2685.94
CUST-10891,88,10,109.01,113,20,Direct,United Kingdom,Standard,0.148,0,2102.0
CUST-10892,80,9,339.2,144,47,Organic Search,Germany,Silver,0.138,0,8283.39
CUST-10893,23,4,242.49,44,46,Paid Social,France,Standard,0.205,0,1703.84
CUST-10894,50,7,83.71,406,37,Google Ads,Germany,Standard,0.2,0,952.46
CUST-10895,11,9,102.91,147,21,Organic Search,United Kingdom,Standard,0.376,0,1656.91
CUST-10896,16,7,213.09,330,31,Organic Search,Indonesia,Standard,0.095,0,2586.74
CUST-10897,102,5,208.23,623,62,Organic Search,United Kingdom,Standard,0.005,1,417.03
CUST-10898,1,8,69.82,934,69,Paid Social,Indonesia,Standard,0.2,0,920.46
CUST-10899,5,15,73.39,518,56,Paid Social,United Kingdom,Gold,0.139,0,4123.53
CUST-10900,11,7,126.22,252,38,Email Referral,France,Gold,0.019,0,3313.1
CUST-10901,2,14,255.72,122,24,Organic Search,Indonesia,Standard,0.415,0,6400.46
CUST-10902,10,15,83.18,189,23,Email Referral,Indonesia,Silver,0.19,0,3483.8
CUST-10903,40,11,193.11,360,57,Direct,Indonesia,Standard,0.23,0,3814.24
CUST-10904,25,12,89.2,450,23,Google Ads,Indonesia,Silver,0.117,0,2956.49
CUST-10905,101,7,132.18,680,42,Email Referral,Germany,Bronze,0.079,1,528.1
CUST-10906,77,7,237.15,328,21,Direct,Germany,Silver,0.383,0,4471.78
CUST-10907,19,17,52.14,173,54,Direct,France,Bronze,0.152,0,1890.67
CUST-10908,14,15,138.84,650,42,Email Referral,Indonesia,Standard,0.304,0,3816.23
CUST-10909,22,11,61.98,610,35,Organic Search,United States,Silver,0.024,0,1789.0
CUST-10910,41,15,357.12,172,51,Direct,United States,Bronze,0.059,0,11539.35
CUST-10911,15,16,110.65,218,42,Google Ads,France,Silver,0.182,0,4747.99
CUST-10912,45,5,223.11,358,39,Organic Search,France,Standard,0.288,1,505.73
CUST-10913,24,10,48.99,141,63,Direct,Indonesia,Bronze,0.072,0,1012.75
CUST-10914,37,8,254.29,370,31,Paid Social,United Kingdom,Standard,0.296,0,3708.61
CUST-10915,26,6,206.46,62,54,Paid Social,United Kingdom,Gold,0.046,0,4736.25
CUST-10916,16,18,278.62,149,28,Paid Social,Australia,Gold,0.247,0,18921.42
CUST-10917,134,16,223.3,267,44,Paid Social,Germany,Standard,0.357,1,1634.13
CUST-10918,65,16,88.46,287,43,Paid Social,Germany,Silver,0.176,0,3779.47
CUST-10919,7,3,38.11,44,69,Email Referral,Indonesia,Standard,0.068,0,214.73
CUST-10920,92,12,123.3,126,52,Paid Social,United States,Gold,0.181,0,5651.39
CUST-10921,31,5,111.41,461,33,Paid Social,United Kingdom,Standard,0.097,0,1007.85
CUST-10922,102,16,140.07,182,69,Email Referral,United Kingdom,Standard,0.097,0,4028.76
CUST-10923,73,18,155.62,159,57,Organic Search,United States,Standard,0.043,0,5156.47
CUST-10924,25,13,271.2,309,37,Direct,United States,Silver,0.043,0,9537.13
CUST-10925,2,15,228.42,113,32,Email Referral,United Kingdom,Standard,0.13,0,6125.18
CUST-10926,15,14,261.02,352,31,Email Referral,United States,Bronze,0.139,0,7847.2
CUST-10927,36,3,111.88,143,63,Paid Social,Germany,Bronze,0.228,0,838.95
CUST-10928,46,6,210.72,318,25,Direct,Germany,Standard,0.135,0,2238.75
CUST-10929,14,8,205.59,163,41,Organic Search,Australia,Bronze,0.172,0,3517.53
CUST-10930,7,7,265.63,516,50,Organic Search,Germany,Standard,0.276,0,3348.28
CUST-10931,82,10,123.15,168,33,Google Ads,United Kingdom,Gold,0.022,0,4691.66
CUST-10932,188,3,335.17,284,44,Email Referral,United Kingdom,Standard,0.239,1,390.45
CUST-10933,34,7,344.73,680,45,Organic Search,United Kingdom,Gold,0.06,0,9107.63
CUST-10934,9,10,66.63,264,61,Email Referral,Australia,Bronze,0.152,0,1372.14
CUST-10935,15,4,135.26,296,31,Paid Social,United Kingdom,Bronze,0.234,0,1161.0
CUST-10936,1,2,183.41,79,26,Paid Social,Germany,Standard,0.112,0,701.35
CUST-10937,111,12,156.5,262,63,Email Referral,France,Standard,0.209,0,3367.84
CUST-10938,6,12,63.98,88,30,Direct,United Kingdom,Bronze,0.164,0,1756.83
CUST-10939,39,6,69.84,108,68,Direct,France,Standard,0.108,0,711.94
CUST-10940,15,10,72.95,167,39,Direct,United Kingdom,Standard,0.227,0,1323.99
CUST-10941,37,15,74.16,844,47,Paid Social,United Kingdom,Standard,0.011,0,2067.69
CUST-10942,48,8,143.91,106,49,Paid Social,Australia,Standard,0.129,0,2122.75
CUST-10943,80,11,363.0,144,33,Email Referral,United Kingdom,Standard,0.254,1,1928.98
CUST-10944,11,6,58.98,76,68,Email Referral,France,Platinum,0.296,0,2054.54
CUST-10945,1,5,119.94,298,42,Paid Social,United States,Bronze,0.051,0,1250.61
CUST-10946,7,19,131.06,150,66,Email Referral,United Kingdom,Silver,0.113,0,6727.57
CUST-10947,104,15,315.41,206,40,Email Referral,United Kingdom,Standard,0.127,0,8474.16
CUST-10948,94,7,199.57,443,54,Direct,United States,Standard,0.164,1,634.67
CUST-10949,41,13,150.38,119,45,Organic Search,France,Bronze,0.525,0,4284.35
CUST-10950,42,8,68.09,146,20,Email Referral,United Kingdom,Silver,0.305,0,1505.58
CUST-10951,50,6,160.75,78,40,Paid Social,France,Bronze,0.157,0,2078.1
CUST-10952,9,8,220.48,46,50,Organic Search,Indonesia,Bronze,0.096,0,3775.55
CUST-10953,111,14,57.8,152,56,Paid Social,United Kingdom,Standard,0.191,0,1472.82
CUST-10954,25,13,149.86,116,42,Organic Search,United Kingdom,Platinum,0.304,0,11248.01
CUST-10955,22,8,177.6,170,42,Paid Social,United Kingdom,Bronze,0.109,0,3006.23
CUST-10956,33,26,194.94,48,56,Organic Search,France,Standard,0.053,0,9072.24
CUST-10957,3,11,180.91,55,38,Direct,Indonesia,Standard,0.23,0,3567.54
CUST-10958,9,11,244.32,58,48,Organic Search,Indonesia,Standard,0.292,0,4770.96
CUST-10959,61,1,55.5,128,66,Google Ads,United Kingdom,Standard,0.142,1,0.0
CUST-10960,4,27,256.82,51,47,Direct,Indonesia,Silver,0.234,0,18670.65
CUST-10961,42,6,50.45,96,56,Paid Social,United States,Standard,0.318,0,563.99
CUST-10962,13,1,186.84,770,62,Organic Search,France,Standard,0.128,0,341.41
CUST-10963,23,6,253.32,200,62,Email Referral,France,Bronze,0.093,0,3260.79
CUST-10964,16,4,94.14,289,59,Organic Search,United States,Bronze,0.173,0,766.56
CUST-10965,20,6,73.51,343,69,Organic Search,Indonesia,Bronze,0.176,0,971.13
CUST-10966,58,12,93.76,271,51,Email Referral,United States,Bronze,0.347,0,2446.08
CUST-10967,16,15,97.2,250,55,Paid Social,United Kingdom,Standard,0.038,0,2686.54
CUST-10968,38,5,109.89,233,24,Email Referral,France,Bronze,0.238,0,1061.25
CUST-10969,30,15,202.01,233,44,Email Referral,United States,Platinum,0.239,0,17366.36
CUST-10970,50,13,124.98,539,30,Google Ads,United Kingdom,Silver,0.173,0,4433.7
CUST-10971,125,3,160.39,176,46,Organic Search,United Kingdom,Standard,0.231,1,240.2
CUST-10972,60,12,90.92,132,40,Organic Search,United States,Bronze,0.221,0,2403.35
CUST-10973,11,19,83.35,43,25,Email Referral,United Kingdom,Standard,0.035,0,2805.96
CUST-10974,2,3,86.05,343,38,Google Ads,United Kingdom,Standard,0.28,0,445.21
CUST-10975,14,21,157.74,136,30,Google Ads,United Kingdom,Silver,0.037,0,8879.98
CUST-10976,41,20,173.87,483,43,Email Referral,United Kingdom,Standard,0.455,0,6142.56
CUST-10977,3,3,217.16,113,60,Email Referral,Indonesia,Gold,0.328,0,2469.57
CUST-10978,31,2,180.55,151,27,Email Referral,United States,Standard,0.159,0,720.76
CUST-10979,41,4,138.34,163,46,Organic Search,United Kingdom,Silver,0.041,0,1485.69
CUST-10980,19,16,113.23,204,44,Email Referral,United Kingdom,Standard,0.048,0,3225.21
CUST-10981,67,20,59.28,343,21,Paid Social,United Kingdom,Bronze,0.04,0,2504.92
CUST-10982,6,21,93.17,98,59,Paid Social,Germany,Standard,0.031,0,3577.52
CUST-10983,4,10,45.73,198,48,Google Ads,United Kingdom,Standard,0.145,0,827.19
CUST-10984,59,7,132.96,115,34,Google Ads,Indonesia,Silver,0.113,0,2519.01
CUST-10985,31,21,81.2,191,25,Organic Search,Indonesia,Gold,0.042,0,6373.46
CUST-10986,53,12,102.02,210,69,Direct,Indonesia,Gold,0.414,0,4581.79
CUST-10987,26,9,148.67,436,54,Organic Search,United States,Standard,0.116,0,2445.2
CUST-10988,13,2,103.04,435,37,Organic Search,France,Silver,0.165,0,530.1
CUST-10989,77,5,82.11,212,64,Direct,France,Silver,0.027,0,1075.91
CUST-10990,73,2,78.01,92,27,Paid Social,Australia,Standard,0.1,0,406.31
CUST-10991,54,15,245.86,404,68,Google Ads,France,Bronze,0.263,0,7969.34
CUST-10992,15,5,137.66,30,67,Organic Search,France,Standard,0.411,0,1230.32
CUST-10993,41,7,171.04,173,61,Google Ads,United States,Standard,0.375,0,2148.32
CUST-10994,21,12,73.26,39,51,Google Ads,United Kingdom,Silver,0.087,0,2339.72
CUST-10995,5,19,59.95,98,56,Paid Social,Australia,Standard,0.119,0,2046.66
CUST-10996,113,2,32.51,310,28,Email Referral,United Kingdom,Standard,0.105,1,126.26
CUST-10997,7,12,94.36,105,64,Direct,France,Standard,0.185,0,2058.83
CUST-10998,136,10,308.24,621,29,Paid Social,United Kingdom,Bronze,0.522,0,6578.22
CUST-10999,27,7,163.93,226,27,Paid Social,Indonesia,Standard,0.336,0,2043.65
CUST-11000,10,25,96.79,212,30,Email Referral,Australia,Standard,0.292,0,4360.76
CUST-11001,36,14,208.69,135,51,Paid Social,Germany,Bronze,0.032,0,6235.47
CUST-11002,93,5,56.38,115,47,Direct,Indonesia,Bronze,0.492,0,585.51
CUST-11003,60,13,228.15,316,32,Organic Search,United Kingdom,Standard,0.087,0,5290.66
CUST-11004,74,11,255.15,315,25,Paid Social,United Kingdom,Platinum,0.159,0,16146.49
CUST-11005,49,11,96.17,199,55,Email Referral,United Kingdom,Silver,0.237,0,2859.75
CUST-11006,54,16,104.38,165,53,Paid Social,United Kingdom,Bronze,0.44,0,3642.31
CUST-11007,86,3,146.85,240,57,Organic Search,France,Silver,0.213,1,239.68
CUST-11008,13,6,58.78,275,69,Paid Social,United States,Standard,0.254,0,630.54
CUST-11009,31,18,124.04,270,39,Google Ads,United Kingdom,Bronze,0.184,0,4806.31
CUST-11010,12,21,361.47,220,22,Paid Social,United Kingdom,Gold,0.201,0,28682.48
CUST-11011,198,20,86.38,634,49,Paid Social,United Kingdom,Standard,0.204,0,3068.71
CUST-11012,130,8,115.03,314,37,Email Referral,United Kingdom,Silver,0.153,0,2482.28
CUST-11013,2,8,118.35,19,40,Email Referral,United Kingdom,Standard,0.026,0,1728.92
CUST-11014,56,11,210.66,244,57,Email Referral,United Kingdom,Bronze,0.072,0,4935.69
CUST-11015,117,3,157.78,302,63,Paid Social,Germany,Standard,0.041,1,299.42
CUST-11016,9,6,204.12,36,66,Organic Search,Indonesia,Bronze,0.258,0,2692.48
CUST-11017,38,6,93.94,153,69,Email Referral,United Kingdom,Bronze,0.071,0,1138.73
CUST-11018,112,9,180.36,316,19,Paid Social,Indonesia,Standard,0.094,1,802.8
CUST-11019,2,4,58.25,236,36,Paid Social,Germany,Bronze,0.231,0,579.01
CUST-11020,54,13,45.77,471,43,Organic Search,France,Bronze,0.176,0,1260.08
CUST-11021,16,10,221.11,362,53,Organic Search,United States,Silver,0.023,0,5980.25
CUST-11022,117,17,72.66,154,31,Google Ads,United Kingdom,Bronze,0.09,0,2672.6
CUST-11023,160,9,36.49,343,24,Paid Social,Australia,Standard,0.055,1,78.91
CUST-11024,130,14,124.62,308,33,Organic Search,United Kingdom,Bronze,0.093,0,3819.86
CUST-11025,29,8,173.22,109,27,Organic Search,Germany,Bronze,0.323,0,2899.2
CUST-11026,90,5,42.65,141,60,Organic Search,United Kingdom,Gold,0.056,1,215.99
CUST-11027,84,4,105.71,139,39,Paid Social,Germany,Standard,0.106,0,839.51
CUST-11028,18,11,167.1,68,43,Email Referral,Germany,Standard,0.329,1,742.71
CUST-11029,80,14,162.8,390,22,Organic Search,Indonesia,Bronze,0.056,0,4908.42
CUST-11030,2,12,35.5,45,29,Paid Social,Germany,Bronze,0.484,0,977.15
CUST-11031,41,5,141.07,111,41,Organic Search,France,Gold,0.133,0,2686.34
CUST-11032,12,3,147.83,71,41,Organic Search,Australia,Standard,0.169,0,839.96
CUST-11033,6,5,125.04,245,32,Google Ads,Germany,Bronze,0.244,1,303.24
CUST-11034,4,10,230.23,50,41,Email Referral,Germany,Standard,0.031,0,4097.1
CUST-11035,54,13,110.78,73,41,Google Ads,Australia,Bronze,0.079,0,3100.72
CUST-11036,19,6,175.83,118,59,Organic Search,United States,Silver,0.053,0,2861.71
CUST-11037,59,8,138.26,139,43,Paid Social,Indonesia,Gold,0.146,0,4210.98
CUST-11038,4,3,155.82,110,51,Paid Social,United Kingdom,Silver,0.109,0,1284.37
CUST-11039,18,19,131.82,285,35,Email Referral,France,Bronze,0.193,0,5458.83
CUST-11040,35,7,120.88,52,60,Paid Social,United Kingdom,Bronze,0.089,0,1833.5
CUST-11041,71,7,250.6,92,54,Email Referral,Indonesia,Bronze,0.164,0,3736.69
CUST-11042,18,17,87.92,86,23,Organic Search,Indonesia,Bronze,0.302,0,3160.67
CUST-11043,45,5,83.76,456,62,Paid Social,United Kingdom,Gold,0.12,0,1620.98
CUST-11044,98,10,241.92,146,42,Google Ads,United Kingdom,Standard,0.339,0,4404.85
CUST-11045,44,14,89.04,1106,34,Paid Social,United Kingdom,Standard,0.079,0,2342.38
CUST-11046,12,12,40.79,321,33,Organic Search,France,Bronze,0.132,0,1178.45
CUST-11047,2,8,122.3,126,46,Paid Social,United Kingdom,Silver,0.147,0,2690.3
CUST-11048,92,1,47.76,355,18,Google Ads,France,Silver,0.115,1,50.57
CUST-11049,1,8,16.74,147,62,Organic Search,United Kingdom,Standard,0.095,0,220.03
CUST-11050,94,2,121.0,259,59,Email Referral,Indonesia,Standard,0.387,1,65.21
CUST-11051,34,7,167.2,205,62,Direct,Germany,Gold,0.163,0,4427.45
CUST-11052,126,6,230.35,329,37,Paid Social,Germany,Standard,0.224,0,2482.53
CUST-11053,73,22,205.42,99,43,Organic Search,United Kingdom,Standard,0.16,0,8229.89
CUST-11054,279,13,55.47,466,38,Email Referral,United Kingdom,Standard,0.176,1,353.8
CUST-11055,20,7,102.29,262,67,Organic Search,Germany,Platinum,0.19,0,4112.84
CUST-11056,66,2,181.65,147,67,Organic Search,United States,Standard,0.09,0,609.85
CUST-11057,24,7,116.21,730,44,Organic Search,Australia,Bronze,0.397,0,1783.8
CUST-11058,30,4,80.63,73,53,Organic Search,United Kingdom,Silver,0.138,0,877.7
CUST-11059,45,13,33.26,494,52,Google Ads,United States,Bronze,0.02,0,911.37
CUST-11060,94,10,127.99,312,33,Email Referral,United Kingdom,Standard,0.016,0,2269.5
CUST-11061,187,2,54.61,398,46,Paid Social,United States,Standard,0.043,1,76.61
CUST-11062,66,20,154.2,456,24,Google Ads,United Kingdom,Silver,0.272,0,8306.44
CUST-11063,25,7,89.38,360,24,Email Referral,United Kingdom,Bronze,0.131,0,1335.26
CUST-11064,25,22,93.18,116,51,Paid Social,France,Standard,0.157,0,3665.7
CUST-11065,61,5,183.6,295,65,Organic Search,Indonesia,Standard,0.329,0,1794.12
CUST-11066,13,8,86.16,37,22,Email Referral,United Kingdom,Standard,0.084,0,1248.6
CUST-11067,6,2,76.35,133,25,Paid Social,United Kingdom,Standard,0.079,0,233.7
CUST-11068,20,12,143.53,534,25,Paid Social,Indonesia,Bronze,0.249,0,3591.65
CUST-11069,16,10,87.67,88,60,Organic Search,France,Standard,0.251,0,1496.03
CUST-11070,16,10,112.86,40,46,Organic Search,United States,Silver,0.01,0,3032.57
CUST-11071,12,6,277.61,184,69,Email Referral,United Kingdom,Bronze,0.081,0,3682.58
CUST-11072,2,9,133.9,95,27,Organic Search,Indonesia,Bronze,0.054,0,2717.36
CUST-11073,1,10,114.27,101,18,Paid Social,Germany,Standard,0.129,0,2044.95
CUST-11074,198,13,207.37,370,55,Organic Search,Indonesia,Standard,0.018,1,1231.32
CUST-11075,26,10,29.14,215,45,Email Referral,United Kingdom,Silver,0.11,0,778.51
CUST-11076,22,14,220.96,140,24,Paid Social,Indonesia,Standard,0.084,0,5590.96
CUST-11077,52,2,28.22,194,34,Email Referral,France,Bronze,0.094,0,109.89
CUST-11078,12,10,271.27,926,65,Organic Search,Germany,Bronze,0.079,0,5831.57
CUST-11079,135,13,50.55,717,63,Organic Search,United Kingdom,Standard,0.051,0,1150.03
CUST-11080,70,9,128.78,306,41,Organic Search,France,Standard,0.021,0,2121.74
CUST-11081,5,17,48.85,51,52,Email Referral,Germany,Standard,0.432,0,1559.95
CUST-11082,25,7,195.28,120,26,Organic Search,France,Silver,0.234,0,3668.33
CUST-11083,96,15,217.46,497,59,Email Referral,France,Standard,0.02,0,5907.79
CUST-11084,131,4,210.2,245,20,Organic Search,Germany,Silver,0.086,1,575.37
CUST-11085,29,7,79.45,603,61,Direct,United Kingdom,Bronze,0.018,0,1182.16
CUST-11086,43,9,157.11,178,21,Paid Social,Indonesia,Standard,0.121,0,2579.09
CUST-11087,9,3,273.1,380,49,Organic Search,Indonesia,Silver,0.166,0,2279.51
CUST-11088,213,4,112.52,234,61,Organic Search,United Kingdom,Gold,0.025,1,384.12
CUST-11089,12,5,114.24,129,30,Paid Social,France,Standard,0.353,0,1012.03
CUST-11090,129,17,166.92,360,41,Google Ads,United Kingdom,Standard,0.313,0,5181.09
CUST-11091,48,5,79.31,421,24,Organic Search,Indonesia,Silver,0.136,0,1068.56
CUST-11092,43,14,60.09,227,36,Google Ads,United Kingdom,Platinum,0.253,1,1171.68
CUST-11093,33,2,37.38,82,44,Paid Social,Australia,Gold,0.189,0,291.09
CUST-11094,12,3,171.72,417,67,Google Ads,France,Standard,0.443,0,927.72
CUST-11095,9,9,95.18,177,44,Google Ads,United Kingdom,Bronze,0.053,0,1903.08
CUST-11096,12,7,151.47,47,35,Direct,Indonesia,Bronze,0.269,0,2288.04
CUST-11097,10,9,110.54,137,47,Organic Search,France,Bronze,0.164,0,2148.39
CUST-11098,69,8,218.15,300,45,Google Ads,France,Bronze,0.085,0,3767.04
CUST-11099,20,13,242.73,142,46,Organic Search,United Kingdom,Standard,0.1,0,5688.26
CUST-11100,3,11,130.94,386,26,Paid Social,United Kingdom,Bronze,0.111,0,3186.96
CUST-11101,157,5,274.37,271,56,Email Referral,Indonesia,Silver,0.004,1,962.24
CUST-11102,97,9,78.84,269,56,Paid Social,France,Bronze,0.026,0,1480.53
CUST-11103,119,2,74.27,176,38,Email Referral,United Kingdom,Bronze,0.165,1,94.29
CUST-11104,238,21,136.47,382,62,Direct,United Kingdom,Standard,0.132,1,1306.93
CUST-11105,9,3,157.89,69,55,Google Ads,Germany,Bronze,0.119,0,1041.96
CUST-11106,23,6,239.99,83,24,Paid Social,United Kingdom,Standard,0.145,0,2517.9
CUST-11107,64,6,120.32,138,62,Email Referral,United Kingdom,Standard,0.157,0,1306.77
CUST-11108,54,7,145.08,77,42,Organic Search,United Kingdom,Silver,0.249,0,2713.62
CUST-11109,8,4,483.15,55,43,Paid Social,France,Bronze,0.255,0,4099.55
CUST-11110,77,6,69.12,191,69,Email Referral,United Kingdom,Bronze,0.204,1,284.41
CUST-11111,12,6,105.55,52,23,Email Referral,United Kingdom,Gold,0.03,0,2379.76
CUST-11112,12,12,161.93,52,66,Direct,United Kingdom,Standard,0.032,0,3484.32
CUST-11113,35,5,312.61,669,37,Organic Search,France,Standard,0.075,1,747.48
CUST-11114,41,13,95.22,156,35,Direct,United States,Standard,0.356,0,2279.35
CUST-11115,40,1,46.43,148,37,Email Referral,United States,Bronze,0.347,1,12.63
CUST-11116,5,33,274.43,76,57,Organic Search,France,Bronze,0.232,0,19562.84
CUST-11117,95,15,89.4,239,35,Paid Social,United States,Silver,0.069,0,3570.19
CUST-11118,14,9,73.97,192,64,Paid Social,Germany,Standard,0.108,0,1151.19
CUST-11119,7,12,97.59,119,18,Paid Social,Germany,Standard,0.074,0,2172.83
CUST-11120,99,5,78.26,204,50,Organic Search,United Kingdom,Bronze,0.205,1,213.58
CUST-11121,141,18,158.08,372,56,Email Referral,United Kingdom,Standard,0.015,0,5170.29
CUST-11122,90,20,193.76,643,65,Organic Search,United Kingdom,Silver,0.022,0,10454.78
CUST-11123,75,11,124.98,468,40,Direct,France,Standard,0.438,1,639.66
CUST-11124,48,3,110.68,85,69,Google Ads,Indonesia,Bronze,0.057,0,630.02
CUST-11125,37,7,213.61,242,31,Paid Social,United Kingdom,Standard,0.307,0,2734.52
CUST-11126,5,10,80.03,21,45,Organic Search,France,Standard,0.225,0,1439.09
CUST-11127,24,10,78.82,219,38,Email Referral,Germany,Standard,0.127,0,1395.26
CUST-11128,21,7,126.84,148,61,Email Referral,France,Standard,0.236,0,1629.61
CUST-11129,14,25,53.8,150,54,Google Ads,United Kingdom,Silver,0.029,0,3681.19
CUST-11130,58,7,48.37,232,24,Organic Search,United Kingdom,Standard,0.171,0,589.17
CUST-11131,31,3,93.07,290,29,Email Referral,United Kingdom,Gold,0.171,0,995.61
CUST-11132,4,8,105.48,254,68,Email Referral,Indonesia,Silver,0.165,0,2361.65
CUST-11133,12,10,220.99,35,54,Organic Search,United Kingdom,Standard,0.239,0,3967.04
CUST-11134,52,6,115.0,307,56,Organic Search,Germany,Standard,0.244,0,1146.05
CUST-11135,4,8,94.22,337,45,Email Referral,Indonesia,Standard,0.095,0,1335.67
CUST-11136,86,19,60.89,113,24,Paid Social,France,Standard,0.176,0,2104.92
CUST-11137,31,3,203.15,116,62,Direct,Germany,Bronze,0.008,0,1312.32
CUST-11138,30,6,88.18,327,69,Google Ads,United Kingdom,Standard,0.234,0,945.89
CUST-11139,41,24,74.81,178,34,Email Referral,France,Bronze,0.248,0,3860.56
CUST-11140,79,16,116.04,307,54,Email Referral,Germany,Bronze,0.198,0,3989.29
CUST-11141,20,2,211.17,160,31,Organic Search,France,Bronze,0.237,0,848.36
CUST-11142,51,5,153.45,754,60,Google Ads,France,Bronze,0.083,0,1592.38
CUST-11143,38,5,162.96,548,69,Paid Social,Germany,Silver,0.157,0,2218.16
CUST-11144,14,11,85.27,88,68,Paid Social,Australia,Bronze,0.183,0,2087.54
CUST-11145,95,11,178.89,197,21,Google Ads,United States,Gold,0.21,0,7424.45
CUST-11146,72,13,188.0,188,39,Organic Search,France,Silver,0.371,0,6668.09
CUST-11147,49,13,162.72,83,66,Paid Social,Germany,Standard,0.392,0,3862.59
CUST-11148,86,2,197.67,194,34,Email Referral,France,Standard,0.163,0,705.02
CUST-11149,91,14,325.73,374,52,Organic Search,United States,Standard,0.194,0,8240.29
CUST-11150,56,12,242.06,408,63,Organic Search,United Kingdom,Standard,0.12,0,5252.96
CUST-11151,82,15,71.49,488,49,Paid Social,France,Standard,0.156,0,1904.98
CUST-11152,54,13,77.88,71,55,Paid Social,United Kingdom,Standard,0.364,0,1714.5
CUST-11153,52,8,199.72,346,48,Paid Social,Germany,Silver,0.131,0,4320.89
CUST-11154,44,11,148.01,184,42,Google Ads,Indonesia,Standard,0.122,0,2965.67
CUST-11155,63,12,285.85,119,27,Paid Social,United Kingdom,Standard,0.066,0,6146.68
CUST-11156,8,13,229.04,147,66,Paid Social,United Kingdom,Standard,0.026,0,5459.89
CUST-11157,96,13,92.59,445,19,Organic Search,United Kingdom,Bronze,0.24,0,2651.55
CUST-11158,93,8,56.3,210,44,Organic Search,United Kingdom,Bronze,0.065,0,899.23
CUST-11159,2,8,196.17,854,29,Paid Social,United Kingdom,Gold,0.231,0,5922.45
CUST-11160,79,1,85.62,266,33,Paid Social,Germany,Bronze,0.081,1,4.24
CUST-11161,7,12,104.24,143,33,Google Ads,France,Standard,0.148,0,2233.22
CUST-11162,19,9,86.0,96,20,Paid Social,Indonesia,Standard,0.039,0,1425.91
CUST-11163,62,9,124.19,79,42,Organic Search,United Kingdom,Standard,0.29,0,1999.29
CUST-11164,8,7,179.84,192,35,Email Referral,United States,Standard,0.125,0,2237.47
CUST-11165,77,5,110.16,247,56,Paid Social,United Kingdom,Silver,0.037,0,1491.86
CUST-11166,81,7,134.11,226,59,Organic Search,United Kingdom,Standard,0.097,0,1727.78
CUST-11167,32,3,115.82,185,57,Direct,Australia,Standard,0.142,0,662.92
CUST-11168,1,9,197.89,349,49,Paid Social,United Kingdom,Bronze,0.334,0,3877.75
CUST-11169,16,10,223.44,99,67,Organic Search,United Kingdom,Standard,0.128,0,4090.43
CUST-11170,44,15,208.13,202,66,Email Referral,United Kingdom,Platinum,0.242,0,17977.91
CUST-11171,179,24,277.62,399,20,Google Ads,Australia,Gold,0.125,0,25167.63
CUST-11172,45,5,52.82,102,25,Google Ads,United Kingdom,Silver,0.256,0,705.3
CUST-11173,14,8,227.24,494,69,Email Referral,United Kingdom,Standard,0.236,0,3231.79
CUST-11174,46,8,96.42,301,22,Paid Social,France,Standard,0.267,0,1346.81
CUST-11175,35,13,105.86,59,37,Google Ads,United Kingdom,Standard,0.044,0,2514.06
CUST-11176,69,9,38.07,444,61,Email Referral,United Kingdom,Standard,0.099,0,658.26
CUST-11177,6,9,166.56,499,42,Email Referral,United Kingdom,Standard,0.106,0,2565.98
CUST-11178,65,2,56.73,364,23,Email Referral,Germany,Standard,0.06,0,251.24
CUST-11179,36,7,164.01,150,45,Organic Search,Germany,Bronze,0.155,0,2459.27
CUST-11180,149,9,68.45,1096,40,Organic Search,France,Standard,0.117,1,245.6
CUST-11181,19,9,157.96,57,41,Direct,United Kingdom,Bronze,0.212,0,3054.39
CUST-11182,46,19,225.46,199,27,Direct,Germany,Bronze,0.188,0,9189.77
CUST-11183,121,10,154.66,169,27,Google Ads,France,Gold,0.261,1,1453.13
CUST-11184,5,6,111.86,124,50,Paid Social,United Kingdom,Silver,0.209,0,1907.88
CUST-11185,125,5,131.52,612,26,Organic Search,Germany,Standard,0.189,1,218.54
CUST-11186,53,19,53.12,352,35,Paid Social,France,Bronze,0.058,0,2210.96
CUST-11187,4,18,100.09,293,20,Email Referral,Australia,Bronze,0.045,0,3940.23
CUST-11188,17,16,146.74,110,50,Paid Social,Germany,Gold,0.328,0,8903.93
CUST-11189,56,16,47.81,560,27,Google Ads,Indonesia,Bronze,0.208,0,1729.0
CUST-11190,4,17,30.78,101,44,Email Referral,United States,Standard,0.272,0,990.95
CUST-11191,40,4,175.8,62,52,Email Referral,Indonesia,Standard,0.238,0,1299.31
CUST-11192,20,10,101.89,217,35,Direct,France,Bronze,0.08,0,2252.73
CUST-11193,44,2,138.41,140,24,Google Ads,United Kingdom,Gold,0.034,0,1095.97
CUST-11194,3,3,176.6,48,24,Email Referral,United Kingdom,Gold,0.15,0,1985.19
CUST-11195,93,7,130.88,599,39,Organic Search,United States,Standard,0.184,0,1680.65
CUST-11196,164,8,183.41,361,27,Direct,Germany,Silver,0.123,1,976.77
CUST-11197,157,4,81.4,680,44,Organic Search,United Kingdom,Bronze,0.093,1,109.12
CUST-11198,63,6,140.89,235,62,Paid Social,France,Bronze,0.036,0,1917.77
CUST-11199,7,7,36.14,33,21,Google Ads,Indonesia,Standard,0.251,0,427.69
CUST-11200,64,3,125.92,84,29,Organic Search,United Kingdom,Bronze,0.388,0,870.74
CUST-11201,2,6,57.87,432,20,Email Referral,Germany,Bronze,0.077,0,776.73
CUST-11202,2,16,319.05,24,65,Paid Social,Germany,Standard,0.174,0,9143.84
CUST-11203,18,8,104.09,204,60,Email Referral,United Kingdom,Silver,0.462,0,2209.55
CUST-11204,31,11,74.53,109,20,Direct,United Kingdom,Standard,0.202,0,1495.56
CUST-11205,67,13,107.57,291,42,Google Ads,Indonesia,Bronze,0.045,0,3040.54
CUST-11206,52,10,108.13,127,43,Organic Search,Indonesia,Standard,0.19,0,1927.53
CUST-11207,27,2,49.38,48,57,Organic Search,Indonesia,Standard,0.143,0,98.67
CUST-11208,15,1,210.74,266,24,Direct,United Kingdom,Standard,0.14,0,419.49
CUST-11209,264,17,224.02,346,63,Email Referral,United Kingdom,Bronze,0.094,1,1910.25
CUST-11210,25,21,317.37,184,51,Organic Search,Indonesia,Silver,0.03,0,18012.29
CUST-11211,28,8,231.69,310,27,Email Referral,Indonesia,Bronze,0.168,0,4060.24
CUST-11212,9,15,208.28,242,20,Organic Search,United States,Standard,0.394,0,5531.1
CUST-11213,72,10,162.42,164,45,Organic Search,United Kingdom,Standard,0.225,0,2931.56
CUST-11214,54,5,153.94,316,28,Email Referral,France,Bronze,0.035,1,396.45
CUST-11215,12,6,119.51,494,68,Paid Social,United States,Bronze,0.176,0,1558.6
CUST-11216,4,9,142.43,188,49,Paid Social,Germany,Standard,0.097,0,2356.26
CUST-11217,52,11,147.47,285,25,Email Referral,France,Silver,0.077,0,4312.54
CUST-11218,48,3,144.83,424,37,Google Ads,United States,Standard,0.04,0,770.92
CUST-11219,15,5,207.98,364,22,Email Referral,United States,Bronze,0.118,0,2237.96
CUST-11220,136,14,75.42,228,58,Paid Social,United Kingdom,Standard,0.092,1,377.71
CUST-11221,8,5,155.96,885,30,Email Referral,United Kingdom,Bronze,0.138,0,1713.05
CUST-11222,26,6,106.75,46,28,Email Referral,United States,Gold,0.104,0,2502.52
CUST-11223,130,6,168.76,922,51,Google Ads,United Kingdom,Standard,0.104,1,489.18
CUST-11224,25,12,251.67,90,61,Paid Social,Indonesia,Silver,0.109,0,8160.6
CUST-11225,46,24,156.18,165,20,Organic Search,United States,Standard,0.283,0,6791.27
CUST-11226,23,14,267.71,425,32,Email Referral,Indonesia,Gold,0.196,0,14137.46
CUST-11227,15,17,233.44,80,50,Organic Search,United Kingdom,Standard,0.061,0,7099.19
CUST-11228,187,30,204.26,247,60,Paid Social,United Kingdom,Silver,0.08,0,16570.74
CUST-11229,24,14,191.55,224,27,Organic Search,United Kingdom,Standard,0.223,0,4838.51
CUST-11230,102,17,75.32,337,20,Paid Social,Germany,Standard,0.035,0,2320.49
CUST-11231,12,5,144.99,28,63,Paid Social,United Kingdom,Bronze,0.162,0,1522.95
CUST-11232,11,5,238.26,133,65,Google Ads,United Kingdom,Bronze,0.124,0,2497.96
CUST-11233,2,16,333.34,137,58,Email Referral,United Kingdom,Bronze,0.043,0,11468.27
CUST-11234,48,3,52.25,120,31,Organic Search,Germany,Standard,0.001,0,239.51
CUST-11235,21,3,43.78,178,50,Google Ads,Germany,Bronze,0.19,1,0.0
CUST-11236,90,10,68.33,135,50,Paid Social,Germany,Standard,0.072,0,1253.7
CUST-11237,29,23,125.47,114,53,Organic Search,United Kingdom,Bronze,0.093,0,6168.88
CUST-11238,156,9,358.96,395,40,Paid Social,Indonesia,Bronze,0.037,0,6910.95
CUST-11239,10,6,126.91,397,18,Organic Search,Germany,Standard,0.069,0,1357.53
CUST-11240,92,9,102.24,267,44,Paid Social,United Kingdom,Silver,0.092,1,575.8
CUST-11241,68,4,63.23,97,68,Google Ads,United Kingdom,Gold,0.089,1,160.12
CUST-11242,67,13,130.18,286,49,Email Referral,United Kingdom,Standard,0.064,0,2972.85
CUST-11243,84,16,415.16,509,38,Paid Social,United Kingdom,Standard,0.056,0,11983.39
CUST-11244,65,5,79.1,206,61,Organic Search,France,Bronze,0.095,1,196.75
CUST-11245,45,14,86.31,182,37,Organic Search,Australia,Bronze,0.246,0,2534.33
CUST-11246,7,22,199.76,878,44,Direct,United Kingdom,Standard,0.085,0,7983.29
CUST-11247,2,15,248.25,199,53,Paid Social,United States,Silver,0.098,0,10018.56
CUST-11248,115,8,92.92,425,58,Email Referral,Indonesia,Gold,0.17,0,2836.39
CUST-11249,44,12,135.51,246,49,Paid Social,United Kingdom,Standard,0.07,0,2921.61
CUST-11250,72,21,189.98,131,56,Organic Search,United Kingdom,Gold,0.094,0,15085.51
CUST-11251,30,7,134.41,105,46,Direct,Germany,Gold,0.172,0,3557.53
CUST-11252,6,6,180.89,218,63,Organic Search,Indonesia,Bronze,0.104,0,2275.39
CUST-11253,7,7,207.5,131,40,Email Referral,United Kingdom,Standard,0.196,0,2726.7
CUST-11254,53,15,124.61,161,52,Google Ads,Germany,Standard,0.075,0,3326.44
CUST-11255,26,7,105.25,45,32,Email Referral,United States,Bronze,0.061,0,1632.65
CUST-11256,11,20,52.54,414,60,Google Ads,France,Bronze,0.028,0,2230.19
CUST-11257,31,8,57.45,434,27,Email Referral,Germany,Bronze,0.09,0,937.46
CUST-11258,3,22,61.57,129,69,Paid Social,Germany,Silver,0.066,0,3725.72
CUST-11259,40,19,207.38,272,32,Google Ads,France,Gold,0.17,0,14971.87
CUST-11260,15,8,264.98,65,42,Direct,France,Silver,0.108,0,5746.25
CUST-11261,72,5,62.21,213,34,Paid Social,United Kingdom,Gold,0.177,0,1216.12
CUST-11262,17,3,187.61,136,68,Paid Social,Germany,Bronze,0.106,0,1153.01
CUST-11263,28,16,60.49,235,48,Paid Social,United Kingdom,Standard,0.269,0,1775.08
CUST-11264,1,9,36.5,130,28,Organic Search,Australia,Standard,0.271,1,180.28
CUST-11265,4,22,323.26,143,37,Organic Search,United Kingdom,Standard,0.184,0,12823.02
CUST-11266,23,5,66.6,101,48,Organic Search,United Kingdom,Bronze,0.048,0,801.61
CUST-11267,30,17,125.44,53,33,Google Ads,United Kingdom,Standard,0.329,0,3724.45
CUST-11268,42,11,32.95,505,53,Paid Social,Indonesia,Standard,0.271,0,643.45
CUST-11269,16,9,203.81,33,56,Google Ads,France,Gold,0.142,0,7007.72
CUST-11270,54,5,110.85,128,28,Email Referral,Germany,Platinum,0.241,0,3136.86
CUST-11271,89,10,136.28,210,37,Paid Social,Indonesia,Standard,0.266,0,2485.52
CUST-11272,69,7,138.98,153,43,Organic Search,Indonesia,Standard,0.075,0,1726.86
CUST-11273,2,17,67.39,161,66,Email Referral,Germany,Bronze,0.071,0,2478.98
CUST-11274,30,14,81.06,156,68,Direct,Germany,Standard,0.166,0,1989.84
CUST-11275,5,22,57.01,73,43,Google Ads,Indonesia,Silver,0.056,0,3499.54
CUST-11276,13,1,156.93,44,59,Google Ads,United Kingdom,Bronze,0.065,0,281.61
CUST-11277,195,3,136.51,236,64,Google Ads,Germany,Standard,0.228,1,177.78
CUST-11278,7,8,126.14,141,23,Paid Social,United States,Bronze,0.065,0,2166.73
CUST-11279,32,6,188.92,383,62,Organic Search,France,Standard,0.136,0,2094.05
CUST-11280,44,25,153.49,78,52,Organic Search,United Kingdom,Platinum,0.159,0,22106.05
CUST-11281,55,9,116.57,273,25,Email Referral,United Kingdom,Bronze,0.048,0,2187.29
CUST-11282,37,9,191.73,334,24,Paid Social,United States,Gold,0.074,0,6490.49
CUST-11283,1,5,86.72,74,54,Google Ads,United Kingdom,Standard,0.11,0,672.37
CUST-11284,18,3,51.26,231,67,Paid Social,Indonesia,Standard,0.302,0,280.44
CUST-11285,33,10,107.85,256,33,Organic Search,United Kingdom,Standard,0.121,0,2030.35
CUST-11286,5,8,85.1,241,26,Google Ads,Germany,Gold,0.204,0,2563.46
CUST-11287,20,8,231.86,433,28,Email Referral,Germany,Bronze,0.178,0,4023.54
CUST-11288,2,8,186.15,108,38,Organic Search,United Kingdom,Silver,0.079,0,4075.95
CUST-11289,4,8,72.47,69,68,Direct,United Kingdom,Standard,0.373,0,1009.03
CUST-11290,23,12,65.13,179,63,Paid Social,United Kingdom,Standard,0.126,0,1461.79
CUST-11291,7,14,88.14,33,24,Email Referral,France,Standard,0.127,0,2316.75
CUST-11292,38,8,119.55,126,29,Direct,Germany,Bronze,0.461,0,1977.09
CUST-11293,53,13,124.87,454,68,Organic Search,Germany,Gold,0.005,0,6192.96
CUST-11294,73,28,87.44,224,57,Google Ads,United Kingdom,Bronze,0.199,0,5214.24
CUST-11295,11,9,142.57,129,38,Email Referral,United Kingdom,Standard,0.145,0,2270.9
CUST-11296,9,10,80.71,79,22,Organic Search,Germany,Bronze,0.198,0,1799.91
CUST-11297,5,14,279.13,71,23,Email Referral,United Kingdom,Standard,0.341,0,7050.18
CUST-11298,46,12,111.32,109,60,Google Ads,United Kingdom,Bronze,0.268,0,2862.47
CUST-11299,56,4,193.69,389,43,Google Ads,Germany,Standard,0.325,0,1506.25
CUST-11300,2,15,204.05,773,46,Google Ads,Germany,Silver,0.103,0,8247.53
CUST-11301,124,11,121.96,276,20,Organic Search,United Kingdom,Silver,0.197,0,3677.03
CUST-11302,3,9,92.58,32,28,Organic Search,United Kingdom,Bronze,0.17,1,434.66
CUST-11303,36,2,51.37,301,40,Paid Social,United States,Standard,0.02,0,207.82
CUST-11304,56,7,76.86,448,42,Email Referral,Indonesia,Standard,0.072,0,993.04
CUST-11305,93,6,111.71,589,29,Direct,United Kingdom,Standard,0.046,1,305.63
CUST-11306,57,12,76.18,250,18,Paid Social,United Kingdom,Bronze,0.071,0,1903.66
CUST-11307,73,10,99.74,215,21,Paid Social,United States,Standard,0.245,0,1809.17
CUST-11308,19,5,303.64,208,69,Organic Search,Australia,Gold,0.153,0,5709.82
CUST-11309,76,4,106.61,93,18,Organic Search,United Kingdom,Gold,0.418,1,380.09
CUST-11310,4,8,158.29,210,23,Organic Search,United States,Standard,0.092,0,2309.05
CUST-11311,102,10,205.33,339,51,Email Referral,Germany,Bronze,0.138,0,4461.35
CUST-11312,36,7,286.36,281,44,Organic Search,United Kingdom,Bronze,0.097,0,4291.97
CUST-11313,77,17,165.37,241,62,Google Ads,France,Standard,0.087,0,5071.2
CUST-11314,28,10,17.15,259,33,Email Referral,Germany,Standard,0.022,0,309.72
CUST-11315,47,6,143.69,245,28,Google Ads,United Kingdom,Standard,0.366,1,344.87
CUST-11316,34,8,65.84,71,31,Paid Social,United Kingdom,Silver,0.047,0,1382.13
CUST-11317,60,2,87.0,486,55,Email Referral,Indonesia,Standard,0.108,0,273.99
CUST-11318,4,22,123.77,194,65,Paid Social,Indonesia,Bronze,0.036,0,5881.0
CUST-11319,3,5,202.57,252,66,Direct,United Kingdom,Gold,0.136,0,3813.36
CUST-11320,13,8,124.93,103,27,Google Ads,France,Bronze,0.254,0,2169.26
CUST-11321,8,7,71.3,475,30,Email Referral,United Kingdom,Platinum,0.054,0,2830.83
CUST-11322,93,11,206.09,233,62,Email Referral,France,Bronze,0.147,0,4888.04
CUST-11323,12,4,73.17,231,51,Organic Search,Indonesia,Standard,0.099,0,521.94
CUST-11324,168,8,18.1,730,50,Email Referral,United Kingdom,Gold,0.191,1,153.15
CUST-11325,19,13,87.83,480,50,Direct,United Kingdom,Standard,0.166,0,2128.71
CUST-11326,10,6,75.7,211,56,Organic Search,United States,Platinum,0.4,0,2669.91
CUST-11327,71,3,134.86,118,30,Email Referral,France,Bronze,0.231,0,870.17
CUST-11328,49,7,200.28,605,34,Paid Social,Germany,Platinum,0.068,0,7995.55
CUST-11329,32,15,72.91,792,26,Google Ads,United States,Standard,0.148,0,1942.92
CUST-11330,37,2,130.91,71,30,Organic Search,Indonesia,Standard,0.101,0,517.32
CUST-11331,58,31,248.91,180,33,Organic Search,Germany,Standard,0.027,0,13886.42
CUST-11332,12,6,68.17,170,54,Organic Search,United Kingdom,Standard,0.061,0,673.35
CUST-11333,253,2,140.67,285,47,Organic Search,Germany,Silver,0.15,1,179.63
CUST-11334,166,2,360.72,218,56,Email Referral,France,Standard,0.223,1,301.11
CUST-11335,48,13,153.77,201,50,Organic Search,United Kingdom,Bronze,0.112,0,4380.9
CUST-11336,11,13,114.94,619,57,Email Referral,United Kingdom,Bronze,0.281,0,3198.39
CUST-11337,52,15,170.4,72,23,Google Ads,United Kingdom,Bronze,0.116,0,5541.67
CUST-11338,4,5,200.4,457,29,Organic Search,United Kingdom,Silver,0.024,1,710.76
CUST-11339,2,4,137.21,428,19,Organic Search,France,Standard,0.066,0,925.98
CUST-11340,14,11,301.82,379,50,Direct,United Kingdom,Standard,0.303,0,5938.8
CUST-11341,28,5,102.08,128,32,Email Referral,France,Standard,0.124,0,897.37
CUST-11342,92,8,83.78,228,34,Organic Search,United Kingdom,Standard,0.421,0,1213.32
CUST-11343,59,9,156.68,167,69,Paid Social,Australia,Standard,0.182,0,2508.47
CUST-11344,62,17,114.97,607,52,Direct,Germany,Platinum,0.409,0,11189.08
CUST-11345,25,10,236.38,172,48,Organic Search,United Kingdom,Standard,0.011,0,4204.48
CUST-11346,20,7,214.19,50,47,Google Ads,United States,Bronze,0.127,0,3285.56
CUST-11347,21,6,146.21,93,55,Organic Search,Germany,Silver,0.083,0,2472.21
CUST-11348,198,4,172.89,324,33,Paid Social,France,Gold,0.236,1,668.79
CUST-11349,2,5,100.43,569,59,Google Ads,Australia,Platinum,0.106,0,2946.32
CUST-11350,91,8,147.15,257,62,Organic Search,Germany,Silver,0.112,1,812.31
CUST-11351,39,5,30.54,268,57,Paid Social,United States,Bronze,0.12,0,364.75
CUST-11352,26,30,250.09,57,34,Paid Social,United Kingdom,Standard,0.114,0,13541.9
CUST-11353,59,28,158.05,451,24,Email Referral,France,Bronze,0.137,0,9592.75
CUST-11354,31,4,169.12,185,22,Organic Search,United Kingdom,Standard,0.121,1,322.19
CUST-11355,94,18,123.81,566,57,Paid Social,Indonesia,Standard,0.049,0,4018.57
CUST-11356,104,19,140.78,225,44,Paid Social,United Kingdom,Gold,0.394,0,10090.53
CUST-11357,25,22,113.96,246,18,Organic Search,United Kingdom,Bronze,0.025,0,5441.66
CUST-11358,15,4,169.36,144,19,Paid Social,Australia,Bronze,0.179,0,1478.79
CUST-11359,41,14,121.45,83,21,Direct,United Kingdom,Bronze,0.217,0,3627.29
CUST-11360,110,9,120.07,182,18,Organic Search,United Kingdom,Bronze,0.103,1,642.97
CUST-11361,11,9,22.57,38,46,Email Referral,Germany,Standard,0.309,0,415.21
CUST-11362,44,1,150.63,163,38,Organic Search,Australia,Gold,0.089,0,579.05
CUST-11363,45,10,165.88,248,59,Organic Search,France,Silver,0.14,0,4537.65
CUST-11364,60,4,188.12,125,52,Organic Search,United Kingdom,Standard,0.093,0,1390.84
CUST-11365,7,4,169.09,143,51,Paid Social,France,Standard,0.341,0,1195.44
CUST-11366,57,18,32.15,182,56,Organic Search,Germany,Bronze,0.027,0,1159.24
CUST-11367,108,12,134.95,260,19,Email Referral,Australia,Bronze,0.201,0,3405.46
CUST-11368,9,8,123.97,60,42,Direct,France,Silver,0.379,0,2740.87
CUST-11369,13,16,94.58,165,23,Organic Search,Germany,Silver,0.34,0,4084.44
CUST-11370,160,8,215.44,256,25,Email Referral,Germany,Silver,0.409,1,1144.86
CUST-11371,9,11,144.87,84,52,Organic Search,France,Gold,0.022,0,5990.72
CUST-11372,87,6,217.29,260,36,Organic Search,France,Silver,0.229,1,883.21
CUST-11373,31,2,43.59,74,26,Organic Search,United Kingdom,Standard,0.108,0,202.66
CUST-11374,13,25,98.12,443,50,Paid Social,United Kingdom,Gold,0.276,0,9231.72
CUST-11375,93,6,27.09,599,25,Organic Search,United Kingdom,Standard,0.137,1,77.88
CUST-11376,27,9,260.75,236,55,Email Referral,Germany,Gold,0.259,0,9003.62
CUST-11377,33,17,219.83,113,49,Organic Search,United Kingdom,Silver,0.131,0,10180.95
CUST-11378,21,14,285.47,213,40,Paid Social,United Kingdom,Standard,0.226,0,7082.25
CUST-11379,41,12,239.04,221,51,Email Referral,Indonesia,Silver,0.058,0,7654.16
CUST-11380,9,12,135.61,113,40,Organic Search,United Kingdom,Bronze,0.22,0,3605.31
CUST-11381,23,7,100.33,98,63,Email Referral,Indonesia,Platinum,0.15,0,4090.1
CUST-11382,157,8,173.07,205,49,Organic Search,Indonesia,Bronze,0.112,1,750.23
CUST-11383,14,9,103.36,73,18,Organic Search,France,Standard,0.183,0,1700.86
CUST-11384,49,7,175.56,254,24,Google Ads,United Kingdom,Standard,0.083,0,2196.24
CUST-11385,18,4,104.46,423,60,Paid Social,United Kingdom,Standard,0.032,0,718.82
CUST-11386,67,23,198.99,169,65,Google Ads,Australia,Bronze,0.084,0,9922.34
CUST-11387,7,11,73.68,45,41,Organic Search,Indonesia,Standard,0.292,0,1454.02
CUST-11388,158,9,195.29,175,19,Paid Social,Australia,Bronze,0.316,1,992.34
CUST-11389,28,9,60.79,136,35,Organic Search,Australia,Bronze,0.159,0,1154.32
CUST-11390,13,8,109.9,75,36,Paid Social,United Kingdom,Silver,0.062,0,2409.48
CUST-11391,4,19,50.36,89,59,Paid Social,Germany,Standard,0.025,0,1737.91
CUST-11392,9,12,114.43,73,53,Organic Search,United States,Standard,0.1,0,2404.96
CUST-11393,34,8,50.98,245,45,Paid Social,United Kingdom,Standard,0.043,0,807.83
CUST-11394,19,15,93.34,217,52,Organic Search,Germany,Bronze,0.053,0,2953.83
CUST-11395,80,17,160.79,533,49,Google Ads,United Kingdom,Silver,0.163,0,7446.81
CUST-11396,26,8,100.37,257,30,Paid Social,United Kingdom,Bronze,0.24,0,1757.14
CUST-11397,13,9,89.57,60,23,Email Referral,United Kingdom,Bronze,0.04,0,1773.27
CUST-11398,44,8,80.26,309,46,Google Ads,United Kingdom,Bronze,0.192,0,1362.25
CUST-11399,56,10,67.18,106,27,Organic Search,Germany,Standard,0.243,0,1190.79
CUST-11400,9,12,64.67,171,57,Paid Social,France,Standard,0.156,0,1397.06
CUST-11401,9,16,189.39,38,27,Organic Search,United Kingdom,Standard,0.225,0,5389.99
CUST-11402,2,4,236.22,25,51,Organic Search,United States,Standard,0.315,0,1729.55
CUST-11403,60,2,126.66,187,37,Organic Search,Indonesia,Standard,0.169,0,438.05
CUST-11404,50,9,218.81,84,64,Paid Social,United Kingdom,Silver,0.221,0,5211.09
CUST-11405,29,5,295.05,109,50,Paid Social,United Kingdom,Gold,0.482,0,5670.81
CUST-11406,84,6,115.36,173,28,Organic Search,United Kingdom,Standard,0.122,0,1259.14
CUST-11407,74,10,93.06,353,41,Organic Search,France,Standard,0.204,0,1691.36
CUST-11408,40,18,94.3,127,50,Organic Search,Germany,Standard,0.022,0,3020.77
CUST-11409,92,1,163.25,229,39,Organic Search,Germany,Standard,0.133,0,310.47
CUST-11410,11,24,407.44,292,65,Email Referral,United Kingdom,Gold,0.058,0,36999.74
CUST-11411,6,4,45.88,62,29,Email Referral,United Kingdom,Platinum,0.016,0,984.38
CUST-11412,15,11,363.36,324,47,Paid Social,Australia,Standard,0.231,0,7224.71
CUST-11413,3,2,90.69,338,49,Google Ads,United Kingdom,Standard,0.063,0,273.52
CUST-11414,35,10,109.78,859,61,Paid Social,Germany,Bronze,0.036,0,2306.93
CUST-11415,125,22,180.17,245,36,Paid Social,United Kingdom,Standard,0.067,0,7090.71
CUST-11416,2,4,378.21,100,62,Organic Search,United Kingdom,Bronze,0.09,0,3372.76
CUST-11417,6,18,11.28,238,57,Organic Search,Germany,Silver,0.225,0,587.38
CUST-11418,28,14,80.66,53,19,Email Referral,France,Gold,0.074,0,4267.64
CUST-11419,123,9,312.16,145,68,Direct,United Kingdom,Silver,0.34,0,7670.61
CUST-11420,18,15,28.73,106,31,Email Referral,United Kingdom,Standard,0.032,0,729.58
CUST-11421,32,15,61.36,282,50,Organic Search,France,Standard,0.236,0,1605.38
CUST-11422,2,11,127.49,39,49,Organic Search,United Kingdom,Platinum,0.044,0,8031.94
CUST-11423,8,3,76.5,204,58,Paid Social,France,Standard,0.045,0,507.0
CUST-11424,195,1,130.18,266,36,Email Referral,Australia,Bronze,0.199,1,113.73
CUST-11425,152,11,158.06,356,31,Organic Search,Germany,Standard,0.113,1,741.61
CUST-11426,1,9,121.37,125,21,Google Ads,United Kingdom,Standard,0.338,0,1931.61
CUST-11427,137,6,213.27,174,19,Email Referral,United States,Standard,0.368,1,589.99
CUST-11428,46,13,252.03,112,27,Google Ads,Germany,Standard,0.088,0,5840.82
CUST-11429,92,7,249.74,151,46,Email Referral,Indonesia,Gold,0.107,1,1643.13
CUST-11430,28,9,69.42,75,32,Email Referral,France,Standard,0.18,0,1074.94
CUST-11431,33,11,246.67,161,48,Organic Search,Germany,Bronze,0.155,0,5857.43
CUST-11432,31,1,377.18,602,50,Email Referral,France,Gold,0.36,1,397.21
CUST-11433,50,20,162.22,258,46,Google Ads,United Kingdom,Platinum,0.073,0,18774.89
CUST-11434,7,19,127.06,347,28,Google Ads,United Kingdom,Bronze,0.073,0,5136.28
CUST-11435,2,10,132.92,731,65,Organic Search,Germany,Standard,0.14,0,2422.56
CUST-11436,17,22,53.56,172,62,Email Referral,Germany,Standard,0.282,0,2154.87
CUST-11437,55,5,174.56,118,57,Direct,Germany,Silver,0.181,0,2344.98
CUST-11438,11,5,93.9,499,26,Email Referral,France,Platinum,0.269,0,2674.69
CUST-11439,51,11,389.34,282,64,Organic Search,United Kingdom,Standard,0.124,0,7679.24
CUST-11440,158,8,234.1,747,46,Google Ads,United Kingdom,Silver,0.03,1,1171.49
CUST-11441,5,16,186.1,209,54,Organic Search,United Kingdom,Standard,0.036,0,5398.63
CUST-11442,51,4,159.01,334,38,Organic Search,United States,Standard,0.271,1,248.0
CUST-11443,27,4,28.2,440,48,Paid Social,United Kingdom,Bronze,0.197,0,160.21
CUST-11444,92,5,245.45,363,39,Organic Search,United Kingdom,Standard,0.039,1,568.4
CUST-11445,9,10,94.26,172,69,Organic Search,United Kingdom,Bronze,0.087,0,2051.69
CUST-11446,54,11,121.46,183,35,Paid Social,France,Standard,0.291,0,2447.26
CUST-11447,82,9,141.98,409,19,Email Referral,Germany,Standard,0.094,0,2390.95
CUST-11448,131,7,340.79,412,39,Direct,United Kingdom,Bronze,0.036,1,1290.2
CUST-11449,52,8,266.76,149,54,Email Referral,Germany,Standard,0.159,0,3826.38
CUST-11450,31,8,33.85,170,37,Google Ads,France,Silver,0.032,0,711.62
CUST-11451,44,13,77.51,240,65,Paid Social,United States,Bronze,0.153,0,2161.77
CUST-11452,92,7,290.55,112,65,Paid Social,United Kingdom,Gold,0.053,0,7651.06
CUST-11453,39,5,123.57,105,21,Email Referral,France,Standard,0.142,0,1090.43
CUST-11454,2,10,58.56,68,43,Email Referral,United Kingdom,Silver,0.087,0,1545.05
CUST-11455,121,17,150.63,522,37,Email Referral,France,Standard,0.183,0,4557.34
CUST-11456,53,16,164.77,140,39,Organic Search,France,Standard,0.088,0,4832.21
CUST-11457,51,8,57.54,207,60,Paid Social,Germany,Standard,0.258,0,897.86
CUST-11458,11,7,183.94,346,37,Paid Social,United Kingdom,Standard,0.254,0,2224.5
CUST-11459,49,6,36.99,118,46,Organic Search,United States,Standard,0.217,0,415.38
CUST-11460,23,8,282.41,61,65,Google Ads,United Kingdom,Standard,0.142,0,4063.46
CUST-11461,48,13,207.33,596,48,Paid Social,Indonesia,Silver,0.045,0,7284.53
CUST-11462,6,9,220.1,240,40,Google Ads,United States,Gold,0.096,0,7415.25
CUST-11463,49,7,130.33,99,61,Organic Search,France,Standard,0.168,0,1549.79
CUST-11464,335,9,259.19,658,55,Email Referral,United States,Silver,0.141,1,1571.82
CUST-11465,3,12,162.2,296,33,Direct,United Kingdom,Standard,0.106,0,3485.03
CUST-11466,171,5,260.23,513,36,Organic Search,Australia,Silver,0.164,1,850.81
CUST-11467,24,10,140.97,97,28,Paid Social,Indonesia,Bronze,0.08,0,3034.61
CUST-11468,93,16,269.01,215,29,Paid Social,Germany,Standard,0.374,0,7777.47
CUST-11469,69,17,87.04,296,53,Paid Social,France,Bronze,0.06,0,3240.18
CUST-11470,38,5,75.66,142,30,Email Referral,France,Bronze,0.155,0,768.07
CUST-11471,61,5,155.45,89,19,Paid Social,United States,Bronze,0.021,0,1634.49
CUST-11472,95,13,94.95,136,68,Email Referral,United Kingdom,Bronze,0.145,0,2673.7
CUST-11473,24,13,135.87,202,28,Paid Social,United Kingdom,Silver,0.068,0,4830.18
CUST-11474,18,24,33.55,117,18,Organic Search,United States,Standard,0.19,0,1438.67
CUST-11475,50,13,186.21,65,58,Direct,United States,Standard,0.422,0,4364.56
CUST-11476,75,13,253.38,352,27,Organic Search,Germany,Bronze,0.077,0,7046.73
CUST-11477,65,4,93.27,177,20,Email Referral,United Kingdom,Bronze,0.022,0,696.08
CUST-11478,72,8,169.72,154,25,Organic Search,Australia,Standard,0.162,0,2559.63
CUST-11479,26,8,207.77,266,33,Direct,Germany,Standard,0.096,0,3005.75
CUST-11480,77,12,100.9,201,53,Direct,United States,Standard,0.026,0,2128.53
CUST-11481,6,3,50.57,234,60,Paid Social,Germany,Standard,0.352,0,165.95
CUST-11482,36,12,148.02,53,57,Organic Search,United Kingdom,Standard,0.151,0,3269.52
CUST-11483,1,5,195.69,17,56,Google Ads,France,Bronze,0.03,0,2066.24
CUST-11484,18,8,69.7,180,37,Organic Search,United States,Standard,0.146,0,956.41
CUST-11485,21,9,238.2,761,64,Email Referral,Australia,Standard,0.152,0,3823.0
CUST-11486,23,7,168.98,95,25,Direct,United Kingdom,Silver,0.219,0,3200.59
CUST-11487,54,2,88.97,275,27,Email Referral,Indonesia,Bronze,0.12,1,128.02
CUST-11488,23,24,301.11,72,68,Google Ads,Germany,Bronze,0.335,0,15594.56
CUST-11489,27,6,99.83,109,54,Organic Search,United Kingdom,Standard,0.124,0,1025.74
CUST-11490,13,20,33.09,42,49,Direct,United States,Silver,0.57,0,1901.74
CUST-11491,22,4,215.67,419,44,Organic Search,United Kingdom,Standard,0.05,0,1528.25
CUST-11492,12,12,76.97,93,48,Organic Search,Indonesia,Standard,0.17,0,1663.09
CUST-11493,4,21,108.22,66,20,Google Ads,United Kingdom,Standard,0.153,0,4015.68
CUST-11494,42,19,96.75,293,56,Email Referral,France,Standard,0.089,0,3337.81
CUST-11495,50,3,213.51,105,23,Google Ads,United Kingdom,Standard,0.159,0,1207.53
CUST-11496,44,19,154.45,108,34,Google Ads,United Kingdom,Standard,0.297,0,5239.18
CUST-11497,29,9,63.89,63,27,Email Referral,United Kingdom,Bronze,0.148,0,1150.0
CUST-11498,22,12,62.39,629,38,Organic Search,Germany,Standard,0.346,0,1328.53
CUST-11499,90,3,56.8,156,46,Email Referral,United Kingdom,Standard,0.149,0,401.53
CUST-11500,33,19,102.35,1027,46,Organic Search,United Kingdom,Silver,0.165,0,5218.52
CUST-11501,30,11,230.85,79,37,Organic Search,United Kingdom,Standard,0.12,0,4697.47
CUST-11502,2,25,117.59,20,32,Email Referral,Germany,Silver,0.116,0,7909.29
CUST-11503,19,10,283.86,440,19,Direct,United States,Standard,0.176,0,5018.25
CUST-11504,22,2,129.14,193,50,Google Ads,Indonesia,Standard,0.047,0,439.4
CUST-11505,23,9,51.95,115,29,Paid Social,Germany,Bronze,0.067,0,916.36
CUST-11506,40,12,42.66,184,30,Google Ads,Germany,Gold,0.027,0,1899.1
CUST-11507,35,10,232.5,104,61,Direct,Australia,Silver,0.194,0,6296.61
CUST-11508,43,12,179.16,239,61,Paid Social,Australia,Standard,0.058,0,3846.61
CUST-11509,66,10,79.41,253,56,Organic Search,United Kingdom,Silver,0.301,0,2199.13
CUST-11510,76,8,49.05,106,56,Organic Search,Germany,Bronze,0.094,0,820.78
CUST-11511,57,11,74.45,506,55,Paid Social,United States,Silver,0.148,0,2136.58
CUST-11512,141,6,189.64,267,62,Organic Search,United States,Silver,0.272,1,775.43
CUST-11513,1,3,226.16,55,38,Paid Social,France,Platinum,0.344,0,3900.63
CUST-11514,10,11,45.03,91,58,Email Referral,Germany,Standard,0.118,0,890.41
CUST-11515,1,17,64.86,378,33,Paid Social,Germany,Standard,0.099,0,1921.05
CUST-11516,47,30,320.77,148,51,Direct,United States,Standard,0.022,0,17334.97
CUST-11517,103,6,192.17,266,44,Paid Social,United Kingdom,Bronze,0.249,0,2559.97
CUST-11518,13,7,62.14,559,60,Organic Search,Germany,Bronze,0.094,0,873.85
CUST-11519,118,13,83.39,322,20,Paid Social,Germany,Standard,0.155,0,1855.81
CUST-11520,3,4,274.66,220,26,Direct,United States,Standard,0.183,0,1900.34
CUST-11521,123,21,96.22,189,61,Organic Search,United Kingdom,Bronze,0.297,0,4363.1
CUST-11522,20,6,103.36,233,51,Organic Search,Germany,Bronze,0.311,0,1259.16
CUST-11523,5,11,101.77,110,36,Email Referral,United Kingdom,Standard,0.106,0,2031.37
CUST-11524,30,3,102.84,480,55,Organic Search,United States,Gold,0.203,0,1184.04
CUST-11525,14,3,200.6,53,43,Google Ads,United States,Standard,0.178,0,1101.61
CUST-11526,16,10,151.57,91,40,Paid Social,United States,Platinum,0.053,0,8859.88
CUST-11527,17,4,199.24,44,35,Google Ads,United Kingdom,Standard,0.051,0,1341.25
CUST-11528,74,7,85.69,175,62,Email Referral,Germany,Standard,0.278,0,994.33
CUST-11529,35,4,24.14,78,63,Organic Search,United Kingdom,Standard,0.046,0,237.74
CUST-11530,17,3,93.07,367,57,Paid Social,France,Bronze,0.076,0,629.72
CUST-11531,43,8,111.1,524,58,Paid Social,United Kingdom,Standard,0.02,0,1657.23
CUST-11532,57,4,163.11,271,62,Google Ads,United States,Standard,0.334,0,1072.34
CUST-11533,15,11,106.58,49,66,Email Referral,United Kingdom,Platinum,0.133,0,6684.92
CUST-11534,25,17,66.43,115,55,Google Ads,Germany,Gold,0.068,0,4317.73
CUST-11535,6,7,40.56,621,69,Paid Social,United Kingdom,Standard,0.059,0,502.7
CUST-11536,9,10,406.41,50,27,Email Referral,Germany,Bronze,0.111,0,8844.17
CUST-11537,52,6,205.6,213,60,Organic Search,France,Standard,0.094,0,2199.63
CUST-11538,10,3,149.4,103,27,Organic Search,Germany,Bronze,0.049,0,957.51
CUST-11539,34,14,134.73,1324,38,Organic Search,United Kingdom,Standard,0.078,0,3509.71
CUST-11540,56,11,93.11,131,55,Google Ads,United Kingdom,Standard,0.12,0,1791.55
CUST-11541,6,9,116.46,29,55,Paid Social,France,Bronze,0.104,0,2301.02
CUST-11542,38,8,69.93,271,64,Paid Social,Indonesia,Standard,0.218,0,928.62
CUST-11543,14,12,129.08,100,24,Google Ads,France,Standard,0.23,0,2744.82
CUST-11544,149,7,189.9,356,29,Paid Social,Indonesia,Gold,0.293,1,1293.06
CUST-11545,30,11,112.08,64,69,Email Referral,Indonesia,Silver,0.173,0,3258.04
CUST-11546,74,6,31.8,222,58,Direct,Germany,Standard,0.108,0,387.26
CUST-11547,36,13,168.29,135,50,Paid Social,France,Standard,0.147,0,3926.95
CUST-11548,2,7,149.12,155,42,Google Ads,United Kingdom,Bronze,0.137,0,2205.93
CUST-11549,46,5,213.35,406,45,Paid Social,Indonesia,Silver,0.311,0,2874.87
CUST-11550,137,9,120.26,800,41,Organic Search,Germany,Gold,0.11,0,4061.95
CUST-11551,42,16,200.83,308,65,Google Ads,United States,Bronze,0.202,0,6905.11
CUST-11552,77,2,41.32,354,48,Direct,United Kingdom,Bronze,0.368,1,19.89
CUST-11553,98,10,66.77,248,35,Paid Social,Germany,Silver,0.106,1,381.06
CUST-11554,12,12,105.34,45,40,Paid Social,France,Standard,0.28,0,2187.22
CUST-11555,11,21,129.42,223,24,Paid Social,United Kingdom,Gold,0.113,0,10167.03
CUST-11556,43,10,208.3,86,67,Direct,United Kingdom,Standard,0.117,0,3774.57
CUST-11557,24,9,149.39,89,25,Direct,France,Bronze,0.105,0,2925.75
CUST-11558,83,15,71.2,319,32,Organic Search,United Kingdom,Bronze,0.065,0,2267.2
CUST-11559,104,9,173.54,311,55,Google Ads,Germany,Standard,0.099,0,2804.87
CUST-11560,20,10,83.42,102,45,Email Referral,Germany,Standard,0.417,0,1570.82
CUST-11561,13,7,100.64,294,44,Organic Search,United Kingdom,Silver,0.131,0,1870.79
CUST-11562,69,10,179.44,588,38,Paid Social,United Kingdom,Standard,0.061,0,3216.56
CUST-11563,15,15,79.23,171,61,Organic Search,Australia,Standard,0.015,0,2236.14
CUST-11564,78,6,175.7,296,44,Google Ads,United Kingdom,Bronze,0.007,1,588.67
CUST-11565,25,14,43.56,97,64,Organic Search,United Kingdom,Gold,0.213,0,2350.47
CUST-11566,50,7,72.05,701,64,Google Ads,United Kingdom,Standard,0.032,0,943.33
CUST-11567,5,4,68.37,77,59,Direct,United Kingdom,Bronze,0.112,0,615.99
CUST-11568,45,13,87.18,453,58,Organic Search,Germany,Standard,0.075,0,2003.74
CUST-11569,28,13,85.99,516,31,Email Referral,United Kingdom,Bronze,0.235,0,2365.93
CUST-11570,40,4,69.77,283,38,Paid Social,Germany,Platinum,0.227,1,435.59
CUST-11571,9,9,109.75,324,31,Direct,France,Standard,0.173,0,1804.12
CUST-11572,61,8,38.14,186,66,Google Ads,France,Platinum,0.104,0,1769.09
CUST-11573,90,9,37.79,558,60,Email Referral,Germany,Gold,0.148,0,1300.21
CUST-11574,11,13,160.23,270,23,Direct,United States,Bronze,0.218,0,4460.64
CUST-11575,5,15,57.45,91,29,Organic Search,Indonesia,Silver,0.172,0,2267.84
CUST-11576,2,18,94.25,23,45,Paid Social,Germany,Gold,0.19,0,6376.11
CUST-11577,47,5,131.22,202,66,Google Ads,United Kingdom,Silver,0.088,0,1758.93
CUST-11578,43,6,300.2,388,46,Organic Search,Germany,Standard,0.021,1,780.8
CUST-11579,36,3,126.64,405,54,Direct,France,Silver,0.095,0,1104.18
CUST-11580,12,7,231.74,351,55,Email Referral,United Kingdom,Standard,0.218,0,2993.71
CUST-11581,23,8,147.55,81,20,Paid Social,United Kingdom,Gold,0.075,0,4504.54
CUST-11582,41,16,346.99,155,50,Paid Social,Indonesia,Standard,0.087,0,10054.34
CUST-11583,31,14,217.92,217,67,Organic Search,France,Bronze,0.135,0,6525.2
CUST-11584,199,6,129.79,412,63,Organic Search,United Kingdom,Bronze,0.169,1,456.41
CUST-11585,7,18,176.91,95,29,Paid Social,Germany,Standard,0.095,0,5730.11
CUST-11586,54,11,108.99,281,29,Google Ads,United Kingdom,Silver,0.054,0,3213.97
CUST-11587,24,4,108.35,199,28,Paid Social,United Kingdom,Gold,0.293,0,1624.12
CUST-11588,26,6,337.29,191,45,Paid Social,United Kingdom,Standard,0.09,0,3629.22
CUST-11589,57,12,58.84,267,68,Paid Social,France,Standard,0.241,0,1251.99
CUST-11590,54,14,122.42,235,52,Organic Search,Australia,Bronze,0.112,0,3671.22
CUST-11591,214,10,155.99,261,51,Direct,United States,Bronze,0.136,1,775.32
CUST-11592,7,11,96.12,395,39,Organic Search,United Kingdom,Standard,0.189,0,1824.57
CUST-11593,5,8,161.09,69,56,Paid Social,United Kingdom,Silver,0.092,0,3499.63
CUST-11594,58,17,108.56,318,40,Google Ads,Germany,Silver,0.192,0,4842.44
CUST-11595,39,5,175.36,88,29,Paid Social,United Kingdom,Standard,0.276,0,1675.51
CUST-11596,15,16,61.35,224,36,Paid Social,United States,Bronze,0.054,0,2089.17
CUST-11597,4,14,81.93,425,48,Direct,United Kingdom,Bronze,0.116,0,2387.57
CUST-11598,5,7,74.82,21,30,Email Referral,United Kingdom,Standard,0.123,0,968.84
CUST-11599,102,10,46.33,818,36,Organic Search,Germany,Platinum,0.25,0,2661.84
CUST-11600,10,10,246.57,30,53,Google Ads,United Kingdom,Standard,0.134,0,4390.87
CUST-11601,18,13,90.98,35,39,Organic Search,France,Bronze,0.187,0,2526.01
CUST-11602,12,21,210.54,377,61,Paid Social,Indonesia,Standard,0.104,0,7953.96
CUST-11603,20,5,94.77,257,47,Google Ads,France,Standard,0.017,0,907.14
CUST-11604,4,8,133.09,39,21,Direct,United States,Standard,0.283,0,1784.25
CUST-11605,33,13,314.04,546,30,Paid Social,Germany,Standard,0.185,0,7364.46
CUST-11606,4,21,212.49,219,37,Organic Search,United Kingdom,Silver,0.109,0,12130.47
CUST-11607,73,18,213.19,109,56,Email Referral,United Kingdom,Standard,0.134,0,6866.62
CUST-11608,12,7,107.73,381,23,Direct,France,Bronze,0.051,0,1666.28
CUST-11609,35,15,56.09,168,61,Email Referral,Germany,Gold,0.119,0,3213.87
CUST-11610,96,15,67.87,169,29,Email Referral,Germany,Standard,0.25,0,1926.56
CUST-11611,48,2,108.1,376,33,Paid Social,United Kingdom,Gold,0.091,0,828.97
CUST-11612,35,8,274.04,291,62,Email Referral,France,Standard,0.048,0,3981.35
CUST-11613,18,16,160.17,208,34,Google Ads,France,Standard,0.032,0,4666.16
CUST-11614,19,3,220.49,445,25,Paid Social,United Kingdom,Bronze,0.027,0,1459.64
CUST-11615,50,18,156.27,420,50,Organic Search,United States,Gold,0.202,0,10587.97
CUST-11616,232,3,90.46,293,61,Paid Social,Indonesia,Standard,0.216,1,85.69
CUST-11617,49,5,91.09,443,69,Paid Social,United Kingdom,Silver,0.259,0,1243.08
CUST-11618,37,4,153.21,136,56,Paid Social,Germany,Standard,0.042,0,1146.49
CUST-11619,60,26,321.16,176,29,Organic Search,Indonesia,Bronze,0.022,0,18053.25
CUST-11620,29,11,108.81,689,43,Paid Social,Germany,Bronze,0.044,0,2533.51
CUST-11621,3,12,130.36,274,36,Google Ads,United States,Bronze,0.11,0,3366.66
CUST-11622,38,43,60.33,122,30,Paid Social,United Kingdom,Gold,0.304,0,9736.68
CUST-11623,143,12,176.91,345,27,Direct,United Kingdom,Gold,0.052,1,2035.56
CUST-11624,9,11,105.91,163,51,Email Referral,United Kingdom,Standard,0.44,0,2195.99
CUST-11625,53,3,141.88,90,48,Paid Social,Australia,Bronze,0.015,0,945.72
CUST-11626,11,7,91.91,419,44,Organic Search,United Kingdom,Silver,0.148,0,1639.32
CUST-11627,35,1,215.4,360,20,Email Referral,Indonesia,Silver,0.036,0,586.83
CUST-11628,5,17,192.28,290,61,Paid Social,United Kingdom,Standard,0.124,0,5883.04
CUST-11629,27,13,64.28,189,22,Direct,United Kingdom,Standard,0.206,0,1477.63
CUST-11630,64,4,56.15,123,22,Organic Search,United Kingdom,Silver,0.149,0,504.18
CUST-11631,20,13,116.77,422,54,Organic Search,Germany,Standard,0.326,0,2756.35
CUST-11632,50,10,84.73,143,24,Organic Search,United Kingdom,Standard,0.037,0,1572.52
CUST-11633,72,4,154.89,90,57,Email Referral,Indonesia,Standard,0.177,1,234.6
CUST-11634,118,11,181.35,853,68,Google Ads,Indonesia,Bronze,0.381,1,1032.53
CUST-11635,13,15,352.46,383,65,Organic Search,United Kingdom,Standard,0.442,0,9500.55
CUST-11636,23,5,114.22,213,59,Email Referral,France,Bronze,0.255,0,1320.71
CUST-11637,8,14,49.01,25,30,Organic Search,Germany,Standard,0.093,0,1220.88
CUST-11638,221,6,94.08,282,51,Email Referral,Australia,Silver,0.148,1,342.73
CUST-11639,118,14,47.75,241,53,Organic Search,United Kingdom,Standard,0.079,0,1183.33
CUST-11640,35,15,80.33,228,51,Email Referral,Germany,Standard,0.162,0,2197.86
CUST-11641,84,21,142.79,320,20,Paid Social,United Kingdom,Silver,0.095,0,7995.04
CUST-11642,34,10,121.12,328,27,Organic Search,France,Standard,0.103,0,2168.57
CUST-11643,44,6,170.69,205,60,Email Referral,United Kingdom,Bronze,0.091,0,2194.75
CUST-11644,5,8,94.76,212,52,Email Referral,France,Gold,0.388,0,2860.14
CUST-11645,64,4,42.87,379,54,Email Referral,Indonesia,Bronze,0.183,0,335.61
CUST-11646,7,3,301.35,251,69,Paid Social,Germany,Standard,0.066,0,1560.75
CUST-11647,79,5,101.64,651,23,Email Referral,Germany,Standard,0.028,0,961.37
CUST-11648,69,2,20.05,457,38,Paid Social,Germany,Bronze,0.032,1,0.0
CUST-11649,56,7,134.48,104,62,Direct,Germany,Silver,0.026,0,2619.91
CUST-11650,2,5,150.79,547,22,Direct,Germany,Standard,0.162,0,1374.5
CUST-11651,17,7,40.19,73,20,Email Referral,Germany,Standard,0.282,0,540.46
CUST-11652,14,9,115.54,882,37,Direct,Australia,Standard,0.164,0,1874.91
CUST-11653,21,10,153.06,253,47,Direct,United Kingdom,Silver,0.197,0,4191.54
CUST-11654,5,11,209.9,197,29,Organic Search,United Kingdom,Silver,0.333,0,6260.84
CUST-11655,125,3,228.19,210,52,Direct,United Kingdom,Bronze,0.308,1,434.91
CUST-11656,37,17,166.88,77,49,Organic Search,Germany,Bronze,0.063,0,6170.13
CUST-11657,17,10,204.49,56,36,Organic Search,United Kingdom,Silver,0.051,0,5577.12
CUST-11658,23,11,209.12,400,32,Direct,Indonesia,Standard,0.006,0,4104.84
CUST-11659,27,16,148.66,143,27,Organic Search,Germany,Bronze,0.065,0,5118.66
CUST-11660,42,10,257.96,204,43,Email Referral,Indonesia,Platinum,0.181,1,3715.43
CUST-11661,33,7,245.95,531,23,Direct,United Kingdom,Bronze,0.249,0,3718.94
CUST-11662,114,3,15.45,182,65,Organic Search,United Kingdom,Standard,0.068,1,49.62
CUST-11663,31,17,39.82,305,64,Organic Search,United Kingdom,Standard,0.158,0,1181.01
CUST-11664,219,6,147.8,348,43,Email Referral,Germany,Bronze,0.243,1,478.56
CUST-11665,86,5,120.02,144,19,Google Ads,United Kingdom,Standard,0.154,1,301.4
CUST-11666,11,20,70.54,371,66,Google Ads,United States,Bronze,0.16,0,2951.56
CUST-11667,121,4,146.87,341,65,Google Ads,United States,Bronze,0.09,1,370.08
CUST-11668,6,12,245.11,38,49,Organic Search,France,Gold,0.051,0,11220.44
CUST-11669,77,10,94.58,232,20,Paid Social,Indonesia,Bronze,0.479,0,1997.16
CUST-11670,22,7,108.26,380,36,Email Referral,Germany,Bronze,0.122,0,1710.87
CUST-11671,95,4,150.33,122,53,Email Referral,Germany,Standard,0.194,1,281.92
CUST-11672,92,19,167.75,203,37,Paid Social,Germany,Standard,0.1,0,5692.77
CUST-11673,74,13,159.83,383,47,Paid Social,United Kingdom,Standard,0.044,0,3781.41
CUST-11674,71,16,36.09,437,54,Paid Social,Germany,Standard,0.12,0,1136.37
CUST-11675,17,9,294.35,300,62,Google Ads,Germany,Standard,0.156,0,4748.32
CUST-11676,4,12,175.95,84,37,Direct,United States,Bronze,0.042,0,4507.31
CUST-11677,24,2,417.31,166,51,Organic Search,United Kingdom,Bronze,0.175,0,1691.05
CUST-11678,9,15,174.75,267,61,Paid Social,United Kingdom,Standard,0.181,0,4711.01
CUST-11679,54,20,85.52,98,34,Paid Social,Germany,Standard,0.337,0,3086.88
CUST-11680,20,10,130.3,197,59,Direct,United States,Silver,0.21,0,3608.81
CUST-11681,168,9,86.04,412,40,Direct,Australia,Bronze,0.187,1,511.18
CUST-11682,47,10,212.51,403,58,Email Referral,United Kingdom,Standard,0.23,0,3792.02
CUST-11683,78,12,172.63,114,26,Organic Search,France,Silver,0.185,0,5633.59
CUST-11684,7,7,177.04,93,44,Organic Search,Germany,Bronze,0.023,0,2619.3
CUST-11685,90,10,48.49,245,34,Paid Social,United Kingdom,Standard,0.012,0,876.47
CUST-11686,116,9,294.24,348,58,Direct,France,Standard,0.022,0,4760.19
CUST-11687,31,17,185.47,281,63,Organic Search,United Kingdom,Bronze,0.091,0,6766.65
CUST-11688,42,11,19.25,109,34,Google Ads,United States,Bronze,0.169,0,451.36
CUST-11689,66,5,131.15,83,66,Organic Search,France,Silver,0.248,0,1812.68
CUST-11690,9,6,182.31,237,19,Paid Social,France,Standard,0.168,0,2023.77
CUST-11691,32,3,134.96,478,32,Google Ads,United Kingdom,Bronze,0.211,0,867.29
CUST-11692,23,4,257.48,325,28,Email Referral,Indonesia,Bronze,0.163,0,2220.27
CUST-11693,8,14,88.95,198,54,Google Ads,Indonesia,Bronze,0.202,0,2597.88
CUST-11694,21,3,156.39,719,58,Google Ads,Indonesia,Standard,0.09,0,858.2
CUST-11695,4,16,82.83,121,26,Paid Social,United Kingdom,Standard,0.089,0,2372.23
CUST-11696,2,22,96.62,151,31,Paid Social,Germany,Standard,0.174,0,3821.63
CUST-11697,7,6,23.31,24,25,Google Ads,United Kingdom,Platinum,0.327,0,781.52
CUST-11698,149,13,130.92,689,60,Organic Search,United Kingdom,Bronze,0.048,0,3628.79
CUST-11699,36,3,101.67,208,29,Paid Social,United Kingdom,Standard,0.115,0,505.35
CUST-11700,152,23,169.3,256,24,Direct,Germany,Bronze,0.182,0,8376.99
CUST-11701,26,11,197.14,49,20,Google Ads,United Kingdom,Gold,0.162,0,8130.74
CUST-11702,17,22,46.64,113,43,Google Ads,Germany,Bronze,0.013,0,2230.9
CUST-11703,32,9,83.22,47,20,Organic Search,Germany,Standard,0.103,0,1376.19
CUST-11704,27,8,122.94,112,63,Google Ads,Indonesia,Gold,0.015,0,3710.82
CUST-11705,6,7,255.21,565,21,Direct,Indonesia,Gold,0.035,0,6761.69
CUST-11706,47,4,91.95,92,49,Email Referral,France,Standard,0.061,0,650.56
CUST-11707,11,9,12.26,167,63,Organic Search,United States,Standard,0.131,0,255.73
CUST-11708,44,13,235.78,96,31,Paid Social,United Kingdom,Platinum,0.246,0,17657.91
CUST-11709,48,5,160.53,338,20,Google Ads,United Kingdom,Bronze,0.065,0,1747.61
CUST-11710,8,7,166.08,171,30,Google Ads,Germany,Standard,0.014,0,2132.79
CUST-11711,3,2,227.47,58,25,Paid Social,France,Standard,0.231,0,817.7
CUST-11712,69,16,144.78,446,55,Paid Social,United States,Standard,0.134,0,4239.32
CUST-11713,28,13,267.24,318,19,Email Referral,Germany,Bronze,0.176,0,7470.87
CUST-11714,3,3,185.48,561,55,Email Referral,Indonesia,Standard,0.086,0,1087.89
CUST-11715,238,19,173.3,253,69,Paid Social,United States,Standard,0.302,1,1471.88
CUST-11716,3,4,71.62,127,63,Paid Social,United Kingdom,Standard,0.026,0,483.03
CUST-11717,54,3,59.77,1643,48,Email Referral,Germany,Standard,0.275,1,2.25
CUST-11718,186,11,245.3,501,56,Organic Search,Australia,Standard,0.231,1,1257.81
CUST-11719,13,23,57.38,348,44,Organic Search,Germany,Gold,0.075,0,4970.34
CUST-11720,7,13,301.48,196,34,Email Referral,United Kingdom,Standard,0.084,0,7061.81
CUST-11721,6,13,214.92,245,52,Organic Search,United Kingdom,Bronze,0.303,0,6048.02
CUST-11722,17,15,106.25,326,63,Google Ads,Germany,Standard,0.137,0,2844.37
CUST-11723,5,5,95.57,37,41,Google Ads,France,Bronze,0.157,0,1085.83
CUST-11724,54,8,101.16,281,18,Email Referral,United Kingdom,Standard,0.155,0,1479.45
CUST-11725,3,12,64.85,322,46,Direct,United States,Standard,0.356,0,1358.18
CUST-11726,33,7,191.3,55,43,Organic Search,Indonesia,Gold,0.451,0,4994.59
CUST-11727,258,10,181.08,336,61,Organic Search,United States,Standard,0.38,1,853.92
CUST-11728,76,11,123.27,161,52,Organic Search,Indonesia,Bronze,0.324,0,2916.84
CUST-11729,43,15,60.31,405,68,Google Ads,United Kingdom,Silver,0.086,0,2477.45
CUST-11730,17,17,292.5,304,61,Paid Social,Germany,Silver,0.086,0,13413.27
CUST-11731,45,3,63.94,252,41,Organic Search,United Kingdom,Platinum,0.043,0,1115.49
CUST-11732,34,6,109.66,343,63,Organic Search,United States,Standard,0.046,0,1224.6
CUST-11733,25,17,92.86,148,50,Google Ads,Australia,Gold,0.025,0,5892.12
CUST-11734,7,10,71.4,396,43,Email Referral,United Kingdom,Bronze,0.064,0,1626.54
CUST-11735,98,2,40.37,161,54,Paid Social,Germany,Standard,0.158,1,55.11
CUST-11736,27,6,49.39,261,56,Direct,United Kingdom,Bronze,0.084,0,537.89
CUST-11737,10,8,85.23,74,69,Google Ads,United Kingdom,Silver,0.056,0,1908.37
CUST-11738,21,6,131.35,43,68,Organic Search,Germany,Standard,0.026,0,1468.01
CUST-11739,25,17,248.76,100,43,Paid Social,United States,Bronze,0.043,0,9124.97
CUST-11740,80,10,95.89,217,55,Paid Social,United Kingdom,Standard,0.518,1,501.29
CUST-11741,60,11,86.5,408,67,Google Ads,United Kingdom,Silver,0.13,0,2537.11
CUST-11742,66,2,54.38,208,55,Organic Search,United Kingdom,Bronze,0.208,0,228.41
CUST-11743,1,6,88.52,51,28,Paid Social,United Kingdom,Standard,0.104,0,1073.24
CUST-11744,25,9,124.07,927,46,Email Referral,France,Standard,0.337,0,2035.98
CUST-11745,30,7,102.42,101,46,Direct,United Kingdom,Gold,0.39,0,2764.23
CUST-11746,1,15,94.44,775,20,Google Ads,Germany,Standard,0.064,0,2590.72
CUST-11747,14,9,153.56,524,26,Paid Social,France,Standard,0.101,0,2418.38
CUST-11748,65,14,187.62,220,52,Email Referral,Germany,Bronze,0.408,0,5688.58
CUST-11749,7,2,176.08,39,23,Google Ads,Indonesia,Standard,0.056,0,644.25
CUST-11750,35,23,113.17,263,26,Email Referral,United States,Standard,0.321,0,4744.53
CUST-11751,11,15,203.63,362,25,Google Ads,United Kingdom,Silver,0.164,0,8322.06
CUST-11752,1,10,113.39,122,44,Google Ads,United Kingdom,Standard,0.125,0,2105.51
CUST-11753,13,9,215.69,77,51,Google Ads,Indonesia,Standard,0.14,0,3470.52
CUST-11754,168,13,296.18,475,68,Organic Search,United Kingdom,Silver,0.142,0,10324.06
CUST-11755,73,8,20.47,229,41,Paid Social,United Kingdom,Platinum,0.08,0,968.24
CUST-11756,145,11,145.68,199,65,Paid Social,United States,Silver,0.03,1,1077.24
CUST-11757,31,2,256.3,583,22,Email Referral,United Kingdom,Bronze,0.257,1,224.22
CUST-11758,6,5,148.7,553,27,Paid Social,Germany,Standard,0.218,1,299.76
CUST-11759,36,5,258.67,133,37,Paid Social,France,Gold,0.445,0,4885.91
CUST-11760,28,11,191.34,54,39,Paid Social,United States,Silver,0.043,0,5695.71
CUST-11761,84,21,97.89,278,29,Direct,Indonesia,Bronze,0.068,0,4412.49
CUST-11762,5,8,199.07,88,61,Paid Social,Germany,Gold,0.266,0,6019.08
CUST-11763,31,5,44.24,58,46,Organic Search,United States,Bronze,0.161,0,474.15
CUST-11764,8,12,110.09,423,48,Organic Search,United Kingdom,Platinum,0.288,0,7623.16
CUST-11765,18,20,132.4,1162,23,Organic Search,United Kingdom,Gold,0.02,0,9960.65
CUST-11766,61,5,113.39,153,63,Direct,United Kingdom,Bronze,0.213,1,271.25
CUST-11767,30,5,59.83,290,24,Direct,United Kingdom,Gold,0.079,0,1198.22
CUST-11768,22,8,135.14,49,50,Paid Social,France,Standard,0.062,0,1933.06
CUST-11769,23,14,113.4,121,63,Email Referral,United Kingdom,Silver,0.374,0,4310.34
CUST-11770,28,21,72.02,63,32,Google Ads,Germany,Standard,0.187,0,2661.46
CUST-11771,70,11,300.97,95,30,Organic Search,Germany,Gold,0.146,0,12573.72
CUST-11772,101,4,86.43,275,41,Paid Social,United Kingdom,Standard,0.201,1,213.15
CUST-11773,140,5,99.4,446,47,Email Referral,France,Gold,0.024,1,484.61
CUST-11774,70,4,151.19,193,50,Google Ads,France,Standard,0.117,1,241.44
CUST-11775,18,15,104.46,166,37,Email Referral,France,Bronze,0.044,0,3312.69
CUST-11776,53,17,126.9,124,36,Paid Social,United States,Standard,0.039,0,3996.86
CUST-11777,26,2,193.21,280,36,Direct,United Kingdom,Silver,0.138,0,1023.06
CUST-11778,14,15,46.13,109,55,Email Referral,Australia,Bronze,0.113,0,1422.93
CUST-11779,83,4,259.12,110,41,Google Ads,United Kingdom,Gold,0.122,1,949.64
CUST-11780,2,8,98.09,49,22,Paid Social,France,Silver,0.6,0,2138.71
CUST-11781,105,13,53.5,144,39,Organic Search,Australia,Silver,0.221,0,1815.48
CUST-11782,28,29,107.62,146,39,Organic Search,United Kingdom,Standard,0.337,0,5588.24
CUST-11783,46,2,120.14,73,45,Direct,United Kingdom,Standard,0.037,0,360.46
CUST-11784,49,5,39.11,359,34,Organic Search,Germany,Gold,0.026,0,811.34
CUST-11785,102,7,179.46,546,48,Email Referral,United States,Standard,0.227,1,561.16
CUST-11786,46,13,58.78,112,64,Paid Social,United Kingdom,Gold,0.055,0,2815.83
CUST-11787,43,6,149.99,177,24,Paid Social,United States,Standard,0.178,0,1574.89
CUST-11788,4,9,152.11,150,34,Paid Social,United Kingdom,Standard,0.331,0,2431.92
CUST-11789,33,13,110.86,803,29,Organic Search,Indonesia,Gold,0.067,0,5448.81
CUST-11790,8,20,87.72,35,24,Organic Search,United Kingdom,Silver,0.138,0,4691.3
CUST-11791,61,18,210.02,274,46,Organic Search,France,Standard,0.096,0,6786.39
CUST-11792,33,12,98.88,124,62,Organic Search,United Kingdom,Standard,0.24,0,2103.94
CUST-11793,52,4,120.58,192,25,Organic Search,United Kingdom,Gold,0.045,0,1751.34
CUST-11794,2,14,87.99,61,21,Email Referral,United Kingdom,Standard,0.06,0,2171.59
CUST-11795,4,4,95.67,50,57,Organic Search,Germany,Standard,0.013,0,650.24
CUST-11796,57,9,75.81,122,33,Organic Search,United States,Bronze,0.205,0,1412.78
CUST-11797,4,4,118.04,32,33,Email Referral,United States,Standard,0.174,0,777.71
CUST-11798,4,20,123.93,77,39,Organic Search,Germany,Standard,0.256,0,4431.72
CUST-11799,1,11,96.23,227,28,Direct,United Kingdom,Bronze,0.079,0,2329.66
CUST-11800,142,8,86.67,346,58,Paid Social,Indonesia,Gold,0.388,1,647.83
CUST-11801,61,22,244.23,221,28,Direct,Indonesia,Platinum,0.242,0,30789.67
CUST-11802,20,5,136.67,35,22,Organic Search,Germany,Bronze,0.222,0,1526.54
CUST-11803,16,15,219.92,55,59,Organic Search,France,Bronze,0.072,0,7090.76
CUST-11804,20,4,140.47,368,55,Email Referral,United Kingdom,Silver,0.064,0,1588.97
CUST-11805,68,5,76.09,140,65,Paid Social,United Kingdom,Standard,0.268,1,211.54
CUST-11806,49,5,128.54,501,29,Email Referral,United Kingdom,Gold,0.207,0,2414.07
CUST-11807,10,22,156.5,398,57,Paid Social,France,Standard,0.069,0,6187.65
CUST-11808,9,7,66.8,54,42,Paid Social,United States,Standard,0.332,0,784.64
CUST-11809,5,17,56.84,431,62,Google Ads,Indonesia,Bronze,0.079,0,2119.74
CUST-11810,49,16,115.18,241,30,Organic Search,United Kingdom,Standard,0.145,0,3398.01
CUST-11811,66,7,55.68,260,65,Paid Social,Germany,Standard,0.035,1,139.05
CUST-11812,14,9,7.9,373,43,Paid Social,United Kingdom,Standard,0.267,0,97.83
CUST-11813,1,14,141.44,109,28,Email Referral,France,Standard,0.051,0,3662.97
CUST-11814,4,4,52.59,258,57,Organic Search,United Kingdom,Silver,0.163,0,572.29
CUST-11815,155,9,119.45,368,40,Paid Social,Germany,Bronze,0.289,1,504.33
CUST-11816,16,7,95.38,296,30,Paid Social,France,Standard,0.073,0,1133.6
CUST-11817,66,2,69.14,275,50,Direct,United States,Standard,0.2,1,147.44
CUST-11818,45,6,202.43,75,69,Google Ads,United Kingdom,Bronze,0.161,0,2647.18
CUST-11819,22,13,162.44,99,69,Organic Search,United Kingdom,Silver,0.06,0,5649.13
CUST-11820,11,2,189.99,532,45,Paid Social,United Kingdom,Bronze,0.258,0,837.62
CUST-11821,6,3,254.02,66,68,Google Ads,Germany,Gold,0.198,0,2838.98
CUST-11822,43,7,171.51,173,21,Paid Social,United Kingdom,Standard,0.013,0,2065.02
CUST-11823,68,13,92.7,162,45,Paid Social,United Kingdom,Bronze,0.07,0,2585.74
CUST-11824,47,4,75.46,78,51,Paid Social,Australia,Silver,0.038,0,814.53
CUST-11825,35,18,79.84,85,68,Paid Social,United Kingdom,Gold,0.018,0,5353.96
CUST-11826,2,7,238.02,77,68,Organic Search,Germany,Standard,0.273,0,2936.21
CUST-11827,156,6,68.16,283,27,Email Referral,United Kingdom,Standard,0.049,1,133.95
CUST-11828,73,12,60.39,461,66,Email Referral,Germany,Standard,0.092,0,1294.21
CUST-11829,16,17,152.8,161,69,Organic Search,United Kingdom,Bronze,0.036,0,5617.25
CUST-11830,176,10,93.17,380,25,Email Referral,Germany,Standard,0.206,1,347.12
CUST-11831,42,5,76.97,156,26,Paid Social,Germany,Gold,0.041,0,1425.63
CUST-11832,40,14,106.33,422,35,Organic Search,Australia,Platinum,0.205,0,8550.92
CUST-11833,63,12,73.72,273,19,Email Referral,United Kingdom,Standard,0.263,0,1505.47
CUST-11834,76,5,331.96,108,35,Google Ads,Germany,Bronze,0.037,1,907.53
CUST-11835,49,26,201.0,180,57,Email Referral,United Kingdom,Standard,0.163,0,9436.64
CUST-11836,7,4,231.81,338,19,Google Ads,Germany,Gold,0.045,0,3520.56
CUST-11837,19,8,194.11,272,39,Paid Social,United Kingdom,Standard,0.258,0,2729.1
CUST-11838,119,12,125.25,558,33,Organic Search,France,Platinum,0.192,0,8687.18
CUST-11839,12,6,294.02,73,54,Email Referral,United Kingdom,Standard,0.246,0,3170.35
CUST-11840,21,16,111.09,716,49,Organic Search,Germany,Standard,0.154,0,3248.52
CUST-11841,26,6,115.67,101,27,Google Ads,Germany,Bronze,0.096,0,1523.0
CUST-11842,27,21,259.61,51,58,Paid Social,Germany,Standard,0.111,0,9828.86
CUST-11843,43,7,246.82,181,51,Email Referral,United Kingdom,Standard,0.06,0,3095.83
CUST-11844,129,12,80.2,165,65,Email Referral,United Kingdom,Bronze,0.184,1,567.5
CUST-11845,13,13,240.92,233,33,Google Ads,Germany,Silver,0.241,0,8399.12
CUST-11846,6,6,159.96,436,66,Google Ads,United Kingdom,Gold,0.161,0,3564.7
CUST-11847,10,10,71.31,482,51,Organic Search,United Kingdom,Standard,0.09,0,1420.68
CUST-11848,99,6,58.72,282,54,Organic Search,United States,Silver,0.137,1,140.69
CUST-11849,47,5,66.09,199,57,Google Ads,United States,Silver,0.132,0,832.65
CUST-11850,16,15,194.83,951,51,Paid Social,France,Silver,0.062,0,7930.8
CUST-11851,77,4,80.21,247,61,Paid Social,France,Standard,0.149,1,63.02
CUST-11852,89,8,144.87,576,30,Organic Search,United States,Standard,0.036,0,2122.95
CUST-11853,85,1,151.48,547,65,Email Referral,United Kingdom,Standard,0.141,1,129.51
CUST-11854,114,9,84.17,190,54,Organic Search,Germany,Bronze,0.063,0,1703.57
CUST-11855,14,13,125.35,31,29,Google Ads,United Kingdom,Gold,0.113,0,6163.03
CUST-11856,64,4,69.8,183,32,Organic Search,United States,Silver,0.579,0,695.19
CUST-11857,28,8,111.41,398,47,Paid Social,Germany,Silver,0.134,0,2360.74
CUST-11858,84,4,95.06,424,48,Organic Search,United States,Standard,0.135,0,747.69
CUST-11859,59,8,167.25,240,46,Email Referral,United States,Standard,0.038,0,2315.11
CUST-11860,68,9,216.59,113,51,Direct,Germany,Standard,0.323,0,3549.93
CUST-11861,49,11,45.69,84,49,Organic Search,Germany,Bronze,0.046,0,1005.2
CUST-11862,9,2,62.49,580,61,Organic Search,United Kingdom,Standard,0.276,1,51.48
CUST-11863,36,18,208.17,149,40,Paid Social,Germany,Standard,0.232,0,6713.56
CUST-11864,189,2,90.26,392,27,Email Referral,France,Standard,0.441,1,59.08
CUST-11865,125,15,278.1,565,25,Direct,United Kingdom,Standard,0.247,0,7575.77
CUST-11866,2,2,232.73,384,38,Organic Search,Australia,Standard,0.227,0,810.88
CUST-11867,9,14,67.1,174,28,Google Ads,Australia,Platinum,0.1,0,5463.08
CUST-11868,7,11,152.02,142,29,Paid Social,United Kingdom,Standard,0.036,0,2974.01
CUST-11869,59,19,115.85,313,66,Organic Search,France,Silver,0.025,0,5956.21
CUST-11870,77,6,36.13,169,56,Organic Search,United Kingdom,Platinum,0.154,0,1242.29
CUST-11871,11,7,69.57,202,64,Direct,France,Standard,0.108,0,807.93
CUST-11872,32,4,97.09,51,36,Google Ads,France,Gold,0.036,0,1400.48
CUST-11873,83,20,32.29,411,51,Paid Social,United States,Standard,0.126,0,1149.31
CUST-11874,60,10,63.37,1196,55,Direct,United Kingdom,Platinum,0.115,0,3630.43
CUST-11875,36,6,144.9,608,51,Organic Search,Indonesia,Gold,0.229,1,855.41
CUST-11876,41,3,72.06,136,63,Paid Social,Indonesia,Gold,0.077,1,111.53
CUST-11877,32,3,129.98,183,43,Email Referral,France,Standard,0.399,1,134.04
CUST-11878,16,15,112.9,79,57,Direct,Germany,Gold,0.099,0,6422.96
CUST-11879,38,7,57.24,117,33,Paid Social,France,Gold,0.056,0,1502.11
CUST-11880,53,9,208.71,178,36,Google Ads,France,Silver,0.059,0,4998.91
CUST-11881,93,4,28.55,355,67,Direct,Australia,Standard,0.183,0,223.56
CUST-11882,46,17,208.26,64,46,Organic Search,United Kingdom,Standard,0.06,0,6415.19
CUST-11883,65,7,81.61,170,62,Organic Search,United Kingdom,Standard,0.094,0,978.4
CUST-11884,8,7,87.39,169,55,Organic Search,United States,Silver,0.022,0,1700.01
CUST-11885,28,5,124.76,86,53,Google Ads,Germany,Standard,0.135,0,1093.03
CUST-11886,1,16,126.53,30,38,Email Referral,France,Platinum,0.081,0,11643.19
CUST-11887,13,14,143.91,167,27,Organic Search,United Kingdom,Bronze,0.261,0,4325.2
CUST-11888,59,12,160.44,256,64,Paid Social,France,Standard,0.058,0,3516.21
CUST-11889,217,13,137.72,416,40,Paid Social,France,Bronze,0.149,1,958.64
CUST-11890,5,9,148.39,99,61,Email Referral,Germany,Silver,0.143,0,3644.53
CUST-11891,24,15,263.57,87,69,Google Ads,United States,Standard,0.307,0,7092.11
CUST-11892,73,7,37.94,132,61,Organic Search,Indonesia,Standard,0.089,0,496.0
CUST-11893,11,8,100.26,33,24,Paid Social,United States,Bronze,0.364,0,1678.12
CUST-11894,37,5,123.57,88,55,Organic Search,United Kingdom,Bronze,0.276,0,1384.61
CUST-11895,60,10,34.58,382,22,Google Ads,France,Silver,0.257,0,918.33
CUST-11896,44,15,44.47,59,36,Email Referral,Germany,Standard,0.077,0,1263.15
CUST-11897,10,6,42.71,33,63,Email Referral,United Kingdom,Standard,0.03,0,458.65
CUST-11898,20,4,65.19,59,50,Organic Search,Indonesia,Bronze,0.12,1,145.59
CUST-11899,69,2,160.1,182,41,Paid Social,Germany,Bronze,0.302,1,287.23
CUST-11900,37,9,57.47,125,60,Google Ads,Germany,Bronze,0.124,0,1154.49
CUST-11901,1,2,78.07,51,40,Email Referral,United States,Bronze,0.296,0,346.99
CUST-11902,65,5,123.07,101,39,Google Ads,Germany,Standard,0.177,0,1046.67
CUST-11903,2,13,100.31,520,53,Organic Search,Indonesia,Standard,0.286,0,2309.49
CUST-11904,62,12,109.23,512,63,Organic Search,United Kingdom,Standard,0.064,0,2398.64
CUST-11905,11,10,197.48,292,38,Paid Social,United States,Bronze,0.064,0,4248.94
CUST-11906,143,5,159.97,210,35,Paid Social,United Kingdom,Standard,0.089,1,349.58
CUST-11907,21,8,246.73,106,55,Organic Search,United Kingdom,Standard,0.087,0,3498.81
CUST-11908,18,12,53.22,230,44,Paid Social,United Kingdom,Standard,0.239,0,1169.8
CUST-11909,8,10,176.95,85,54,Email Referral,United Kingdom,Standard,0.155,0,3190.31
CUST-11910,17,5,43.59,168,66,Email Referral,France,Gold,0.003,0,859.5
CUST-11911,95,10,33.48,299,42,Organic Search,France,Bronze,0.31,0,785.07
CUST-11912,253,15,161.42,399,56,Direct,United Kingdom,Bronze,0.024,1,1329.94
CUST-11913,21,24,154.48,131,47,Email Referral,United Kingdom,Gold,0.053,0,13955.78
CUST-11914,27,12,69.77,118,60,Paid Social,United Kingdom,Standard,0.23,0,1431.43
CUST-11915,58,5,63.04,343,31,Direct,Germany,Standard,0.188,0,603.9
CUST-11916,98,3,151.07,354,51,Organic Search,United Kingdom,Bronze,0.274,1,250.74
CUST-11917,41,22,50.22,270,49,Paid Social,United Kingdom,Silver,0.33,0,3070.63
CUST-11918,23,8,56.23,122,48,Google Ads,United States,Platinum,0.097,0,2592.32
CUST-11919,24,13,117.27,308,66,Paid Social,Indonesia,Silver,0.143,0,4029.81
CUST-11920,54,7,251.49,638,19,Email Referral,United Kingdom,Bronze,0.13,0,3739.24
CUST-11921,1,16,123.05,226,64,Google Ads,United Kingdom,Gold,0.167,0,7404.55
CUST-11922,44,3,78.98,153,56,Organic Search,France,Silver,0.118,0,726.8
CUST-11923,20,8,161.7,321,52,Organic Search,Indonesia,Gold,0.203,0,4948.25
CUST-11924,72,8,280.41,256,40,Paid Social,United Kingdom,Standard,0.098,0,4011.1
CUST-11925,5,10,161.92,398,23,Paid Social,Indonesia,Bronze,0.118,0,3487.79
CUST-11926,40,16,79.52,279,38,Organic Search,United Kingdom,Silver,0.087,0,3367.14
CUST-11927,30,8,65.44,309,43,Organic Search,France,Standard,0.013,0,872.49
CUST-11928,47,7,374.51,260,47,Google Ads,United Kingdom,Silver,0.146,0,7134.18
CUST-11929,4,5,91.33,36,58,Email Referral,Indonesia,Standard,0.107,0,869.01
CUST-11930,40,24,138.75,174,59,Organic Search,United Kingdom,Bronze,0.123,0,7179.0
CUST-11931,38,7,204.72,63,47,Direct,France,Gold,0.027,0,5509.05
CUST-11932,38,8,91.15,159,25,Google Ads,United Kingdom,Standard,0.149,0,1334.28
CUST-11933,42,2,99.49,283,56,Paid Social,United Kingdom,Silver,0.165,0,547.83
CUST-11934,51,6,292.18,164,50,Google Ads,France,Bronze,0.073,1,957.54
CUST-11935,74,7,123.24,89,27,Email Referral,Australia,Bronze,0.391,0,1810.3
CUST-11936,15,12,189.17,112,35,Email Referral,Australia,Bronze,0.406,0,4950.5
CUST-11937,79,5,220.62,106,65,Paid Social,United States,Bronze,0.041,0,2430.29
CUST-11938,32,7,165.78,320,53,Organic Search,United States,Silver,0.411,0,3145.27
CUST-11939,4,13,84.31,294,58,Organic Search,Australia,Standard,0.174,0,1916.94
CUST-11940,3,15,72.55,313,67,Organic Search,United Kingdom,Bronze,0.287,0,2405.08
CUST-11941,19,21,268.31,39,28,Paid Social,United Kingdom,Standard,0.074,0,10052.1
CUST-11942,70,15,105.34,90,61,Paid Social,United Kingdom,Bronze,0.013,0,3374.32
CUST-11943,56,32,43.24,491,25,Organic Search,Germany,Platinum,0.093,0,7999.01
CUST-11944,70,10,428.75,108,18,Google Ads,Australia,Standard,0.234,0,7697.09
CUST-11945,33,1,176.97,247,25,Email Referral,Germany,Standard,0.084,0,269.06
CUST-11946,27,6,83.43,327,22,Paid Social,Germany,Silver,0.325,0,1420.77
CUST-11947,8,26,117.5,129,18,Direct,United States,Standard,0.154,0,5555.67
CUST-11948,18,18,60.87,175,20,Direct,Indonesia,Bronze,0.193,0,2419.95
CUST-11949,26,13,81.56,87,44,Organic Search,France,Standard,0.285,0,1925.11
CUST-11950,5,18,48.61,482,62,Email Referral,Indonesia,Standard,0.204,0,1576.71
CUST-11951,12,33,15.21,91,65,Google Ads,United Kingdom,Bronze,0.102,0,1171.07
CUST-11952,42,11,126.08,101,40,Organic Search,Germany,Silver,0.283,0,3816.34
CUST-11953,60,13,195.93,209,61,Organic Search,United Kingdom,Bronze,0.08,0,5497.5
CUST-11954,289,18,279.68,342,56,Organic Search,United Kingdom,Silver,0.028,1,3533.68
CUST-11955,122,6,272.45,345,57,Organic Search,United Kingdom,Bronze,0.212,1,876.48
CUST-11956,47,7,167.23,192,28,Direct,Indonesia,Silver,0.047,0,3179.92
CUST-11957,25,18,154.92,68,62,Google Ads,Germany,Platinum,0.283,0,16131.63
CUST-11958,46,15,224.53,73,28,Organic Search,Germany,Standard,0.089,0,6080.89
CUST-11959,70,17,55.01,111,53,Google Ads,United Kingdom,Bronze,0.181,0,2006.75
CUST-11960,6,10,54.27,47,55,Organic Search,Australia,Standard,0.094,0,995.95
CUST-11961,24,12,91.67,106,48,Paid Social,France,Bronze,0.105,0,2375.82
CUST-11962,83,1,88.92,420,41,Paid Social,United Kingdom,Bronze,0.086,1,0.0
CUST-11963,22,7,86.7,47,36,Organic Search,United Kingdom,Bronze,0.122,0,1361.07
CUST-11964,39,8,105.99,78,49,Paid Social,Australia,Standard,0.041,0,1495.14
CUST-11965,40,7,122.11,119,57,Google Ads,Australia,Standard,0.027,0,1481.06
CUST-11966,10,9,151.32,170,55,Organic Search,Germany,Standard,0.016,0,2511.63
CUST-11967,21,12,127.2,295,34,Google Ads,Germany,Standard,0.242,0,2766.43
CUST-11968,19,16,85.98,491,67,Organic Search,Indonesia,Standard,0.096,0,2510.2
CUST-11969,2,3,71.91,112,52,Email Referral,France,Standard,0.147,0,382.0
CUST-11970,2,13,142.23,37,29,Google Ads,Indonesia,Standard,0.439,0,3339.4
CUST-11971,81,11,240.65,139,32,Organic Search,Germany,Standard,0.248,0,4749.83
CUST-11972,15,11,109.29,90,56,Email Referral,Australia,Silver,0.251,0,3202.84
CUST-11973,33,6,90.76,325,30,Paid Social,Germany,Bronze,0.172,0,1210.52
CUST-11974,16,10,110.05,239,47,Paid Social,France,Standard,0.113,0,1992.8
CUST-11975,128,6,144.2,185,59,Organic Search,United Kingdom,Silver,0.259,1,670.09
CUST-11976,14,4,70.46,357,36,Email Referral,France,Platinum,0.133,0,1511.62
CUST-11977,26,8,51.38,393,26,Paid Social,United States,Standard,0.123,0,798.81
CUST-11978,93,7,70.1,493,45,Paid Social,Germany,Standard,0.16,0,863.86
CUST-11979,84,17,113.1,156,61,Email Referral,Germany,Platinum,0.351,0,11050.6
CUST-11980,10,13,82.9,50,60,Direct,United Kingdom,Standard,0.027,0,1969.08
CUST-11981,74,4,71.38,108,42,Paid Social,Australia,Standard,0.401,1,84.07
CUST-11982,28,21,96.07,134,57,Email Referral,Germany,Bronze,0.069,0,4335.26
CUST-11983,30,20,243.34,145,58,Direct,United Kingdom,Bronze,0.213,0,10542.01
CUST-11984,7,5,103.49,386,21,Organic Search,United Kingdom,Standard,0.125,0,904.66
CUST-11985,4,9,61.79,75,69,Paid Social,United States,Standard,0.055,0,965.71
CUST-11986,59,13,238.59,251,54,Organic Search,Germany,Standard,0.207,0,5547.61
CUST-11987,31,8,192.46,325,24,Google Ads,United Kingdom,Silver,0.028,0,4174.68
CUST-11988,26,6,131.27,97,58,Organic Search,United Kingdom,Silver,0.033,0,2066.34
CUST-11989,59,12,239.18,129,21,Paid Social,Indonesia,Gold,0.044,0,10886.99
CUST-11990,66,7,150.03,280,40,Email Referral,Indonesia,Standard,0.308,1,578.37
CUST-11991,8,10,151.01,256,61,Google Ads,United Kingdom,Standard,0.004,0,2718.35
CUST-11992,43,5,115.18,636,61,Paid Social,United Kingdom,Bronze,0.183,0,1265.71
CUST-11993,7,3,223.74,363,23,Email Referral,United Kingdom,Standard,0.155,0,1221.43
CUST-11994,63,6,54.44,388,62,Direct,Indonesia,Standard,0.041,0,541.27
CUST-11995,49,3,194.06,276,26,Google Ads,United Kingdom,Standard,0.11,0,1063.74
CUST-11996,142,18,418.77,179,26,Email Referral,United Kingdom,Standard,0.084,1,3403.15
CUST-11997,4,11,222.93,317,38,Direct,United Kingdom,Bronze,0.183,0,5385.41
CUST-11998,3,8,182.11,510,20,Google Ads,Indonesia,Gold,0.193,0,5519.4
CUST-11999,15,1,78.29,119,30,Email Referral,France,Standard,0.073,0,203.02
CUST-12000,14,10,320.26,96,55,Direct,France,Bronze,0.11,0,6939.07
CUST-12001,13,18,74.28,161,35,Google Ads,United States,Gold,0.038,0,5028.56
CUST-12002,107,10,124.9,686,63,Paid Social,France,Standard,0.214,0,2188.94
CUST-12003,13,19,129.32,37,48,Paid Social,France,Gold,0.046,0,9303.17
CUST-12004,15,5,22.8,252,46,Organic Search,United Kingdom,Silver,0.166,0,345.81
CUST-12005,65,10,148.02,383,19,Organic Search,Germany,Standard,0.525,0,2659.91
CUST-12006,27,8,80.16,321,48,Email Referral,United States,Gold,0.089,0,2392.39
CUST-12007,68,13,16.41,233,55,Email Referral,Germany,Silver,0.109,0,646.34
CUST-12008,4,13,195.6,474,69,Google Ads,United Kingdom,Standard,0.077,0,4554.97
CUST-12009,31,7,113.53,72,24,Direct,United Kingdom,Silver,0.298,0,2088.12
CUST-12010,2,15,50.43,67,57,Paid Social,Australia,Bronze,0.191,0,1630.68
CUST-12011,3,11,194.64,83,27,Organic Search,France,Silver,0.27,0,5784.69
CUST-12012,107,13,69.47,123,30,Email Referral,France,Bronze,0.187,0,1913.95
CUST-12013,7,12,74.54,105,18,Organic Search,France,Standard,0.153,0,1605.49
CUST-12014,35,13,163.85,81,54,Email Referral,United Kingdom,Bronze,0.09,0,4516.15
CUST-12015,24,5,37.59,271,42,Paid Social,United Kingdom,Bronze,0.235,0,427.16
CUST-12016,20,12,124.55,131,47,Email Referral,Germany,Silver,0.039,0,3982.93
CUST-12017,104,19,167.74,338,19,Paid Social,Germany,Silver,0.117,0,8585.97
CUST-12018,1,10,57.9,78,53,Organic Search,United States,Bronze,0.003,0,1216.8
CUST-12019,50,6,76.8,90,41,Organic Search,United Kingdom,Platinum,0.041,1,733.63
CUST-12020,149,12,142.97,189,29,Email Referral,United Kingdom,Silver,0.294,0,4617.06
CUST-12021,37,13,206.74,92,22,Paid Social,United Kingdom,Gold,0.362,0,10117.03
CUST-12022,125,14,305.74,162,32,Paid Social,United Kingdom,Standard,0.038,0,7809.17
CUST-12023,3,16,241.75,62,59,Paid Social,United Kingdom,Standard,0.093,0,7052.13
CUST-12024,25,17,215.53,195,66,Google Ads,United Kingdom,Standard,0.064,0,6637.04
CUST-12025,14,7,159.73,82,63,Direct,United Kingdom,Standard,0.258,0,2040.7
CUST-12026,60,6,74.48,150,24,Paid Social,United Kingdom,Platinum,0.052,0,2530.76
CUST-12027,180,1,188.8,204,19,Email Referral,United Kingdom,Standard,0.047,1,139.32
CUST-12028,14,17,108.09,429,20,Organic Search,Germany,Bronze,0.392,0,3987.3
CUST-12029,48,9,62.98,89,21,Email Referral,Germany,Standard,0.241,0,988.43
CUST-12030,10,2,126.26,102,65,Paid Social,United Kingdom,Silver,0.025,0,688.85
CUST-12031,38,9,245.57,138,33,Email Referral,Germany,Standard,0.033,0,3955.02
CUST-12032,29,5,57.75,310,44,Organic Search,United States,Bronze,0.162,0,547.58
CUST-12033,161,16,441.79,294,39,Google Ads,United Kingdom,Standard,0.089,0,12791.82
CUST-12034,43,6,105.96,144,20,Organic Search,Indonesia,Standard,0.123,0,1053.68
CUST-12035,20,4,67.77,249,66,Direct,United Kingdom,Standard,0.115,0,595.78
CUST-12036,6,8,96.65,184,34,Organic Search,United Kingdom,Silver,0.014,0,2076.95
CUST-12037,8,6,318.18,37,39,Organic Search,United Kingdom,Standard,0.121,0,3458.95
CUST-12038,12,13,87.67,94,69,Email Referral,United Kingdom,Platinum,0.477,0,6591.44
CUST-12039,14,7,65.44,721,24,Google Ads,Germany,Standard,0.012,0,775.06
CUST-12040,86,19,193.4,219,47,Email Referral,United Kingdom,Standard,0.11,0,6603.76
CUST-12041,38,13,205.26,152,25,Organic Search,United States,Silver,0.374,0,7199.55
CUST-12042,34,3,33.83,78,36,Google Ads,France,Standard,0.13,0,152.5
CUST-12043,6,2,234.94,349,24,Email Referral,Germany,Bronze,0.158,0,1066.8
CUST-12044,89,25,130.95,129,18,Organic Search,Germany,Standard,0.332,0,5832.27
CUST-12045,58,10,111.21,92,33,Email Referral,France,Silver,0.229,0,3012.61
CUST-12046,4,14,87.46,123,67,Email Referral,United Kingdom,Standard,0.067,0,2118.48
CUST-12047,56,8,82.19,174,57,Email Referral,United Kingdom,Silver,0.211,0,1787.27
CUST-12048,36,10,141.45,768,48,Email Referral,United Kingdom,Bronze,0.195,0,3063.81
CUST-12049,4,11,73.76,43,56,Google Ads,United Kingdom,Bronze,0.094,0,1847.92
CUST-12050,28,6,231.4,162,44,Google Ads,United Kingdom,Gold,0.086,0,5217.41
CUST-12051,30,6,507.25,85,27,Email Referral,Germany,Silver,0.032,0,8208.98
CUST-12052,9,21,117.53,241,51,Organic Search,Germany,Silver,0.091,0,6651.95
CUST-12053,132,5,333.19,236,64,Email Referral,United Kingdom,Gold,0.095,1,1658.39
CUST-12054,86,15,143.51,289,31,Direct,United Kingdom,Standard,0.189,0,3845.98
CUST-12055,50,8,119.65,139,19,Paid Social,United Kingdom,Silver,0.2,0,2595.7
CUST-12056,28,9,164.15,192,56,Email Referral,United Kingdom,Standard,0.131,0,2644.56
CUST-12057,24,8,142.49,152,39,Google Ads,Germany,Standard,0.072,0,2044.27
CUST-12058,48,9,170.46,147,43,Email Referral,United Kingdom,Standard,0.034,0,2762.01
CUST-12059,36,6,170.11,189,61,Direct,United Kingdom,Gold,0.081,0,3913.0
CUST-12060,3,8,93.08,105,22,Paid Social,United Kingdom,Silver,0.146,0,2083.22
CUST-12061,33,8,136.51,343,55,Paid Social,United Kingdom,Standard,0.168,0,1896.35
CUST-12062,74,13,171.25,212,33,Organic Search,United Kingdom,Standard,0.247,0,4046.31
CUST-12063,28,12,190.49,463,29,Direct,United Kingdom,Bronze,0.123,0,5000.24
CUST-12064,3,22,64.43,63,58,Organic Search,Germany,Bronze,0.139,0,3078.71
CUST-12065,70,5,101.84,106,69,Direct,United Kingdom,Bronze,0.012,1,334.17
CUST-12066,11,7,95.95,112,61,Organic Search,United States,Bronze,0.1,0,1388.32
CUST-12067,14,16,46.78,65,59,Organic Search,France,Bronze,0.083,0,1642.12
CUST-12068,9,12,138.32,113,34,Paid Social,United Kingdom,Gold,0.057,0,6336.63
CUST-12069,19,3,146.8,75,42,Email Referral,United Kingdom,Standard,0.151,0,761.21
CUST-12070,64,5,269.88,443,41,Paid Social,United Kingdom,Gold,0.436,0,5036.33
CUST-12071,33,1,77.39,199,28,Paid Social,United Kingdom,Standard,0.278,0,196.39
CUST-12072,11,25,117.5,149,35,Paid Social,United Kingdom,Standard,0.085,0,5266.36
CUST-12073,95,11,224.84,388,53,Direct,Germany,Standard,0.139,0,4422.92
CUST-12074,96,8,171.0,136,20,Direct,United Kingdom,Standard,0.131,1,521.58
CUST-12075,93,3,318.13,458,36,Paid Social,Indonesia,Platinum,0.101,1,1348.64
CUST-12076,13,1,152.5,146,23,Email Referral,Australia,Standard,0.429,1,33.7
CUST-12077,28,13,121.63,69,40,Email Referral,France,Bronze,0.055,0,3325.23
CUST-12078,189,2,92.3,512,57,Email Referral,United States,Bronze,0.035,1,70.43
CUST-12079,67,7,67.56,193,24,Organic Search,United Kingdom,Standard,0.136,0,910.51
CUST-12080,2,5,132.5,184,64,Paid Social,France,Standard,0.126,0,1209.61
CUST-12081,4,7,99.82,422,61,Google Ads,United Kingdom,Standard,0.254,0,1175.88
CUST-12082,29,16,127.12,442,64,Organic Search,Australia,Bronze,0.112,0,4412.77
CUST-12083,108,11,275.25,524,26,Paid Social,France,Platinum,0.037,0,17476.18
CUST-12084,35,7,152.42,147,19,Organic Search,United Kingdom,Bronze,0.131,0,2309.79
CUST-12085,31,14,41.39,295,69,Google Ads,United States,Platinum,0.332,0,3335.93
CUST-12086,6,11,64.38,68,64,Google Ads,United Kingdom,Bronze,0.036,0,1490.02
CUST-12087,49,7,117.87,384,67,Organic Search,United Kingdom,Standard,0.189,0,1506.08
CUST-12088,78,11,98.08,168,62,Google Ads,Indonesia,Standard,0.126,0,1971.24
CUST-12089,22,6,254.99,149,65,Paid Social,United Kingdom,Silver,0.067,0,4144.87
CUST-12090,68,10,121.11,482,64,Email Referral,France,Standard,0.142,0,2267.25
CUST-12091,151,11,89.12,460,28,Paid Social,United Kingdom,Standard,0.046,1,430.87
CUST-12092,11,13,226.02,574,20,Paid Social,United Kingdom,Standard,0.159,0,5223.7
CUST-12093,34,11,125.82,130,59,Google Ads,France,Standard,0.173,0,2574.95
CUST-12094,16,4,20.35,60,66,Email Referral,Indonesia,Bronze,0.025,0,81.35
CUST-12095,71,29,107.0,520,47,Organic Search,United Kingdom,Silver,0.183,0,8358.17
CUST-12096,39,3,166.2,176,25,Organic Search,United Kingdom,Bronze,0.032,1,223.19
CUST-12097,46,3,91.13,457,54,Direct,Germany,Silver,0.324,1,179.44
CUST-12098,72,2,172.94,324,38,Organic Search,France,Bronze,0.051,0,740.29
CUST-12099,23,22,210.14,412,25,Email Referral,Germany,Bronze,0.058,0,9938.04
CUST-12100,111,21,180.23,317,64,Paid Social,United States,Standard,0.109,0,6866.06
CUST-12101,35,5,134.16,351,28,Organic Search,United States,Gold,0.024,0,2528.89
CUST-12102,8,13,133.59,46,58,Google Ads,Germany,Standard,0.271,0,3186.95
CUST-12103,54,6,87.75,690,51,Direct,United Kingdom,Standard,0.074,0,889.25
CUST-12104,71,8,78.62,121,56,Organic Search,United Kingdom,Standard,0.039,0,1078.14
CUST-12105,18,9,166.92,37,33,Organic Search,Germany,Standard,0.154,0,2648.78
CUST-12106,88,13,96.49,239,24,Google Ads,Indonesia,Bronze,0.056,0,2735.39
CUST-12107,107,4,81.09,346,21,Paid Social,Germany,Standard,0.275,1,233.34
CUST-12108,15,19,111.95,256,49,Email Referral,Germany,Bronze,0.079,0,4579.23
CUST-12109,185,4,116.36,274,54,Paid Social,France,Bronze,0.131,1,135.66
CUST-12110,7,15,141.53,274,63,Paid Social,United Kingdom,Bronze,0.331,0,4609.3
CUST-12111,11,5,59.35,358,39,Organic Search,United Kingdom,Standard,0.317,0,567.39
CUST-12112,10,16,111.55,194,24,Email Referral,United Kingdom,Silver,0.57,0,4767.26
CUST-12113,101,12,99.84,203,30,Organic Search,Australia,Bronze,0.043,0,2616.13
CUST-12114,48,4,172.15,234,35,Email Referral,Indonesia,Standard,0.129,1,350.41
CUST-12115,8,14,185.71,379,59,Paid Social,France,Gold,0.083,0,9725.31
CUST-12116,27,21,126.22,457,51,Google Ads,United Kingdom,Standard,0.277,0,4826.92
CUST-12117,43,15,149.83,63,30,Direct,Germany,Silver,0.284,0,6127.05
CUST-12118,4,7,117.45,42,51,Direct,United Kingdom,Bronze,0.524,0,1760.43
CUST-12119,97,14,222.92,112,46,Email Referral,France,Standard,0.264,0,5649.84
CUST-12120,74,5,220.28,211,64,Paid Social,Germany,Gold,0.107,0,4262.11
CUST-12121,32,18,77.26,150,22,Paid Social,United Kingdom,Standard,0.116,1,592.93
CUST-12122,154,4,49.94,311,48,Email Referral,United Kingdom,Silver,0.156,1,192.87
CUST-12123,25,15,179.75,247,28,Email Referral,France,Standard,0.038,0,4865.51
CUST-12124,187,9,58.13,283,55,Organic Search,France,Bronze,0.107,1,225.52
CUST-12125,50,15,231.13,107,68,Direct,United Kingdom,Platinum,0.6,0,19878.6
CUST-12126,46,8,58.28,151,64,Organic Search,United States,Bronze,0.278,0,1043.17
CUST-12127,9,13,185.59,25,21,Email Referral,United States,Standard,0.042,0,4277.49
CUST-12128,97,6,121.65,430,24,Paid Social,France,Bronze,0.131,0,1624.98
CUST-12129,26,22,322.46,128,40,Email Referral,France,Bronze,0.146,0,15214.07
CUST-12130,8,6,233.87,198,48,Paid Social,United Kingdom,Standard,0.084,0,2533.25
CUST-12131,1,2,49.85,86,34,Organic Search,Indonesia,Gold,0.108,0,360.84
CUST-12132,37,9,67.11,223,27,Direct,United Kingdom,Gold,0.048,0,2366.93
CUST-12133,34,8,167.56,188,39,Direct,United Kingdom,Standard,0.18,0,2424.15
CUST-12134,58,21,208.8,115,47,Paid Social,France,Silver,0.17,0,11869.59
CUST-12135,100,17,56.38,291,46,Organic Search,United Kingdom,Gold,0.293,0,3601.44
CUST-12136,4,11,189.88,39,34,Organic Search,Indonesia,Standard,0.09,0,3750.69
CUST-12137,60,8,136.03,193,60,Organic Search,Germany,Standard,0.213,0,2011.45
CUST-12138,10,4,151.58,254,38,Email Referral,United Kingdom,Standard,0.088,0,1092.19
CUST-12139,88,2,74.16,246,39,Paid Social,Australia,Standard,0.285,1,20.79
CUST-12140,77,16,283.18,338,65,Paid Social,Germany,Platinum,0.201,0,26154.89
CUST-12141,36,7,147.73,108,56,Paid Social,Germany,Standard,0.031,0,1945.69
CUST-12142,56,11,100.01,80,57,Google Ads,United Kingdom,Standard,0.152,0,2055.34
CUST-12143,17,6,106.69,42,65,Organic Search,United States,Standard,0.129,0,1216.77
CUST-12144,29,7,102.11,100,65,Paid Social,United Kingdom,Standard,0.253,0,1272.45
CUST-12145,78,9,145.15,187,39,Email Referral,United Kingdom,Bronze,0.217,0,2772.65
CUST-12146,28,11,128.1,181,44,Direct,Germany,Silver,0.145,0,3745.25
CUST-12147,20,16,50.74,290,40,Email Referral,Indonesia,Bronze,0.302,0,1688.21
CUST-12148,31,19,45.03,375,21,Paid Social,United Kingdom,Standard,0.046,0,1535.35
CUST-12149,80,5,186.9,307,43,Google Ads,United Kingdom,Silver,0.164,0,2611.72
CUST-12150,19,8,156.96,145,56,Direct,France,Gold,0.029,0,4663.77
CUST-12151,9,12,273.43,79,34,Google Ads,United States,Standard,0.111,0,5906.93
CUST-12152,57,11,55.0,172,20,Organic Search,Germany,Standard,0.19,0,1072.99
CUST-12153,79,4,119.76,151,34,Email Referral,United States,Standard,0.091,1,156.79
CUST-12154,5,8,122.23,196,60,Google Ads,United Kingdom,Standard,0.248,0,1747.44
CUST-12155,13,19,21.99,334,57,Email Referral,United Kingdom,Bronze,0.28,0,966.96
CUST-12156,7,11,113.89,153,36,Paid Social,Germany,Silver,0.116,0,3393.9
CUST-12157,20,2,168.59,43,56,Paid Social,United Kingdom,Standard,0.019,0,638.28
CUST-12158,27,12,18.86,547,35,Email Referral,United Kingdom,Standard,0.275,0,460.83
CUST-12159,63,7,220.0,140,45,Paid Social,United Kingdom,Bronze,0.036,0,3345.73
CUST-12160,48,6,56.92,505,32,Paid Social,United Kingdom,Standard,0.192,0,596.32
CUST-12161,44,2,154.01,360,68,Google Ads,France,Gold,0.086,1,296.1
CUST-12162,20,16,42.99,130,43,Paid Social,France,Silver,0.015,0,1803.5
CUST-12163,83,21,96.62,108,52,Email Referral,Germany,Standard,0.212,0,3655.1
CUST-12164,29,4,135.62,575,33,Google Ads,United Kingdom,Standard,0.158,0,982.56
CUST-12165,175,14,120.47,383,32,Email Referral,Germany,Silver,0.317,1,1204.3
CUST-12166,46,5,40.71,112,22,Paid Social,Indonesia,Bronze,0.099,0,423.46
CUST-12167,7,5,55.46,159,63,Organic Search,France,Silver,0.091,0,732.5
CUST-12168,51,9,69.53,247,41,Email Referral,France,Standard,0.075,0,1050.6
CUST-12169,18,3,146.0,79,19,Direct,United Kingdom,Standard,0.093,0,820.82
CUST-12170,53,16,109.77,85,53,Google Ads,United Kingdom,Bronze,0.031,0,3720.19
CUST-12171,4,17,86.32,75,69,Email Referral,United Kingdom,Bronze,0.023,0,3144.78
CUST-12172,9,13,156.42,32,62,Paid Social,Germany,Standard,0.182,0,3624.72
CUST-12173,88,19,151.18,116,65,Organic Search,France,Standard,0.058,0,5214.89
CUST-12174,12,17,77.19,57,48,Email Referral,United States,Standard,0.169,0,2386.41
CUST-12175,82,5,130.32,128,47,Organic Search,France,Silver,0.004,1,475.22
CUST-12176,15,17,150.59,81,29,Google Ads,Indonesia,Standard,0.097,0,4655.33
CUST-12177,47,7,72.03,560,54,Paid Social,United Kingdom,Bronze,0.169,0,1057.12
CUST-12178,54,15,92.47,223,38,Paid Social,Indonesia,Standard,0.045,0,2453.31
CUST-12179,33,9,103.66,146,29,Organic Search,France,Silver,0.422,0,2434.75
CUST-12180,17,5,167.75,181,57,Paid Social,United Kingdom,Standard,0.011,0,1516.13
CUST-12181,11,15,184.05,27,54,Email Referral,France,Standard,0.036,0,4930.23
CUST-12182,2,7,156.29,422,52,Paid Social,Germany,Standard,0.259,0,1991.81
CUST-12183,17,5,46.5,168,39,Email Referral,United Kingdom,Standard,0.044,0,476.52
CUST-12184,48,4,69.75,171,62,Email Referral,United Kingdom,Bronze,0.014,0,649.15
CUST-12185,126,14,165.7,652,53,Paid Social,Germany,Standard,0.212,1,1049.95
CUST-12186,93,19,176.31,343,25,Paid Social,United Kingdom,Platinum,0.242,0,19299.27
CUST-12187,66,21,124.53,155,44,Google Ads,United Kingdom,Bronze,0.057,0,5648.22
CUST-12188,70,5,108.42,580,44,Organic Search,United States,Standard,0.06,1,350.19
CUST-12189,50,8,202.97,408,53,Email Referral,Germany,Bronze,0.362,0,3478.2
CUST-12190,14,12,31.12,585,24,Paid Social,United Kingdom,Gold,0.085,0,1415.56
CUST-12191,107,14,92.51,140,20,Email Referral,Germany,Gold,0.066,0,4886.58
CUST-12192,50,11,244.67,624,21,Paid Social,Indonesia,Platinum,0.118,0,15463.13
CUST-12193,37,12,241.95,192,41,Organic Search,United Kingdom,Gold,0.25,0,10955.86
CUST-12194,6,1,53.87,221,25,Direct,United Kingdom,Standard,0.106,0,98.36
CUST-12195,27,8,84.96,84,62,Organic Search,United States,Standard,0.119,0,1164.19
CUST-12196,28,11,152.89,70,30,Organic Search,United Kingdom,Bronze,0.258,1,990.6
CUST-12197,90,4,109.36,119,26,Paid Social,France,Silver,0.056,0,1217.4
CUST-12198,36,15,141.68,149,37,Direct,Germany,Standard,0.077,0,3879.96
CUST-12199,22,1,48.46,82,37,Organic Search,Germany,Standard,0.149,0,79.16
CUST-12200,170,18,198.41,200,22,Email Referral,United States,Platinum,0.277,0,20555.5
CUST-12201,6,14,125.89,579,63,Paid Social,Australia,Gold,0.044,0,6651.4
CUST-12202,25,5,103.69,277,22,Paid Social,United States,Standard,0.077,0,898.39
CUST-12203,2,14,178.08,148,52,Email Referral,United Kingdom,Standard,0.012,0,4552.61
CUST-12204,61,5,134.78,320,18,Paid Social,United Kingdom,Gold,0.063,0,2617.18
CUST-12205,113,18,156.15,298,59,Email Referral,Germany,Standard,0.169,0,5086.74
CUST-12206,15,7,122.12,65,32,Organic Search,France,Silver,0.105,0,2392.97
CUST-12207,88,2,91.56,283,34,Direct,Germany,Standard,0.052,1,202.22
CUST-12208,16,5,166.22,236,29,Organic Search,Indonesia,Silver,0.089,0,2336.31
CUST-12209,109,8,216.22,172,63,Email Referral,United Kingdom,Standard,0.233,1,754.93
CUST-12210,64,7,237.0,148,53,Google Ads,United Kingdom,Gold,0.145,0,6150.07
CUST-12211,74,18,99.53,176,60,Organic Search,United Kingdom,Standard,0.017,0,3261.91
CUST-12212,1,14,58.89,182,32,Organic Search,France,Bronze,0.033,0,1802.18
CUST-12213,149,14,164.94,188,31,Paid Social,Germany,Bronze,0.08,0,4993.23
CUST-12214,59,8,78.84,318,44,Google Ads,United Kingdom,Bronze,0.267,1,328.99
CUST-12215,17,11,101.43,108,67,Email Referral,United States,Standard,0.093,0,2075.85
CUST-12216,80,12,182.22,306,39,Google Ads,United Kingdom,Bronze,0.099,0,4645.82
CUST-12217,15,8,106.59,516,26,Paid Social,United Kingdom,Standard,0.124,0,1611.5
CUST-12218,93,7,52.21,475,64,Direct,United Kingdom,Gold,0.105,1,432.06
CUST-12219,6,7,110.16,261,38,Paid Social,Indonesia,Standard,0.095,0,1395.52
CUST-12220,55,14,177.06,108,20,Google Ads,Indonesia,Silver,0.107,1,1687.43
CUST-12221,36,13,178.92,288,69,Paid Social,United Kingdom,Bronze,0.127,0,4964.79
CUST-12222,5,14,276.65,201,48,Organic Search,United Kingdom,Standard,0.237,0,7021.8
CUST-12223,13,25,109.67,294,30,Paid Social,France,Standard,0.394,0,4998.71
CUST-12224,1,7,112.84,381,19,Organic Search,France,Platinum,0.039,0,4587.92
CUST-12225,29,9,153.11,111,64,Organic Search,Germany,Standard,0.09,0,2418.41
CUST-12226,17,29,61.39,218,31,Paid Social,Germany,Silver,0.065,0,4726.37
CUST-12227,42,4,223.28,114,24,Organic Search,France,Standard,0.178,0,1595.6
CUST-12228,16,6,177.02,107,46,Paid Social,Australia,Gold,0.068,0,4018.77
CUST-12229,17,11,121.6,164,21,Organic Search,France,Silver,0.042,0,3662.28
CUST-12230,62,12,134.45,179,21,Paid Social,United Kingdom,Gold,0.156,0,6086.63
CUST-12231,3,3,188.17,183,41,Direct,France,Gold,0.147,0,2186.98
CUST-12232,105,12,332.97,375,59,Paid Social,United Kingdom,Bronze,0.05,0,8687.04
CUST-12233,87,6,125.87,269,38,Organic Search,Germany,Standard,0.086,0,1383.07
CUST-12234,50,9,84.59,694,68,Paid Social,Germany,Standard,0.482,0,1413.81
CUST-12235,41,6,105.77,297,62,Google Ads,United States,Standard,0.274,0,1121.51
CUST-12236,101,11,201.56,872,45,Paid Social,United Kingdom,Standard,0.073,0,3933.81
CUST-12237,10,9,143.0,269,55,Paid Social,Indonesia,Bronze,0.24,0,2751.47
CUST-12238,4,11,249.96,146,25,Google Ads,France,Gold,0.05,0,10351.7
CUST-12239,13,8,46.35,123,59,Organic Search,United Kingdom,Standard,0.016,0,727.97
CUST-12240,72,13,115.69,326,34,Paid Social,United Kingdom,Standard,0.118,0,2750.28
CUST-12241,2,6,197.38,226,26,Organic Search,United Kingdom,Bronze,0.318,0,2456.52
CUST-12242,40,15,47.17,253,63,Organic Search,United States,Gold,0.098,0,2683.48
CUST-12243,243,7,40.03,488,37,Organic Search,United Kingdom,Standard,0.354,1,36.81
CUST-12244,88,16,193.68,473,22,Paid Social,United Kingdom,Standard,0.158,0,5523.79
CUST-12245,34,7,96.11,95,52,Google Ads,United Kingdom,Standard,0.342,0,1252.59
CUST-12246,3,2,166.53,167,58,Paid Social,Germany,Standard,0.077,0,513.29
CUST-12247,81,12,60.2,262,46,Paid Social,Germany,Bronze,0.165,0,1492.17
CUST-12248,42,11,99.39,119,29,Paid Social,United Kingdom,Bronze,0.081,0,2310.3
CUST-12249,6,7,142.83,816,49,Paid Social,Indonesia,Silver,0.6,0,2620.24
CUST-12250,5,6,61.43,297,48,Paid Social,Indonesia,Gold,0.065,0,1322.22
CUST-12251,109,11,56.62,193,48,Google Ads,United Kingdom,Gold,0.174,0,2351.45
CUST-12252,50,12,125.07,144,18,Organic Search,Germany,Bronze,0.427,0,3157.58
CUST-12253,80,15,42.88,323,60,Email Referral,Germany,Standard,0.403,0,1145.31
CUST-12254,96,19,76.15,113,22,Google Ads,United States,Standard,0.161,0,2604.78
CUST-12255,39,8,187.2,166,68,Paid Social,Germany,Bronze,0.332,0,3272.41
CUST-12256,33,15,153.72,123,53,Email Referral,Germany,Gold,0.126,0,8762.39
CUST-12257,26,31,181.99,387,29,Email Referral,Germany,Bronze,0.464,0,12117.24
CUST-12258,18,13,149.57,315,33,Paid Social,United States,Gold,0.556,0,7283.68
CUST-12259,26,16,14.12,113,33,Organic Search,Germany,Standard,0.045,0,337.68
CUST-12260,67,18,52.21,442,38,Organic Search,United States,Standard,0.473,0,1731.15
CUST-12261,42,15,76.21,497,50,Organic Search,United Kingdom,Silver,0.05,0,3103.78
CUST-12262,101,1,253.67,260,43,Google Ads,Indonesia,Gold,0.068,1,222.06
CUST-12263,27,4,191.96,73,20,Paid Social,United States,Standard,0.173,0,1322.51
CUST-12264,43,13,234.31,322,40,Google Ads,United States,Standard,0.247,0,5490.62
CUST-12265,45,14,222.03,129,42,Organic Search,United Kingdom,Standard,0.208,0,5663.6
CUST-12266,41,9,189.72,190,37,Google Ads,United Kingdom,Standard,0.169,0,3138.65
CUST-12267,55,8,58.45,78,64,Paid Social,Australia,Standard,0.392,0,768.02
CUST-12268,13,8,113.69,152,69,Organic Search,Australia,Standard,0.252,0,1690.69
CUST-12269,33,9,89.68,134,66,Paid Social,United Kingdom,Bronze,0.214,0,1669.06
CUST-12270,5,5,80.32,228,53,Direct,Germany,Bronze,0.085,0,847.34
CUST-12271,22,5,214.7,44,52,Paid Social,United Kingdom,Bronze,0.185,0,2292.76
CUST-12272,31,4,146.06,222,60,Paid Social,United Kingdom,Bronze,0.06,0,1275.27
CUST-12273,48,9,93.21,329,50,Paid Social,United Kingdom,Bronze,0.058,0,1761.88
CUST-12274,136,6,224.49,153,22,Paid Social,United Kingdom,Standard,0.119,1,611.27
CUST-12275,42,12,58.69,306,21,Organic Search,Germany,Standard,0.179,0,1213.66
CUST-12276,62,11,175.26,102,69,Paid Social,United Kingdom,Standard,0.086,0,3478.75
CUST-12277,32,16,35.56,262,25,Paid Social,Australia,Standard,0.201,0,958.26
CUST-12278,46,18,129.91,170,28,Email Referral,Germany,Standard,0.173,0,4189.2
CUST-12279,4,4,64.67,163,60,Organic Search,United Kingdom,Standard,0.139,0,465.81
CUST-12280,14,5,76.35,103,67,Email Referral,Indonesia,Standard,0.038,1,159.28
CUST-12281,21,27,183.31,86,44,Email Referral,France,Silver,0.347,0,13405.54
CUST-12282,29,12,82.5,57,27,Paid Social,United Kingdom,Platinum,0.28,0,5589.46
CUST-12283,3,8,58.29,378,62,Paid Social,Germany,Gold,0.321,0,1771.42
CUST-12284,7,14,157.03,191,37,Email Referral,Germany,Silver,0.097,0,5894.22
CUST-12285,15,20,178.19,761,49,Paid Social,United States,Silver,0.241,0,9651.81
CUST-12286,161,6,33.12,518,65,Paid Social,France,Gold,0.465,1,189.32
CUST-12287,19,16,260.96,400,44,Google Ads,United Kingdom,Silver,0.052,0,11327.87
CUST-12288,30,8,89.63,208,66,Direct,Germany,Bronze,0.232,0,1537.16
CUST-12289,10,9,85.19,40,35,Organic Search,Germany,Bronze,0.038,0,1717.81
CUST-12290,43,11,26.82,498,43,Google Ads,Germany,Standard,0.207,0,538.87
CUST-12291,15,10,161.14,52,52,Paid Social,United Kingdom,Standard,0.081,0,2835.86
CUST-12292,11,12,63.74,157,45,Paid Social,Indonesia,Standard,0.027,0,1336.11
CUST-12293,33,7,95.53,397,18,Google Ads,France,Standard,0.1,0,1174.35
CUST-12294,1,15,168.11,131,51,Direct,Germany,Silver,0.191,0,6814.19
CUST-12295,1,5,95.38,48,43,Organic Search,Germany,Gold,0.233,0,1847.67
CUST-12296,12,13,88.88,111,23,Paid Social,United Kingdom,Platinum,0.159,0,6685.87
CUST-12297,2,4,113.56,819,67,Google Ads,Germany,Standard,0.197,0,850.86
CUST-12298,6,29,152.4,1520,66,Paid Social,France,Platinum,0.278,0,25419.58
CUST-12299,19,10,194.08,257,63,Organic Search,Germany,Silver,0.102,0,5284.28
CUST-12300,74,2,35.21,483,42,Direct,Germany,Standard,0.431,0,131.95
CUST-12301,39,9,189.25,62,34,Organic Search,Germany,Bronze,0.22,0,3718.75
CUST-12302,33,10,176.39,106,43,Email Referral,United States,Standard,0.207,0,3101.15
CUST-12303,16,7,80.17,113,38,Paid Social,United States,Standard,0.068,0,1032.77
CUST-12304,121,19,144.49,138,49,Paid Social,United States,Bronze,0.1,0,5899.33
CUST-12305,23,5,135.79,123,42,Organic Search,United Kingdom,Bronze,0.084,0,1403.27
CUST-12306,5,12,158.63,37,49,Organic Search,France,Standard,0.033,0,3458.73
CUST-12307,44,4,129.0,190,58,Organic Search,United States,Gold,0.232,0,1929.03
CUST-12308,6,9,50.39,21,36,Email Referral,Germany,Bronze,0.069,0,1006.1
CUST-12309,20,8,153.26,91,19,Email Referral,United States,Standard,0.27,0,2158.03
CUST-12310,32,4,65.53,409,52,Google Ads,Indonesia,Silver,0.069,0,809.31
CUST-12311,94,1,215.7,152,33,Email Referral,United Kingdom,Bronze,0.29,0,459.96
CUST-12312,31,2,338.33,58,33,Organic Search,United Kingdom,Bronze,0.197,0,1438.12
CUST-12313,55,13,112.25,121,50,Direct,France,Silver,0.019,0,3989.47
CUST-12314,223,13,53.45,554,68,Organic Search,United Kingdom,Standard,0.183,1,308.4
CUST-12315,7,9,79.99,181,67,Paid Social,Indonesia,Bronze,0.078,0,1713.29
CUST-12316,15,7,220.19,188,41,Email Referral,United Kingdom,Silver,0.086,0,4219.84
CUST-12317,23,12,186.93,38,48,Organic Search,United Kingdom,Bronze,0.049,0,4821.56
CUST-12318,25,10,170.09,155,59,Organic Search,Australia,Standard,0.333,0,3065.33
CUST-12319,24,14,237.92,94,40,Google Ads,United Kingdom,Silver,0.195,0,8996.69
CUST-12320,108,3,77.22,196,34,Paid Social,Germany,Gold,0.4,1,166.15
CUST-12321,57,24,116.06,236,50,Email Referral,United Kingdom,Silver,0.077,0,7584.87
CUST-12322,43,9,87.48,431,54,Google Ads,United States,Gold,0.158,0,2954.59
CUST-12323,17,12,138.78,68,53,Direct,United Kingdom,Standard,0.268,0,2985.28
CUST-12324,79,4,173.4,357,36,Organic Search,United Kingdom,Standard,0.029,1,323.05
CUST-12325,140,13,82.67,164,38,Organic Search,Indonesia,Standard,0.276,0,1888.7
CUST-12326,78,4,216.32,164,56,Email Referral,United Kingdom,Silver,0.264,0,2346.82
CUST-12327,1,18,88.63,60,57,Organic Search,France,Gold,0.302,0,6005.24
CUST-12328,46,14,121.84,505,36,Email Referral,United Kingdom,Gold,0.011,0,6423.95
CUST-12329,3,5,196.93,53,25,Paid Social,United Kingdom,Standard,0.294,0,1764.26
CUST-12330,14,11,163.62,184,43,Email Referral,United States,Bronze,0.228,0,3850.86
CUST-12331,3,18,105.28,50,58,Email Referral,United Kingdom,Platinum,0.166,0,10837.2
CUST-12332,42,18,156.86,172,68,Google Ads,United Kingdom,Standard,0.496,0,5090.95
CUST-12333,53,9,121.47,164,35,Organic Search,United States,Bronze,0.031,0,2246.9
CUST-12334,6,10,136.27,28,31,Email Referral,Germany,Gold,0.112,0,5038.33
CUST-12335,22,6,129.43,351,35,Paid Social,France,Gold,0.387,0,2937.71
CUST-12336,28,4,41.97,315,54,Paid Social,United Kingdom,Standard,0.172,0,293.09
CUST-12337,21,8,109.43,94,45,Organic Search,France,Standard,0.229,0,1588.76
CUST-12338,6,1,149.76,192,50,Email Referral,United Kingdom,Bronze,0.116,0,356.7
CUST-12339,25,9,309.25,121,23,Direct,United States,Gold,0.023,0,10421.82
CUST-12340,63,9,112.5,341,24,Google Ads,Germany,Bronze,0.305,1,516.02
CUST-12341,4,3,238.25,231,22,Organic Search,France,Bronze,0.282,0,1521.48
CUST-12342,4,5,84.02,36,44,Email Referral,United Kingdom,Gold,0.209,0,1603.59
CUST-12343,20,24,224.14,369,25,Organic Search,United Kingdom,Standard,0.137,0,9694.26
CUST-12344,128,8,310.4,178,55,Google Ads,United States,Bronze,0.079,0,5343.46
CUST-12345,50,5,35.73,99,50,Google Ads,Indonesia,Standard,0.039,0,323.78
CUST-12346,52,12,70.4,305,29,Paid Social,United Kingdom,Standard,0.127,0,1506.9
CUST-12347,21,5,119.64,72,54,Organic Search,United States,Standard,0.265,1,223.56
CUST-12348,41,20,30.96,79,54,Paid Social,United Kingdom,Standard,0.154,0,1117.26
CUST-12349,1,2,79.39,89,32,Organic Search,Germany,Gold,0.274,0,492.98
CUST-12350,46,9,125.39,389,34,Email Referral,Indonesia,Standard,0.081,0,2043.58
CUST-12351,111,10,44.62,161,54,Organic Search,Indonesia,Standard,0.102,0,873.78
CUST-12352,43,12,41.67,132,68,Organic Search,United Kingdom,Bronze,0.335,0,1062.74
CUST-12353,94,12,56.58,169,59,Paid Social,United Kingdom,Bronze,0.11,0,1569.65
CUST-12354,58,9,75.68,152,46,Google Ads,United Kingdom,Bronze,0.018,0,1501.37
CUST-12355,6,6,214.07,246,20,Paid Social,Germany,Bronze,0.182,0,2847.27
CUST-12356,105,4,95.25,213,28,Paid Social,United Kingdom,Standard,0.096,1,190.74
CUST-12357,4,12,160.57,275,43,Organic Search,United Kingdom,Standard,0.19,0,3495.89
CUST-12358,35,20,104.72,234,57,Paid Social,United Kingdom,Standard,0.078,0,3777.08
CUST-12359,7,7,94.13,102,62,Paid Social,United Kingdom,Gold,0.352,0,2412.29
CUST-12360,1,9,155.07,117,23,Direct,Indonesia,Bronze,0.109,0,2916.29
CUST-12361,25,19,117.72,258,52,Organic Search,Germany,Standard,0.082,0,4013.96
CUST-12362,16,8,152.41,168,41,Organic Search,United Kingdom,Standard,0.083,0,2164.57
CUST-12363,30,6,159.67,409,68,Organic Search,France,Bronze,0.118,0,2040.79
CUST-12364,39,11,70.39,541,56,Google Ads,Australia,Standard,0.127,0,1330.51
CUST-12365,3,10,219.33,245,51,Paid Social,Germany,Silver,0.197,0,5977.34
CUST-12366,6,9,236.32,836,41,Google Ads,France,Standard,0.103,0,3776.82
CUST-12367,37,20,34.46,215,36,Email Referral,Indonesia,Standard,0.052,0,1185.77
CUST-12368,19,10,180.24,41,30,Direct,Germany,Gold,0.335,0,6814.99
CUST-12369,59,17,157.27,200,60,Organic Search,France,Standard,0.056,0,4866.63
CUST-12370,48,3,39.32,110,26,Organic Search,Germany,Bronze,0.055,0,297.21
CUST-12371,85,6,122.27,173,36,Email Referral,Australia,Standard,0.011,1,297.65
CUST-12372,54,6,136.97,190,68,Email Referral,Germany,Bronze,0.469,0,1764.51
CUST-12373,26,20,63.35,103,49,Email Referral,Indonesia,Standard,0.135,0,2362.62
CUST-12374,51,10,75.82,132,38,Email Referral,Germany,Standard,0.119,0,1420.06
CUST-12375,15,4,91.22,122,49,Email Referral,France,Standard,0.224,0,700.62
CUST-12376,17,13,106.46,92,63,Direct,United Kingdom,Silver,0.029,0,3756.01
CUST-12377,71,5,79.46,119,29,Direct,Indonesia,Platinum,0.126,0,2293.46
CUST-12378,27,10,79.88,303,46,Organic Search,France,Standard,0.096,0,1538.27
CUST-12379,73,11,32.23,178,50,Paid Social,United Kingdom,Standard,0.101,0,694.58
CUST-12380,78,6,187.96,413,18,Paid Social,United Kingdom,Bronze,0.308,0,2442.07
CUST-12381,88,4,90.85,488,66,Paid Social,France,Bronze,0.194,0,821.11
CUST-12382,112,8,118.36,377,21,Organic Search,United Kingdom,Bronze,0.395,1,498.85
CUST-12383,26,7,239.55,131,30,Paid Social,France,Silver,0.281,0,4447.28
CUST-12384,18,14,52.77,262,40,Direct,United Kingdom,Silver,0.017,0,1943.59
CUST-12385,40,9,94.55,85,45,Organic Search,Germany,Standard,0.003,0,1508.67
CUST-12386,21,28,154.03,230,60,Google Ads,United Kingdom,Standard,0.041,0,7736.84
CUST-12387,42,9,174.65,150,67,Organic Search,United Kingdom,Gold,0.171,0,5905.44
CUST-12388,56,11,66.96,262,29,Email Referral,Germany,Bronze,0.108,0,1557.09
CUST-12389,53,11,132.05,321,36,Paid Social,France,Platinum,0.368,0,8431.99
CUST-12390,22,10,63.26,185,69,Paid Social,United Kingdom,Bronze,0.476,1,433.24
CUST-12391,9,3,52.49,209,50,Google Ads,United Kingdom,Bronze,0.158,0,405.75
CUST-12392,26,1,213.22,84,35,Direct,United Kingdom,Bronze,0.17,0,352.69
CUST-12393,7,8,91.79,183,51,Paid Social,Indonesia,Standard,0.169,0,1375.67
CUST-12394,100,10,243.8,226,47,Email Referral,France,Standard,0.085,0,4425.23
CUST-12395,20,4,70.44,135,60,Email Referral,Germany,Gold,0.052,0,1063.19
CUST-12396,8,11,157.31,118,64,Organic Search,Indonesia,Standard,0.021,0,3089.89
CUST-12397,2,12,67.8,84,64,Organic Search,France,Standard,0.155,0,1449.23
CUST-12398,47,16,104.95,127,23,Google Ads,Indonesia,Bronze,0.183,0,3676.57
CUST-12399,46,2,27.4,277,21,Paid Social,Germany,Bronze,0.095,0,137.65
CUST-12400,19,14,161.42,180,29,Paid Social,United Kingdom,Standard,0.176,0,4128.76
CUST-12401,4,7,96.37,24,40,Direct,France,Bronze,0.307,0,1497.85
CUST-12402,24,6,97.52,47,45,Organic Search,United Kingdom,Standard,0.089,0,1125.24
CUST-12403,17,5,90.48,183,28,Organic Search,United Kingdom,Gold,0.18,0,1741.77
CUST-12404,51,12,141.27,403,45,Google Ads,Germany,Silver,0.07,0,4520.29
CUST-12405,42,1,87.5,65,57,Paid Social,United Kingdom,Gold,0.127,0,250.75
CUST-12406,21,13,124.57,163,51,Email Referral,United Kingdom,Silver,0.166,0,4404.71
CUST-12407,12,2,69.14,369,65,Organic Search,United Kingdom,Silver,0.036,0,403.39
CUST-12408,200,9,187.37,215,51,Direct,United States,Gold,0.259,1,1562.72
CUST-12409,28,5,81.22,101,38,Organic Search,United Kingdom,Standard,0.369,0,743.35
CUST-12410,53,18,126.75,522,53,Organic Search,United Kingdom,Standard,0.178,0,4083.98
CUST-12411,7,17,244.84,37,45,Organic Search,United States,Bronze,0.01,0,8965.87
CUST-12412,30,24,134.73,213,51,Paid Social,United Kingdom,Gold,0.17,0,12151.04
CUST-12413,2,10,165.8,144,58,Google Ads,Indonesia,Bronze,0.123,0,3583.52
CUST-12414,32,20,138.8,76,46,Organic Search,United Kingdom,Standard,0.186,0,4970.96
CUST-12415,150,9,127.03,172,43,Organic Search,United States,Gold,0.053,1,1099.31
CUST-12416,22,9,110.59,162,30,Paid Social,United Kingdom,Silver,0.167,0,2599.67
CUST-12417,2,4,48.84,256,69,Direct,United Kingdom,Silver,0.232,0,557.57
CUST-12418,2,1,85.55,52,51,Organic Search,Indonesia,Silver,0.134,0,205.22
CUST-12419,23,12,65.57,249,36,Paid Social,Indonesia,Bronze,0.349,0,1646.24
CUST-12420,8,5,99.04,165,25,Email Referral,France,Standard,0.155,1,200.84
CUST-12421,2,10,50.57,96,46,Google Ads,United States,Standard,0.086,0,830.35
CUST-12422,64,12,106.63,275,60,Email Referral,United Kingdom,Platinum,0.082,0,7355.72
CUST-12423,28,10,226.95,81,57,Organic Search,United States,Standard,0.079,0,4091.26
CUST-12424,16,11,228.56,140,33,Paid Social,Germany,Silver,0.306,0,6791.87
CUST-12425,104,11,155.16,262,45,Organic Search,Germany,Standard,0.052,0,3095.17
CUST-12426,6,12,84.85,131,47,Email Referral,Germany,Gold,0.05,0,3820.41
CUST-12427,141,4,106.54,247,40,Organic Search,United Kingdom,Bronze,0.165,1,269.09
CUST-12428,17,11,190.7,275,46,Organic Search,France,Bronze,0.027,0,4544.34
CUST-12429,99,10,124.21,306,37,Paid Social,United Kingdom,Standard,0.417,0,2276.58
CUST-12430,42,18,294.18,240,34,Direct,Germany,Standard,0.084,0,9614.39
CUST-12431,79,9,158.36,494,43,Email Referral,United Kingdom,Silver,0.179,0,3770.59
CUST-12432,187,10,153.75,1108,64,Organic Search,France,Standard,0.133,1,672.74
CUST-12433,16,9,145.24,181,56,Organic Search,United Kingdom,Silver,0.172,0,3491.19
CUST-12434,147,10,122.82,239,50,Organic Search,United Kingdom,Bronze,0.039,1,770.14
CUST-12435,23,8,123.39,309,31,Organic Search,United Kingdom,Silver,0.144,0,2695.09
CUST-12436,22,21,131.77,64,48,Email Referral,United Kingdom,Standard,0.32,0,4995.26
CUST-12437,19,5,133.08,163,33,Google Ads,United Kingdom,Bronze,0.221,0,1497.06
CUST-12438,36,22,50.71,184,38,Google Ads,United Kingdom,Bronze,0.04,0,2410.36
CUST-12439,8,5,24.26,761,52,Direct,United Kingdom,Standard,0.22,0,241.67
CUST-12440,37,7,70.76,900,67,Paid Social,United Kingdom,Silver,0.121,0,1314.56
CUST-12441,36,5,92.5,339,36,Google Ads,Indonesia,Standard,0.111,0,764.28
CUST-12442,65,6,221.18,195,23,Email Referral,United Kingdom,Standard,0.275,0,2433.62
CUST-12443,81,19,185.69,238,40,Paid Social,France,Standard,0.035,0,6302.61
CUST-12444,27,11,71.59,111,43,Direct,Germany,Standard,0.126,0,1454.91
CUST-12445,17,5,96.85,350,26,Direct,Germany,Gold,0.116,0,1884.65
CUST-12446,14,6,99.07,276,30,Google Ads,United Kingdom,Bronze,0.071,0,1171.72
CUST-12447,10,7,310.86,290,61,Organic Search,United Kingdom,Standard,0.103,0,3969.08
CUST-12448,3,11,133.58,44,32,Organic Search,United States,Standard,0.139,0,2657.61
CUST-12449,19,5,298.24,125,49,Direct,Germany,Silver,0.096,0,3977.75
CUST-12450,15,4,158.05,168,56,Paid Social,Germany,Silver,0.226,0,1619.95
CUST-12451,153,17,133.46,191,61,Google Ads,Germany,Standard,0.393,1,1017.43
CUST-12452,37,5,29.46,134,34,Email Referral,Germany,Standard,0.201,0,256.21
CUST-12453,20,6,111.02,51,62,Google Ads,United States,Gold,0.184,0,2572.54
CUST-12454,40,6,174.75,629,46,Organic Search,France,Standard,0.356,0,1890.54
CUST-12455,7,14,86.14,272,66,Paid Social,United Kingdom,Standard,0.1,0,2116.34
CUST-12456,27,22,224.16,216,57,Google Ads,United States,Standard,0.18,0,8799.05
CUST-12457,45,20,220.86,101,35,Paid Social,Germany,Bronze,0.035,0,9548.47
CUST-12458,31,8,40.8,119,51,Email Referral,France,Silver,0.354,0,881.49
CUST-12459,24,28,39.64,67,66,Google Ads,Indonesia,Bronze,0.086,0,2463.45
CUST-12460,230,13,247.07,383,42,Organic Search,Germany,Standard,0.044,1,1420.77
CUST-12461,96,29,73.3,420,29,Organic Search,United States,Bronze,0.223,0,4612.45
CUST-12462,44,26,77.08,62,62,Email Referral,France,Standard,0.237,0,3600.71
CUST-12463,38,28,44.31,72,32,Organic Search,Germany,Bronze,0.426,0,2544.75
CUST-12464,44,20,94.68,105,60,Paid Social,United States,Bronze,0.119,0,4125.98
CUST-12465,11,1,93.66,251,41,Direct,United Kingdom,Platinum,0.153,0,518.18
CUST-12466,23,6,81.1,441,26,Email Referral,Germany,Bronze,0.25,0,1084.01
CUST-12467,2,10,254.51,268,57,Direct,United Kingdom,Bronze,0.399,0,5505.88
CUST-12468,30,3,246.57,178,37,Paid Social,United Kingdom,Bronze,0.181,0,1548.34
CUST-12469,36,22,108.88,70,42,Email Referral,Germany,Standard,0.142,1,1069.2
CUST-12470,12,12,205.08,280,64,Organic Search,United Kingdom,Bronze,0.097,0,5314.11
CUST-12471,150,6,133.2,185,41,Organic Search,United Kingdom,Standard,0.019,1,368.84
CUST-12472,109,6,208.06,200,66,Direct,Australia,Silver,0.097,1,868.26
CUST-12473,58,12,269.15,139,43,Organic Search,United Kingdom,Standard,0.216,0,5815.17
CUST-12474,35,15,121.28,130,31,Organic Search,Germany,Standard,0.132,0,3361.87
CUST-12475,92,9,11.24,178,22,Google Ads,Germany,Bronze,0.028,0,260.53
CUST-12476,7,6,209.01,285,65,Google Ads,United Kingdom,Bronze,0.026,0,2758.57
CUST-12477,71,5,81.24,119,46,Direct,France,Bronze,0.285,1,260.59
CUST-12478,6,4,182.37,357,25,Organic Search,Germany,Silver,0.204,0,1973.42
CUST-12479,72,10,357.89,438,34,Organic Search,United Kingdom,Standard,0.199,0,6478.61
CUST-12480,15,8,121.17,151,60,Paid Social,United Kingdom,Gold,0.091,0,3726.62
CUST-12481,95,13,254.96,130,39,Email Referral,United Kingdom,Standard,0.118,0,5972.37
CUST-12482,130,7,184.22,299,35,Organic Search,Indonesia,Standard,0.039,1,632.83
CUST-12483,8,9,242.94,332,44,Organic Search,United Kingdom,Standard,0.082,0,3870.52
CUST-12484,28,20,168.82,104,19,Email Referral,United Kingdom,Bronze,0.03,0,7347.97
CUST-12485,179,3,158.5,521,18,Email Referral,United Kingdom,Standard,0.259,1,175.43
CUST-12486,30,5,153.32,248,58,Organic Search,Indonesia,Standard,0.066,0,1314.66
CUST-12487,90,12,119.88,890,25,Direct,France,Bronze,0.026,0,3093.33
CUST-12488,40,7,397.93,368,38,Organic Search,Indonesia,Bronze,0.15,0,6027.07
CUST-12489,22,15,138.17,77,41,Google Ads,Indonesia,Bronze,0.569,0,4493.45
CUST-12490,16,14,196.87,138,19,Direct,Indonesia,Bronze,0.138,0,6017.87
CUST-12491,11,13,54.9,45,61,Paid Social,Germany,Platinum,0.216,0,4083.05
CUST-12492,65,30,336.35,92,55,Paid Social,Germany,Gold,0.14,0,38224.29
CUST-12493,22,9,233.61,257,45,Organic Search,United States,Standard,0.099,0,3866.79
CUST-12494,33,7,77.4,487,51,Google Ads,United Kingdom,Silver,0.042,0,1474.14
CUST-12495,31,19,167.07,700,29,Organic Search,United Kingdom,Bronze,0.268,0,6815.18
CUST-12496,39,13,166.07,110,67,Email Referral,United Kingdom,Standard,0.115,0,4010.58
CUST-12497,91,4,204.72,146,22,Email Referral,France,Standard,0.149,0,1560.23
CUST-12498,178,11,121.36,340,62,Organic Search,United Kingdom,Silver,0.036,1,910.62
CUST-12499,24,6,62.96,79,53,Direct,United States,Bronze,0.028,0,747.85
CUST-12500,80,27,147.02,158,25,Google Ads,United States,Bronze,0.073,0,8605.23
CUST-12501,66,26,72.01,407,47,Organic Search,United Kingdom,Standard,0.237,0,3340.57
CUST-12502,39,6,364.91,353,27,Paid Social,United Kingdom,Gold,0.019,0,8319.86
CUST-12503,141,28,149.05,561,38,Paid Social,United Kingdom,Silver,0.06,0,11279.66
CUST-12504,11,23,46.79,144,63,Google Ads,United Kingdom,Gold,0.079,0,3988.12
CUST-12505,6,10,103.39,170,69,Organic Search,Germany,Standard,0.102,0,1802.02
CUST-12506,87,9,147.18,367,51,Direct,Germany,Bronze,0.171,0,2823.07
CUST-12507,27,2,401.0,91,51,Organic Search,Indonesia,Bronze,0.122,0,1814.36
CUST-12508,85,3,65.14,411,21,Organic Search,United Kingdom,Standard,0.09,1,55.44
CUST-12509,101,11,54.94,119,28,Email Referral,France,Standard,0.328,0,974.12
CUST-12510,3,22,134.12,305,39,Organic Search,Germany,Standard,0.259,0,5301.07
CUST-12511,97,10,134.89,381,58,Google Ads,France,Platinum,0.04,0,7756.6
CUST-12512,27,5,154.65,106,67,Organic Search,United Kingdom,Bronze,0.398,0,1749.71
CUST-12513,33,5,163.34,282,40,Direct,Germany,Standard,0.128,0,1545.79
CUST-12514,45,5,141.44,103,66,Google Ads,United Kingdom,Bronze,0.266,0,1462.11
CUST-12515,118,9,309.77,287,51,Google Ads,United Kingdom,Bronze,0.144,0,6041.6
CUST-12516,1,23,144.6,233,47,Paid Social,United Kingdom,Standard,0.093,0,6026.03
CUST-12517,30,22,80.66,270,42,Paid Social,Germany,Platinum,0.218,0,10215.18
CUST-12518,53,8,201.13,800,41,Paid Social,United Kingdom,Silver,0.317,0,4353.21
CUST-12519,58,5,192.39,109,42,Direct,United States,Standard,0.32,1,488.16
CUST-12520,54,9,99.53,186,47,Organic Search,Indonesia,Bronze,0.195,0,1949.5
CUST-12521,7,20,35.18,403,56,Paid Social,Germany,Silver,0.138,0,1933.24
CUST-12522,17,8,97.74,180,61,Direct,United Kingdom,Standard,0.469,0,1477.8
CUST-12523,20,3,136.51,411,33,Paid Social,France,Gold,0.115,0,1525.69
CUST-12524,74,11,29.85,191,27,Paid Social,United Kingdom,Silver,0.088,0,926.35
CUST-12525,15,23,80.38,315,48,Email Referral,France,Silver,0.188,0,4969.38
CUST-12526,11,9,54.74,393,28,Direct,Germany,Standard,0.319,0,940.46
CUST-12527,143,14,63.91,495,26,Organic Search,United Kingdom,Standard,0.353,1,371.56
CUST-12528,1,4,136.78,385,53,Direct,United Kingdom,Standard,0.063,0,1006.54
CUST-12529,276,10,139.61,335,65,Organic Search,Germany,Standard,0.292,1,616.85
CUST-12530,51,11,77.39,170,36,Google Ads,France,Gold,0.29,0,3247.23
CUST-12531,80,14,187.19,129,69,Organic Search,United Kingdom,Gold,0.151,0,9863.86
CUST-12532,16,17,201.88,66,22,Organic Search,United Kingdom,Standard,0.387,0,6163.65
CUST-12533,1,3,48.84,136,29,Google Ads,United Kingdom,Bronze,0.283,0,313.85
CUST-12534,61,5,250.47,655,27,Paid Social,France,Standard,0.14,0,2200.5
CUST-12535,81,6,137.33,257,31,Paid Social,Germany,Standard,0.147,1,340.41
CUST-12536,61,16,187.48,422,37,Paid Social,Indonesia,Standard,0.161,0,5317.44
CUST-12537,7,14,188.61,520,37,Email Referral,France,Standard,0.055,0,4771.83
CUST-12538,64,17,122.4,95,61,Organic Search,United States,Standard,0.097,0,3785.15
CUST-12539,66,14,216.65,112,53,Organic Search,United Kingdom,Standard,0.024,0,5390.01
CUST-12540,49,7,140.12,125,69,Paid Social,United Kingdom,Silver,0.201,0,2589.71
CUST-12541,66,14,231.53,253,42,Organic Search,Germany,Standard,0.125,0,5786.62
CUST-12542,85,6,45.81,111,58,Email Referral,United Kingdom,Bronze,0.031,1,84.76
CUST-12543,43,16,262.48,336,63,Google Ads,Indonesia,Gold,0.155,0,15894.76
CUST-12544,5,15,324.04,31,22,Email Referral,United States,Standard,0.215,0,8714.49
CUST-12545,31,20,138.03,77,58,Paid Social,United Kingdom,Silver,0.05,0,7466.13
CUST-12546,4,7,184.97,105,44,Email Referral,United States,Standard,0.149,0,2293.25
CUST-12547,24,3,131.32,185,19,Organic Search,United Kingdom,Bronze,0.11,0,833.93
CUST-12548,24,19,30.74,422,29,Direct,United Kingdom,Standard,0.012,0,1103.23
CUST-12549,4,9,58.78,616,45,Email Referral,United Kingdom,Bronze,0.324,0,1084.91
CUST-12550,20,10,151.84,423,61,Paid Social,Germany,Silver,0.06,0,4071.59
CUST-12551,6,9,73.16,41,30,Organic Search,United States,Standard,0.34,0,1206.08
CUST-12552,75,8,359.93,269,38,Email Referral,United Kingdom,Standard,0.038,0,5167.07
CUST-12553,133,13,197.75,252,60,Email Referral,United States,Bronze,0.137,1,1397.64
CUST-12554,4,31,242.21,43,25,Organic Search,United Kingdom,Standard,0.205,0,13515.4
CUST-12555,140,4,58.48,300,29,Paid Social,Australia,Standard,0.08,1,29.93
CUST-12556,34,22,112.31,128,58,Email Referral,Indonesia,Bronze,0.14,0,5406.93
CUST-12557,17,6,57.35,108,61,Organic Search,France,Standard,0.196,0,614.41
CUST-12558,4,7,225.89,36,28,Paid Social,Germany,Standard,0.25,0,2925.95
CUST-12559,32,6,45.56,741,36,Organic Search,United Kingdom,Bronze,0.158,0,607.36
CUST-12560,72,11,160.2,320,25,Organic Search,United Kingdom,Bronze,0.235,0,3872.19
CUST-12561,56,9,44.02,130,44,Paid Social,Germany,Bronze,0.192,0,906.86
CUST-12562,3,2,99.14,467,24,Email Referral,Germany,Silver,0.109,0,596.8
CUST-12563,4,14,112.61,551,38,Organic Search,France,Gold,0.316,0,5948.18
CUST-12564,24,7,259.68,338,44,Google Ads,United Kingdom,Standard,0.186,0,3361.32
CUST-12565,16,4,191.38,224,31,Email Referral,Germany,Bronze,0.315,0,1629.92
CUST-12566,12,11,144.05,111,49,Paid Social,France,Bronze,0.018,0,3440.76
CUST-12567,15,14,67.41,132,46,Direct,United Kingdom,Gold,0.006,0,3610.49
CUST-12568,74,3,69.38,198,41,Google Ads,United States,Gold,0.266,1,355.3
CUST-12569,120,5,87.72,669,45,Email Referral,Germany,Silver,0.447,1,350.75
CUST-12570,24,6,114.24,295,41,Email Referral,United Kingdom,Bronze,0.463,0,1454.25
CUST-12571,107,5,115.36,184,19,Organic Search,United Kingdom,Standard,0.069,0,1051.71
CUST-12572,18,7,202.21,209,69,Direct,United Kingdom,Standard,0.204,0,2480.53
CUST-12573,30,8,93.98,207,48,Google Ads,United Kingdom,Bronze,0.065,0,1697.47
CUST-12574,12,11,192.69,327,29,Email Referral,Germany,Standard,0.343,0,3658.92
CUST-12575,47,10,148.81,80,18,Organic Search,Indonesia,Standard,0.122,0,2669.96
CUST-12576,174,7,73.03,406,38,Email Referral,Indonesia,Gold,0.381,1,592.88
CUST-12577,42,16,162.57,129,46,Organic Search,United Kingdom,Platinum,0.103,0,15020.44
CUST-12578,20,19,125.91,59,47,Organic Search,Indonesia,Standard,0.184,0,4330.61
CUST-12579,47,3,37.9,298,59,Google Ads,Australia,Gold,0.102,0,370.2
CUST-12580,6,11,53.12,93,18,Direct,United Kingdom,Gold,0.066,0,2275.27
CUST-12581,99,5,172.52,349,39,Organic Search,Indonesia,Bronze,0.187,0,1817.5
CUST-12582,32,2,90.99,78,59,Organic Search,Australia,Standard,0.422,0,282.26
CUST-12583,27,22,139.15,809,25,Organic Search,United States,Gold,0.094,0,11638.17
CUST-12584,40,17,214.34,347,30,Direct,United Kingdom,Standard,0.106,0,6511.42
CUST-12585,45,27,112.77,121,31,Email Referral,France,Silver,0.156,0,8147.76
CUST-12586,4,15,223.39,261,59,Email Referral,United Kingdom,Standard,0.182,0,5983.33
CUST-12587,52,11,55.24,93,18,Paid Social,Australia,Bronze,0.084,0,1321.96
CUST-12588,13,5,220.54,218,49,Paid Social,United Kingdom,Standard,0.132,0,1959.74
CUST-12589,57,4,73.33,83,55,Organic Search,Indonesia,Bronze,0.136,1,249.23
CUST-12590,78,15,145.73,165,29,Organic Search,United Kingdom,Silver,0.072,0,5903.77
CUST-12591,74,8,187.31,779,69,Google Ads,United Kingdom,Standard,0.213,0,2635.25
CUST-12592,37,6,290.83,75,64,Paid Social,Indonesia,Bronze,0.265,0,3675.76
CUST-12593,34,6,385.78,212,62,Organic Search,Indonesia,Gold,0.121,0,8794.51
CUST-12594,7,9,58.27,35,64,Email Referral,United Kingdom,Gold,0.231,0,1997.36
CUST-12595,68,9,316.97,282,33,Organic Search,Australia,Gold,0.192,1,2726.25
CUST-12596,15,5,156.3,88,41,Paid Social,Indonesia,Bronze,0.158,0,1666.69
CUST-12597,31,11,86.56,112,61,Organic Search,Indonesia,Silver,0.43,0,2578.54
CUST-12598,16,2,248.27,105,37,Google Ads,Germany,Standard,0.145,0,953.3
CUST-12599,7,13,170.59,63,60,Paid Social,Australia,Bronze,0.156,0,4790.44
CUST-12600,45,3,139.33,571,61,Paid Social,United States,Standard,0.247,0,695.02
CUST-12601,3,8,137.02,443,49,Google Ads,Indonesia,Standard,0.025,0,2009.23
CUST-12602,63,7,272.72,445,44,Email Referral,United Kingdom,Standard,0.158,0,3418.82
CUST-12603,18,8,163.34,53,51,Paid Social,Germany,Bronze,0.077,0,2870.83
CUST-12604,1,12,179.63,63,39,Organic Search,Indonesia,Standard,0.069,0,3881.28
CUST-12605,33,6,206.64,218,20,Direct,Germany,Standard,0.148,0,2274.8
CUST-12606,3,9,77.13,651,34,Organic Search,United States,Standard,0.134,0,1274.86
CUST-12607,15,5,189.46,197,31,Email Referral,Australia,Standard,0.564,0,1770.04
CUST-12608,56,9,156.57,142,44,Direct,United States,Gold,0.117,0,5374.62
CUST-12609,3,4,251.6,324,56,Paid Social,United Kingdom,Bronze,0.201,0,2108.58
CUST-12610,83,17,186.1,124,37,Organic Search,United Kingdom,Bronze,0.043,0,6739.91
CUST-12611,1,6,54.0,400,63,Organic Search,United Kingdom,Standard,0.034,0,579.35
CUST-12612,13,6,88.96,689,48,Paid Social,France,Bronze,0.021,0,1183.01
CUST-12613,61,4,195.64,693,58,Paid Social,United Kingdom,Bronze,0.131,0,1654.06
CUST-12614,18,26,119.92,61,48,Paid Social,United Kingdom,Standard,0.121,0,5634.54
CUST-12615,5,19,92.79,163,46,Email Referral,United Kingdom,Platinum,0.044,0,10175.11
CUST-12616,21,7,73.37,194,59,Direct,Indonesia,Gold,0.155,0,1937.72
CUST-12617,15,7,109.41,69,60,Paid Social,United Kingdom,Platinum,0.12,0,4379.68
CUST-12618,84,5,131.6,241,49,Email Referral,United Kingdom,Standard,0.213,1,245.13
CUST-12619,17,15,115.21,219,47,Organic Search,Germany,Silver,0.12,0,4789.96
CUST-12620,71,4,168.38,157,60,Paid Social,United Kingdom,Standard,0.123,0,1106.3
CUST-12621,101,18,61.44,184,44,Organic Search,United Kingdom,Silver,0.137,0,2924.04
CUST-12622,26,4,115.47,52,36,Email Referral,United Kingdom,Gold,0.222,0,1875.93
CUST-12623,109,12,137.69,689,45,Direct,Germany,Standard,0.269,0,2922.45
CUST-12624,22,12,169.83,329,62,Google Ads,United Kingdom,Standard,0.087,0,3640.2
CUST-12625,150,3,131.37,421,27,Paid Social,Indonesia,Standard,0.169,1,211.35
CUST-12626,5,6,108.85,23,33,Organic Search,United Kingdom,Silver,0.123,0,1787.42
CUST-12627,53,11,79.58,244,48,Organic Search,Australia,Bronze,0.12,0,1912.97
CUST-12628,31,13,158.9,81,27,Organic Search,United States,Bronze,0.06,0,4536.68
CUST-12629,23,6,130.18,233,27,Organic Search,United States,Silver,0.035,0,2061.01
CUST-12630,46,5,114.3,235,45,Organic Search,United Kingdom,Silver,0.054,0,1551.8
CUST-12631,55,4,118.43,413,29,Organic Search,France,Gold,0.106,0,1787.98
CUST-12632,1,12,68.5,69,50,Organic Search,United States,Standard,0.192,0,1435.65
CUST-12633,9,21,129.66,29,45,Organic Search,Germany,Standard,0.222,0,4906.34
CUST-12634,57,14,84.49,513,35,Email Referral,Germany,Gold,0.191,0,4499.23
CUST-12635,50,3,118.32,495,69,Email Referral,United Kingdom,Bronze,0.089,0,795.96
CUST-12636,153,6,138.05,277,45,Direct,Germany,Bronze,0.265,1,500.75
CUST-12637,65,14,94.93,94,45,Paid Social,United Kingdom,Gold,0.14,0,5021.69
CUST-12638,136,16,37.4,275,60,Paid Social,Australia,Silver,0.161,0,1565.31
CUST-12639,55,7,257.64,203,56,Organic Search,France,Bronze,0.168,1,904.68
CUST-12640,16,7,73.06,341,31,Organic Search,United Kingdom,Standard,0.036,0,897.49
CUST-12641,6,8,132.82,248,25,Email Referral,Germany,Gold,0.337,0,3948.84
CUST-12642,69,7,154.14,97,47,Organic Search,France,Standard,0.118,0,1906.63
CUST-12643,47,5,189.76,281,53,Google Ads,United Kingdom,Standard,0.154,0,1648.75
CUST-12644,3,14,38.77,44,20,Email Referral,France,Gold,0.261,0,2018.97
CUST-12645,21,6,106.2,52,27,Email Referral,United Kingdom,Bronze,0.25,0,1465.52
CUST-12646,142,5,234.79,248,26,Email Referral,Germany,Bronze,0.317,1,627.77
CUST-12647,32,13,304.17,61,64,Email Referral,France,Bronze,0.244,0,8619.71
CUST-12648,26,15,97.41,359,57,Paid Social,United Kingdom,Standard,0.18,0,2650.95
CUST-12649,28,10,147.79,154,30,Email Referral,United Kingdom,Bronze,0.004,0,3161.14
CUST-12650,11,12,82.51,185,39,Paid Social,United States,Silver,0.23,0,2667.16
CUST-12651,21,18,131.13,190,41,Organic Search,United Kingdom,Standard,0.417,0,4166.08
CUST-12652,21,10,199.99,723,24,Organic Search,France,Bronze,0.078,0,4303.23
CUST-12653,3,15,82.57,463,30,Paid Social,United States,Standard,0.159,0,2163.85
CUST-12654,66,14,140.69,421,23,Organic Search,United Kingdom,Bronze,0.077,0,4284.39
CUST-12655,25,17,182.06,126,27,Google Ads,United Kingdom,Silver,0.113,0,8334.81
CUST-12656,78,5,158.48,121,68,Organic Search,United States,Bronze,0.031,0,1696.4
CUST-12657,86,16,50.08,262,28,Organic Search,Germany,Gold,0.085,0,3007.94
CUST-12658,11,2,153.95,130,46,Paid Social,United States,Standard,0.054,0,599.14
CUST-12659,49,12,55.2,110,33,Google Ads,United Kingdom,Bronze,0.199,0,1386.29
CUST-12660,29,5,32.8,62,37,Paid Social,United States,Standard,0.007,0,247.41
CUST-12661,96,2,63.95,214,38,Organic Search,United Kingdom,Silver,0.295,1,103.46
CUST-12662,11,27,75.27,215,46,Paid Social,Indonesia,Standard,0.121,0,3712.44
CUST-12663,51,12,66.36,242,31,Email Referral,United States,Bronze,0.32,0,1736.62
CUST-12664,43,18,129.61,325,58,Google Ads,Germany,Standard,0.114,0,4308.71
CUST-12665,16,14,313.63,144,33,Google Ads,France,Platinum,0.264,0,25244.41
CUST-12666,7,7,113.51,91,26,Email Referral,United Kingdom,Silver,0.089,0,2037.01
CUST-12667,48,9,147.87,202,23,Organic Search,United Kingdom,Standard,0.351,0,2419.86
CUST-12668,61,9,201.29,740,55,Organic Search,Germany,Bronze,0.263,0,3905.41
CUST-12669,18,1,282.8,41,46,Direct,France,Bronze,0.093,0,634.43
CUST-12670,47,17,128.67,197,35,Organic Search,Australia,Platinum,0.124,0,12642.19
CUST-12671,23,12,65.85,109,41,Organic Search,United States,Silver,0.13,0,2057.27
CUST-12672,57,5,252.69,92,68,Email Referral,Germany,Standard,0.162,0,2259.87
CUST-12673,10,4,98.46,127,34,Email Referral,France,Platinum,0.244,0,2297.82
CUST-12674,100,4,237.4,299,53,Paid Social,United Kingdom,Standard,0.182,1,440.09
CUST-12675,16,23,181.2,166,38,Organic Search,Germany,Bronze,0.092,0,8993.22
CUST-12676,21,15,195.71,41,36,Organic Search,Germany,Silver,0.148,0,7963.17
CUST-12677,3,11,218.48,173,40,Email Referral,Australia,Standard,0.23,0,4375.74
CUST-12678,6,25,162.85,68,44,Organic Search,United Kingdom,Platinum,0.066,0,23347.84
CUST-12679,33,9,97.75,123,28,Paid Social,United Kingdom,Standard,0.176,0,1662.34
CUST-12680,15,8,195.31,97,43,Email Referral,United Kingdom,Standard,0.053,0,2751.32
CUST-12681,82,1,65.2,448,28,Direct,France,Standard,0.317,0,147.13
CUST-12682,1,10,224.54,24,60,Google Ads,United Kingdom,Gold,0.155,0,8471.08
CUST-12683,22,12,326.38,113,39,Google Ads,Indonesia,Standard,0.151,0,7112.55
CUST-12684,19,3,65.0,124,36,Paid Social,Germany,Standard,0.007,0,387.05
CUST-12685,1,22,39.17,189,25,Direct,United Kingdom,Standard,0.077,0,1580.6
CUST-12686,6,20,188.31,301,40,Email Referral,United States,Standard,0.077,0,6790.26
CUST-12687,25,2,137.94,274,65,Google Ads,Germany,Bronze,0.065,1,122.11
CUST-12688,31,14,47.36,297,40,Organic Search,France,Standard,0.445,0,1143.97
CUST-12689,24,10,49.82,77,57,Organic Search,France,Standard,0.195,0,827.61
CUST-12690,35,8,169.58,486,26,Paid Social,France,Standard,0.106,0,2410.67
CUST-12691,41,9,151.04,152,41,Google Ads,Indonesia,Bronze,0.122,0,2981.82
CUST-12692,1,5,52.03,18,29,Paid Social,United States,Standard,0.136,0,418.17
CUST-12693,29,9,250.71,242,29,Google Ads,France,Bronze,0.063,0,4934.25
CUST-12694,149,6,186.22,330,49,Organic Search,Australia,Standard,0.046,0,1959.89
CUST-12695,33,2,115.69,72,19,Organic Search,United Kingdom,Gold,0.037,0,866.4
CUST-12696,51,6,96.34,644,23,Google Ads,Indonesia,Standard,0.359,0,1063.03
CUST-12697,17,10,101.18,180,21,Email Referral,United Kingdom,Silver,0.058,0,2783.19
CUST-12698,67,13,75.28,196,30,Paid Social,United Kingdom,Silver,0.247,1,642.25
CUST-12699,67,1,352.1,173,53,Google Ads,United States,Platinum,0.091,1,531.09
CUST-12700,34,4,108.93,91,58,Google Ads,Germany,Silver,0.186,0,1187.07
CUST-12701,168,1,162.55,732,56,Paid Social,Germany,Standard,0.082,1,60.66
CUST-12702,7,5,61.91,240,55,Google Ads,United Kingdom,Standard,0.133,0,505.26
CUST-12703,1,9,104.47,166,35,Paid Social,United Kingdom,Standard,0.24,0,1714.42
CUST-12704,67,11,139.09,261,32,Email Referral,United Kingdom,Gold,0.027,0,5784.76
CUST-12705,75,12,134.39,420,65,Organic Search,United Kingdom,Standard,0.151,0,2886.85
CUST-12706,6,33,19.17,202,50,Organic Search,Germany,Silver,0.552,0,1713.79
CUST-12707,14,11,109.68,50,59,Paid Social,France,Bronze,0.08,0,2634.55
CUST-12708,1,19,213.7,231,47,Paid Social,France,Gold,0.326,0,15263.94
CUST-12709,16,18,50.59,180,53,Organic Search,United Kingdom,Silver,0.047,0,2431.36
CUST-12710,67,6,378.91,692,42,Paid Social,Indonesia,Standard,0.034,0,4043.52
CUST-12711,33,9,141.58,286,21,Paid Social,United Kingdom,Silver,0.272,0,3395.47
CUST-12712,20,8,155.83,110,35,Organic Search,United Kingdom,Standard,0.116,0,2204.51
CUST-12713,21,13,49.34,62,62,Organic Search,Indonesia,Silver,0.119,0,1786.75
CUST-12714,1,13,142.2,134,50,Organic Search,Germany,Gold,0.075,0,7004.37
CUST-12715,17,2,136.91,236,37,Organic Search,Australia,Gold,0.108,0,980.04
CUST-12716,47,11,51.5,97,59,Paid Social,United Kingdom,Standard,0.245,1,264.22
CUST-12717,165,9,229.46,368,38,Organic Search,United States,Standard,0.374,1,950.72
CUST-12718,85,17,76.66,414,18,Direct,United Kingdom,Silver,0.102,0,3500.76
CUST-12719,2,32,115.78,47,51,Organic Search,Indonesia,Silver,0.082,0,9939.03
CUST-12720,103,5,236.13,338,26,Organic Search,United Kingdom,Standard,0.095,1,476.86
CUST-12721,69,10,57.79,96,18,Paid Social,United Kingdom,Bronze,0.103,0,1168.96
CUST-12722,69,8,75.02,85,64,Organic Search,United Kingdom,Standard,0.106,0,1187.28
CUST-12723,28,6,124.41,48,44,Organic Search,Germany,Bronze,0.048,0,1525.92
CUST-12724,23,3,132.16,217,32,Google Ads,United Kingdom,Silver,0.22,0,1007.79
CUST-12725,17,4,168.63,684,41,Email Referral,Australia,Bronze,0.234,0,1455.79
CUST-12726,4,5,324.39,284,42,Organic Search,Indonesia,Standard,0.138,0,2828.14
CUST-12727,12,16,250.35,79,51,Paid Social,United States,Platinum,0.137,0,23014.31
CUST-12728,13,6,186.8,41,61,Organic Search,United States,Standard,0.101,0,2023.19
CUST-12729,30,6,163.04,217,67,Paid Social,Indonesia,Standard,0.267,0,1770.99
CUST-12730,62,15,95.48,77,27,Paid Social,Indonesia,Standard,0.228,0,2598.45
CUST-12731,29,15,35.09,327,47,Google Ads,Indonesia,Standard,0.277,0,983.2
CUST-12732,3,10,486.11,68,62,Email Referral,Indonesia,Standard,0.034,0,8747.96
CUST-12733,143,9,93.26,222,58,Google Ads,United Kingdom,Silver,0.058,1,532.11
CUST-12734,129,17,94.96,219,42,Organic Search,United Kingdom,Bronze,0.08,0,3509.8
CUST-12735,70,4,57.04,344,20,Paid Social,France,Bronze,0.356,1,192.73
CUST-12736,214,7,169.6,284,39,Organic Search,United Kingdom,Gold,0.038,1,1152.79
CUST-12737,36,5,98.78,111,57,Google Ads,United Kingdom,Platinum,0.173,1,668.03
CUST-12738,149,3,263.49,304,63,Paid Social,United States,Standard,0.227,1,386.42
CUST-12739,4,22,274.78,130,41,Organic Search,France,Standard,0.322,0,10909.25
CUST-12740,21,8,104.09,596,44,Paid Social,France,Silver,0.003,0,2186.49
CUST-12741,12,5,240.94,82,43,Organic Search,Australia,Bronze,0.146,0,2590.5
CUST-12742,10,8,123.58,42,33,Google Ads,France,Standard,0.106,0,1807.88
CUST-12743,7,4,73.22,162,55,Organic Search,Germany,Bronze,0.298,1,216.21
CUST-12744,44,3,71.29,95,58,Email Referral,United Kingdom,Silver,0.115,1,112.03
CUST-12745,69,5,162.32,180,21,Google Ads,United Kingdom,Platinum,0.016,0,4601.95
CUST-12746,39,16,96.82,91,40,Email Referral,United Kingdom,Bronze,0.228,0,3371.53
CUST-12747,8,5,153.84,406,36,Direct,United Kingdom,Bronze,0.013,0,1649.06
CUST-12748,75,8,171.43,161,32,Organic Search,United Kingdom,Silver,0.211,0,3714.87
CUST-12749,46,12,115.58,329,48,Paid Social,United States,Standard,0.048,0,2506.04
CUST-12750,23,16,93.78,572,41,Paid Social,France,Silver,0.198,0,4058.72
CUST-12751,51,13,103.02,574,28,Organic Search,France,Bronze,0.325,0,2872.12
CUST-12752,14,5,233.45,162,27,Google Ads,Indonesia,Standard,0.169,0,2146.38
CUST-12753,20,4,62.1,771,25,Email Referral,United Kingdom,Bronze,0.25,0,494.1
CUST-12754,113,3,62.25,320,20,Paid Social,Germany,Standard,0.2,1,97.3
CUST-12755,16,15,92.24,55,36,Paid Social,United Kingdom,Bronze,0.298,0,3008.08
CUST-12756,29,7,237.05,438,21,Google Ads,Indonesia,Standard,0.137,0,2977.05
CUST-12757,100,8,243.03,228,46,Organic Search,Germany,Standard,0.391,1,914.57
CUST-12758,56,17,167.12,100,62,Paid Social,United Kingdom,Standard,0.044,0,5090.62
CUST-12759,3,6,218.42,300,58,Direct,United Kingdom,Standard,0.132,0,2473.78
CUST-12760,8,9,87.89,199,38,Organic Search,United States,Bronze,0.148,0,1720.41
CUST-12761,1,9,62.92,400,69,Google Ads,United Kingdom,Standard,0.01,0,1081.22
CUST-12762,45,10,140.94,376,62,Email Referral,Indonesia,Standard,0.114,0,2581.32
CUST-12763,27,13,176.4,111,26,Direct,United Kingdom,Gold,0.19,0,8739.47
CUST-12764,7,16,263.95,75,69,Organic Search,United Kingdom,Gold,0.117,0,15968.1
CUST-12765,143,4,51.84,396,68,Direct,United Kingdom,Bronze,0.4,1,168.33
CUST-12766,34,10,121.48,202,65,Organic Search,Germany,Bronze,0.041,0,2696.77
CUST-12767,13,10,76.38,41,35,Paid Social,Germany,Bronze,0.163,0,1664.21
CUST-12768,32,6,25.92,83,36,Organic Search,Germany,Standard,0.043,0,245.01
CUST-12769,52,4,128.1,96,34,Organic Search,Germany,Platinum,0.286,0,3042.91
CUST-12770,4,15,164.82,179,61,Direct,Germany,Silver,0.085,0,6676.16
CUST-12771,15,8,106.16,46,60,Email Referral,United Kingdom,Standard,0.213,0,1532.63
CUST-12772,75,9,113.16,131,41,Paid Social,United Kingdom,Standard,0.206,0,1846.71
CUST-12773,28,8,112.4,184,66,Organic Search,Germany,Bronze,0.059,0,1903.11
CUST-12774,36,9,50.59,76,23,Paid Social,Germany,Standard,0.076,0,836.56
CUST-12775,26,13,110.05,92,48,Paid Social,United Kingdom,Standard,0.04,0,2592.58
CUST-12776,3,21,37.42,445,44,Organic Search,United States,Silver,0.031,0,2121.21
CUST-12777,9,8,173.96,238,64,Email Referral,France,Standard,0.127,0,2501.69
CUST-12778,27,9,77.59,107,51,Google Ads,United Kingdom,Silver,0.173,0,1874.33
CUST-12779,11,7,237.97,403,63,Paid Social,Germany,Gold,0.08,0,6277.68
CUST-12780,3,12,20.77,69,44,Paid Social,Indonesia,Standard,0.144,0,484.96
CUST-12781,84,8,235.11,259,44,Email Referral,United Kingdom,Standard,0.076,1,860.91
CUST-12782,179,16,73.28,276,52,Organic Search,United States,Gold,0.187,1,1154.55
CUST-12783,71,7,277.99,337,29,Google Ads,Germany,Standard,0.095,0,3476.6
CUST-12784,87,12,171.7,185,46,Google Ads,France,Standard,0.018,0,3765.11
CUST-12785,13,6,260.54,79,23,Paid Social,France,Gold,0.267,0,5953.62
CUST-12786,146,3,119.22,329,54,Organic Search,Germany,Standard,0.145,1,148.8
CUST-12787,10,7,202.57,271,24,Paid Social,United Kingdom,Standard,0.248,0,2519.07
CUST-12788,137,6,135.03,290,23,Organic Search,Indonesia,Standard,0.121,1,394.32
CUST-12789,237,10,49.55,478,36,Google Ads,France,Gold,0.14,1,388.95
CUST-12790,56,1,71.76,169,31,Paid Social,Germany,Silver,0.263,1,27.69
CUST-12791,179,10,270.26,479,67,Paid Social,Germany,Bronze,0.151,1,1473.18
CUST-12792,38,4,114.34,211,38,Direct,Germany,Bronze,0.065,1,239.48
CUST-12793,14,12,126.1,68,31,Paid Social,United States,Standard,0.43,0,2670.2
CUST-12794,26,14,101.41,439,57,Google Ads,United Kingdom,Gold,0.174,0,5371.14
CUST-12795,41,12,80.89,382,31,Email Referral,Indonesia,Silver,0.349,0,2570.9
CUST-12796,4,18,92.77,616,68,Paid Social,United Kingdom,Standard,0.154,0,3018.79
CUST-12797,44,11,117.68,210,49,Organic Search,France,Gold,0.043,0,4873.56
CUST-12798,179,12,100.59,396,43,Google Ads,United Kingdom,Gold,0.075,1,1133.77
CUST-12799,10,12,235.59,383,20,Google Ads,France,Bronze,0.157,0,6065.39
CUST-12800,71,14,95.71,95,32,Organic Search,United Kingdom,Platinum,0.13,0,7756.74
CUST-12801,108,3,251.72,560,38,Organic Search,Germany,Standard,0.303,1,332.52
CUST-12802,130,6,90.47,201,47,Google Ads,Indonesia,Silver,0.066,0,1428.71
CUST-12803,146,6,117.98,171,65,Direct,Germany,Standard,0.242,1,312.51
CUST-12804,34,6,82.28,97,64,Google Ads,United Kingdom,Bronze,0.172,0,1153.09
CUST-12805,171,11,121.1,344,31,Email Referral,United Kingdom,Gold,0.231,1,1275.57
CUST-12806,64,11,111.56,87,64,Direct,France,Bronze,0.148,0,2704.46
CUST-12807,8,11,188.88,23,56,Organic Search,United Kingdom,Silver,0.386,0,5529.15
CUST-12808,30,6,114.51,228,54,Organic Search,United Kingdom,Standard,0.144,0,1226.84
CUST-12809,58,7,271.34,181,58,Paid Social,Germany,Bronze,0.199,0,4052.66
CUST-12810,13,9,80.52,362,65,Direct,United Kingdom,Standard,0.028,0,1278.46
CUST-12811,47,11,153.24,115,45,Google Ads,United Kingdom,Standard,0.104,0,2995.82
CUST-12812,50,2,169.66,124,19,Organic Search,Germany,Bronze,0.152,1,247.7
CUST-12813,8,29,220.58,37,39,Paid Social,United Kingdom,Bronze,0.247,0,13852.98
CUST-12814,38,20,78.66,192,24,Organic Search,United Kingdom,Standard,0.006,0,2793.99
CUST-12815,67,6,208.47,163,61,Google Ads,Germany,Bronze,0.204,0,2678.54
CUST-12816,32,10,340.14,121,49,Paid Social,United Kingdom,Bronze,0.077,0,7365.17
CUST-12817,1,28,195.83,126,33,Direct,United Kingdom,Bronze,0.221,0,11888.33
CUST-12818,1,14,70.66,357,53,Organic Search,France,Standard,0.096,0,1832.68
CUST-12819,20,9,103.4,55,19,Email Referral,Germany,Bronze,0.109,0,2041.85
CUST-12820,118,14,131.38,266,34,Paid Social,United Kingdom,Bronze,0.082,0,4063.64
CUST-12821,12,12,88.52,66,66,Organic Search,Germany,Bronze,0.104,0,2315.78
CUST-12822,46,5,238.59,103,20,Paid Social,Australia,Silver,0.107,1,783.0
CUST-12823,12,13,52.45,80,65,Paid Social,Australia,Bronze,0.241,0,1432.06
CUST-12824,18,4,76.09,143,40,Paid Social,Germany,Gold,0.107,0,1096.5
CUST-12825,85,8,93.55,222,54,Email Referral,United Kingdom,Platinum,0.064,1,1017.21
CUST-12826,59,13,199.64,443,56,Email Referral,Germany,Silver,0.218,0,7041.1
CUST-12827,5,7,129.05,420,45,Organic Search,United Kingdom,Standard,0.016,0,1705.57
CUST-12828,26,14,183.43,200,62,Email Referral,Germany,Standard,0.317,0,4627.67
CUST-12829,2,24,127.95,76,58,Email Referral,Indonesia,Silver,0.087,0,8382.56
CUST-12830,30,11,144.72,352,25,Organic Search,Germany,Standard,0.246,0,2866.83
CUST-12831,49,12,96.72,347,50,Email Referral,Germany,Standard,0.106,0,2119.5
CUST-12832,6,8,162.06,308,21,Google Ads,United Kingdom,Gold,0.052,0,4821.58
CUST-12833,16,8,195.96,33,24,Google Ads,United Kingdom,Bronze,0.032,0,3426.8
CUST-12834,23,5,70.29,290,28,Organic Search,Australia,Standard,0.025,0,600.75
CUST-12835,114,8,99.81,473,57,Email Referral,United Kingdom,Platinum,0.108,1,1191.34
CUST-12836,225,11,145.68,407,25,Google Ads,United Kingdom,Silver,0.08,1,1145.83
CUST-12837,3,7,158.8,268,37,Paid Social,Germany,Bronze,0.009,0,2416.3
CUST-12838,65,6,66.88,349,60,Paid Social,France,Standard,0.105,0,743.97
CUST-12839,21,11,261.59,163,56,Organic Search,United Kingdom,Bronze,0.164,0,6221.3
CUST-12840,23,15,117.9,340,45,Paid Social,Germany,Silver,0.172,0,4806.93
CUST-12841,64,3,104.13,361,28,Paid Social,United Kingdom,Silver,0.02,1,304.52
CUST-12842,113,8,364.44,574,67,Organic Search,Germany,Standard,0.38,1,1312.56
CUST-12843,136,4,158.45,608,39,Paid Social,United Kingdom,Bronze,0.143,1,350.49
CUST-12844,39,6,173.65,189,53,Paid Social,Germany,Bronze,0.018,0,2161.58
CUST-12845,20,10,138.22,40,23,Organic Search,United Kingdom,Gold,0.266,0,5245.82
CUST-12846,70,18,122.25,88,24,Paid Social,United States,Bronze,0.225,0,4714.02
CUST-12847,14,8,165.25,532,27,Google Ads,France,Standard,0.017,0,2369.71
CUST-12848,38,9,59.14,127,57,Organic Search,Indonesia,Standard,0.05,0,981.94
CUST-12849,20,3,128.73,120,21,Email Referral,Germany,Silver,0.354,0,961.91
CUST-12850,49,5,81.79,178,26,Organic Search,United Kingdom,Silver,0.187,0,1127.45
CUST-12851,13,14,85.48,83,55,Organic Search,Germany,Standard,0.172,0,2166.65
CUST-12852,10,12,53.49,185,66,Direct,France,Standard,0.335,0,1190.54
CUST-12853,113,8,84.29,404,36,Email Referral,United Kingdom,Standard,0.136,0,1181.85
CUST-12854,5,9,87.23,73,63,Organic Search,Germany,Standard,0.199,0,1468.75
CUST-12855,32,3,30.02,291,50,Email Referral,United Kingdom,Standard,0.077,0,177.35
CUST-12856,12,5,253.08,227,55,Organic Search,United States,Gold,0.032,0,4747.69
CUST-12857,2,11,180.43,151,39,Google Ads,Indonesia,Bronze,0.025,0,4218.54
CUST-12858,2,23,63.32,87,56,Organic Search,United Kingdom,Platinum,0.02,0,8361.56
CUST-12859,9,12,74.48,395,18,Google Ads,United States,Gold,0.068,0,3421.95
CUST-12860,91,9,62.91,198,66,Organic Search,United Kingdom,Bronze,0.161,0,1245.25
CUST-12861,15,7,97.56,114,38,Email Referral,United Kingdom,Bronze,0.096,0,1367.82
CUST-12862,136,9,95.02,335,66,Direct,Germany,Gold,0.11,0,3215.93
CUST-12863,40,11,351.54,510,24,Organic Search,United Kingdom,Standard,0.152,0,6966.76
CUST-12864,26,6,97.22,168,63,Organic Search,France,Standard,0.111,0,1145.45
CUST-12865,40,14,152.13,285,24,Email Referral,Germany,Standard,0.057,0,3898.07
CUST-12866,33,12,75.73,157,39,Organic Search,United Kingdom,Standard,0.02,0,1626.84
CUST-12867,64,19,189.54,123,30,Email Referral,United Kingdom,Standard,0.018,0,6491.33
CUST-12868,15,4,95.69,53,40,Email Referral,United Kingdom,Standard,0.02,0,620.84
CUST-12869,20,5,52.58,61,39,Paid Social,Australia,Standard,0.09,0,341.88
CUST-12870,102,2,86.02,120,43,Email Referral,France,Bronze,0.156,1,73.06
CUST-12871,132,11,82.66,291,35,Organic Search,Indonesia,Silver,0.104,0,2505.16
CUST-12872,101,16,161.12,141,24,Direct,Germany,Bronze,0.268,0,5577.36
CUST-12873,25,7,124.04,401,19,Paid Social,United Kingdom,Standard,0.074,0,1525.45
CUST-12874,69,11,142.48,816,36,Google Ads,France,Standard,0.076,0,2866.73
CUST-12875,30,16,204.15,168,31,Organic Search,Germany,Standard,0.025,0,5969.19
CUST-12876,31,16,41.72,153,42,Email Referral,Germany,Bronze,0.157,0,1367.39
CUST-12877,11,16,107.9,103,50,Organic Search,United Kingdom,Silver,0.19,0,4658.65
CUST-12878,41,10,93.26,238,65,Organic Search,France,Standard,0.17,0,1652.04
CUST-12879,10,1,160.44,193,56,Organic Search,France,Standard,0.115,0,291.01
CUST-12880,19,9,151.88,109,65,Paid Social,United Kingdom,Standard,0.247,0,2437.65
CUST-12881,87,15,38.71,177,37,Paid Social,United States,Standard,0.279,0,1184.76
CUST-12882,11,7,153.35,212,61,Paid Social,France,Standard,0.161,0,1926.24
CUST-12883,4,11,81.47,164,22,Direct,Germany,Standard,0.117,0,1628.12
CUST-12884,4,5,231.3,247,66,Organic Search,France,Standard,0.002,0,2090.08
CUST-12885,128,23,114.23,653,38,Google Ads,United Kingdom,Platinum,0.196,0,15070.53
CUST-12886,32,14,79.38,319,30,Paid Social,Indonesia,Gold,0.223,0,4210.97
CUST-12887,24,12,232.71,104,31,Paid Social,United Kingdom,Bronze,0.001,0,5958.24
CUST-12888,75,3,74.19,346,33,Organic Search,United Kingdom,Silver,0.014,1,240.4
CUST-12889,82,7,201.62,204,62,Email Referral,United States,Standard,0.102,0,2585.58
CUST-12890,19,7,162.95,304,67,Paid Social,United Kingdom,Standard,0.057,0,2024.33
CUST-12891,54,4,237.2,460,67,Google Ads,United States,Standard,0.16,0,1699.49
CUST-12892,67,10,165.73,133,58,Direct,United Kingdom,Bronze,0.284,0,3631.08
CUST-12893,48,7,212.63,112,45,Organic Search,Germany,Gold,0.213,0,5639.83
CUST-12894,8,5,134.81,125,18,Organic Search,United Kingdom,Standard,0.019,0,1130.71
CUST-12895,94,5,270.62,118,19,Paid Social,France,Standard,0.208,1,617.31
CUST-12896,35,23,118.34,258,25,Paid Social,United Kingdom,Silver,0.051,0,7403.19
CUST-12897,15,12,53.33,279,30,Paid Social,Indonesia,Standard,0.199,0,1035.24
CUST-12898,25,9,54.73,116,55,Direct,United Kingdom,Bronze,0.063,0,1070.85
CUST-12899,2,14,40.69,129,36,Google Ads,Germany,Bronze,0.025,0,1188.69
CUST-12900,7,9,308.97,182,68,Direct,United Kingdom,Standard,0.31,0,5068.69
CUST-12901,66,3,124.37,94,19,Paid Social,Australia,Silver,0.24,1,229.2
CUST-12902,1,11,37.31,239,48,Paid Social,United States,Standard,0.032,0,710.96
CUST-12903,25,15,166.55,174,27,Paid Social,Germany,Standard,0.116,0,4538.24
CUST-12904,34,5,99.42,225,22,Paid Social,Indonesia,Gold,0.055,0,1834.16
CUST-12905,3,20,237.31,249,40,Email Referral,Indonesia,Standard,0.192,0,8547.35
CUST-12906,163,7,176.81,380,47,Google Ads,Germany,Standard,0.074,1,571.01
CUST-12907,12,23,162.66,45,49,Paid Social,United Kingdom,Standard,0.144,0,6724.42
CUST-12908,17,7,87.97,306,18,Organic Search,Germany,Standard,0.472,0,1043.23
CUST-12909,17,6,320.06,201,62,Paid Social,United Kingdom,Standard,0.021,0,3413.07
CUST-12910,12,3,140.64,252,61,Email Referral,Germany,Standard,0.216,0,752.92
CUST-12911,1,11,175.87,70,59,Email Referral,Indonesia,Bronze,0.093,0,4083.97
CUST-12912,59,21,77.26,119,20,Paid Social,United Kingdom,Standard,0.111,0,2924.7
CUST-12913,154,13,107.36,483,64,Organic Search,United States,Silver,0.166,1,928.92
CUST-12914,12,11,48.89,116,47,Google Ads,Indonesia,Standard,0.092,0,996.63
CUST-12915,49,9,106.59,218,54,Google Ads,United States,Silver,0.106,0,2622.61
CUST-12916,61,2,156.62,220,45,Organic Search,Germany,Standard,0.188,0,507.71
CUST-12917,85,3,38.31,258,68,Paid Social,Germany,Standard,0.261,1,25.75
CUST-12918,25,11,54.42,52,68,Paid Social,United States,Standard,0.069,0,1031.13
CUST-12919,17,9,76.0,96,38,Paid Social,United Kingdom,Silver,0.256,0,1820.48
CUST-12920,18,8,70.22,45,30,Paid Social,France,Standard,0.17,0,998.57
CUST-12921,57,1,62.11,189,57,Email Referral,Germany,Standard,0.075,0,167.78
CUST-12922,77,9,88.61,510,43,Organic Search,United Kingdom,Standard,0.076,0,1405.69
CUST-12923,10,6,152.24,113,57,Paid Social,United States,Bronze,0.045,0,2017.36
CUST-12924,21,6,49.11,310,47,Organic Search,United Kingdom,Gold,0.099,0,1126.83
CUST-12925,105,6,57.61,180,41,Organic Search,Indonesia,Standard,0.072,0,691.48
CUST-12926,74,3,140.55,438,55,Paid Social,France,Bronze,0.207,1,210.02
CUST-12927,189,17,211.54,301,58,Organic Search,France,Bronze,0.329,1,1901.26
CUST-12928,64,8,304.85,157,63,Organic Search,Germany,Platinum,0.229,0,14054.69
CUST-12929,23,5,59.77,253,22,Paid Social,United Kingdom,Silver,0.068,0,726.54
CUST-12930,41,4,72.86,185,33,Direct,France,Standard,0.195,1,139.03
CUST-12931,49,12,68.77,138,63,Email Referral,France,Standard,0.082,0,1513.72
CUST-12932,4,12,397.72,29,59,Organic Search,United Kingdom,Bronze,0.065,0,10363.82
CUST-12933,36,4,96.68,83,66,Paid Social,United Kingdom,Bronze,0.054,0,855.62
CUST-12934,56,9,361.4,337,33,Paid Social,United States,Standard,0.341,0,5847.54
CUST-12935,9,5,152.37,480,69,Organic Search,France,Bronze,0.076,0,1742.65
CUST-12936,69,4,209.66,117,66,Organic Search,France,Bronze,0.117,0,1811.0
CUST-12937,40,6,152.03,206,65,Organic Search,United Kingdom,Standard,0.09,0,1588.99
CUST-12938,137,7,110.5,158,27,Paid Social,France,Bronze,0.373,1,415.97
CUST-12939,2,6,105.03,78,35,Email Referral,United States,Gold,0.062,0,2314.87
CUST-12940,14,8,33.21,136,55,Email Referral,Germany,Standard,0.557,0,416.53
CUST-12941,42,10,178.45,296,34,Direct,United Kingdom,Silver,0.146,0,4830.23
CUST-12942,16,6,242.81,39,58,Organic Search,United Kingdom,Standard,0.09,1,589.29
CUST-12943,57,7,41.24,345,57,Direct,Germany,Standard,0.102,1,99.07
CUST-12944,65,3,86.86,120,48,Paid Social,France,Gold,0.002,0,926.56
CUST-12945,5,12,62.63,276,43,Organic Search,United Kingdom,Bronze,0.142,0,1630.38
CUST-12946,33,18,217.37,224,43,Direct,Germany,Bronze,0.117,0,8415.75
CUST-12947,32,8,52.05,121,57,Paid Social,Germany,Standard,0.079,0,776.13
CUST-12948,21,7,127.09,267,29,Paid Social,United Kingdom,Standard,0.6,0,1623.9
CUST-12949,122,20,262.2,185,35,Organic Search,United Kingdom,Standard,0.283,0,9373.98
CUST-12950,80,1,103.24,139,51,Organic Search,France,Bronze,0.06,1,101.79
CUST-12951,54,23,133.72,80,52,Direct,France,Bronze,0.074,0,6634.63
CUST-12952,57,10,57.89,161,28,Paid Social,France,Standard,0.271,0,980.8
CUST-12953,28,7,119.89,61,47,Direct,France,Standard,0.247,0,1529.26
CUST-12954,115,5,80.64,227,62,Paid Social,Germany,Bronze,0.067,1,305.76
CUST-12955,54,7,115.6,70,67,Organic Search,United States,Platinum,0.079,0,4651.17
CUST-12956,59,7,343.7,104,28,Organic Search,United States,Bronze,0.092,0,5114.34
CUST-12957,90,11,298.73,589,63,Paid Social,United States,Bronze,0.22,0,7143.97
CUST-12958,15,17,256.93,315,69,Organic Search,Germany,Silver,0.046,0,11871.86
CUST-12959,75,15,125.08,138,21,Email Referral,Australia,Standard,0.148,0,3323.15
CUST-12960,10,9,112.25,253,53,Organic Search,United Kingdom,Standard,0.322,0,1778.66
CUST-12961,20,15,66.12,233,27,Google Ads,United Kingdom,Bronze,0.098,0,2144.06
CUST-12962,19,12,148.97,69,51,Google Ads,United States,Silver,0.118,0,4729.93
CUST-12963,173,8,44.69,271,48,Organic Search,United States,Bronze,0.222,0,876.33
CUST-12964,88,9,120.99,543,49,Google Ads,United States,Standard,0.157,0,1957.5
CUST-12965,55,7,140.77,311,67,Google Ads,Indonesia,Standard,0.221,0,1775.77
CUST-12966,59,6,59.53,331,45,Email Referral,Germany,Bronze,0.019,0,789.38
CUST-12967,38,13,162.16,202,60,Paid Social,Indonesia,Bronze,0.245,0,4540.54
CUST-12968,133,8,127.36,345,54,Paid Social,United Kingdom,Standard,0.183,1,432.73
CUST-12969,31,11,113.1,173,49,Google Ads,Indonesia,Bronze,0.069,0,2640.18
CUST-12970,22,11,157.36,280,49,Organic Search,Germany,Bronze,0.012,0,3679.96
CUST-12971,9,12,99.09,261,34,Paid Social,United Kingdom,Bronze,0.232,0,2588.74
CUST-12972,70,5,102.9,90,51,Organic Search,France,Bronze,0.222,0,1178.95
CUST-12973,60,9,105.42,254,52,Paid Social,United Kingdom,Silver,0.201,0,2609.2
CUST-12974,22,13,98.53,215,56,Organic Search,United Kingdom,Silver,0.065,0,3443.95
CUST-12975,2,10,21.56,29,38,Paid Social,United Kingdom,Standard,0.182,0,378.45
CUST-12976,83,13,119.35,193,49,Paid Social,United Kingdom,Platinum,0.178,0,9017.84
CUST-12977,1,8,181.21,428,51,Organic Search,United States,Standard,0.083,0,2569.49
CUST-12978,55,10,102.44,622,51,Organic Search,Germany,Standard,0.21,0,1760.5
CUST-12979,159,2,101.93,448,25,Paid Social,Australia,Standard,0.076,1,104.31
CUST-12980,26,6,55.41,70,33,Google Ads,Germany,Silver,0.117,0,940.27
CUST-12981,13,26,63.75,112,52,Paid Social,United States,Silver,0.027,0,4350.85
CUST-12982,55,12,144.55,106,40,Organic Search,Australia,Bronze,0.358,0,3766.65
CUST-12983,77,6,95.83,282,39,Organic Search,United Kingdom,Standard,0.303,0,978.55
CUST-12984,36,7,174.64,318,48,Google Ads,United Kingdom,Silver,0.109,0,3229.77
CUST-12985,154,16,125.76,556,46,Paid Social,United Kingdom,Standard,0.218,0,3607.43
CUST-12986,3,10,160.66,372,55,Organic Search,Indonesia,Gold,0.068,0,6015.21
CUST-12987,32,5,81.22,65,36,Email Referral,United States,Standard,0.145,1,94.24
CUST-12988,58,4,150.2,97,62,Organic Search,United Kingdom,Standard,0.416,1,275.77
CUST-12989,90,18,52.01,537,53,Organic Search,United Kingdom,Platinum,0.284,0,5390.18
CUST-12990,9,6,185.54,358,66,Organic Search,United States,Bronze,0.114,0,2318.7
CUST-12991,73,6,134.96,199,26,Organic Search,Germany,Standard,0.056,1,294.04
CUST-12992,37,1,454.19,153,52,Email Referral,United Kingdom,Standard,0.119,0,840.79
CUST-12993,23,12,131.49,182,18,Paid Social,United States,Silver,0.023,0,4286.7
CUST-12994,7,3,117.53,185,50,Email Referral,Australia,Standard,0.078,0,502.35
CUST-12995,91,18,123.11,158,34,Paid Social,United Kingdom,Standard,0.255,0,3925.59
CUST-12996,8,8,162.58,116,43,Paid Social,United Kingdom,Standard,0.326,0,2337.02
CUST-12997,17,4,93.56,206,30,Paid Social,United States,Bronze,0.046,0,829.52
CUST-12998,16,11,143.01,72,22,Paid Social,Germany,Gold,0.137,0,5966.9
CUST-12999,93,13,132.45,1323,36,Organic Search,Australia,Platinum,0.094,0,9948.0
CUST-13000,51,8,208.72,125,59,Email Referral,Indonesia,Platinum,0.198,0,9581.8
CUST-13001,72,5,105.82,231,26,Direct,United Kingdom,Bronze,0.123,0,1151.75
CUST-13002,13,6,157.1,173,23,Paid Social,France,Silver,0.413,0,2525.33
CUST-13003,45,8,169.3,168,38,Paid Social,France,Bronze,0.018,0,2897.48
CUST-13004,39,5,225.87,103,66,Organic Search,United Kingdom,Bronze,0.375,0,2363.82
CUST-13005,81,7,83.99,245,39,Google Ads,United Kingdom,Silver,0.115,0,1602.28
CUST-13006,107,9,160.22,139,56,Direct,Germany,Silver,0.018,0,3810.88
CUST-13007,1,8,115.26,104,65,Google Ads,Germany,Standard,0.103,0,1601.22
CUST-13008,51,4,52.05,111,68,Organic Search,Germany,Gold,0.012,0,821.32
CUST-13009,3,6,128.61,41,22,Direct,United Kingdom,Silver,0.04,0,2075.19
CUST-13010,36,3,46.62,518,39,Organic Search,Germany,Silver,0.18,0,430.2
CUST-13011,16,5,206.07,247,67,Paid Social,United Kingdom,Gold,0.258,0,3877.9
CUST-13012,17,4,74.82,65,24,Paid Social,Indonesia,Bronze,0.018,0,618.67
CUST-13013,20,6,97.04,572,43,Google Ads,United Kingdom,Silver,0.307,0,1629.4
CUST-13014,44,6,205.12,102,42,Google Ads,Indonesia,Bronze,0.198,0,2638.34
CUST-13015,19,17,127.9,82,22,Google Ads,United Kingdom,Bronze,0.308,0,4710.55
CUST-13016,60,5,236.13,100,49,Google Ads,Germany,Standard,0.018,0,2117.05
CUST-13017,24,7,166.71,273,25,Paid Social,United Kingdom,Silver,0.006,0,3156.83
CUST-13018,4,11,182.21,171,26,Google Ads,United States,Gold,0.088,0,7565.22
CUST-13019,69,13,99.28,94,45,Organic Search,United States,Platinum,0.118,0,7477.98
CUST-13020,16,9,161.88,35,37,Paid Social,United States,Standard,0.32,0,2625.86
CUST-13021,26,24,109.52,177,21,Organic Search,France,Standard,0.079,0,4714.65
CUST-13022,53,15,148.98,257,20,Direct,United Kingdom,Bronze,0.215,0,4839.65
CUST-13023,19,4,252.73,345,61,Direct,France,Gold,0.224,1,877.92
CUST-13024,3,7,173.18,135,58,Organic Search,Australia,Silver,0.044,0,3323.74
CUST-13025,22,16,161.82,240,59,Paid Social,France,Bronze,0.222,0,5517.17
CUST-13026,131,7,228.91,384,28,Paid Social,Australia,Silver,0.129,1,1048.41
CUST-13027,47,10,129.02,232,65,Paid Social,United Kingdom,Standard,0.103,0,2299.73
CUST-13028,51,10,83.38,144,46,Paid Social,United States,Bronze,0.112,0,1813.47
CUST-13029,46,5,233.57,86,60,Organic Search,France,Standard,0.088,1,606.55
CUST-13030,10,32,243.08,212,39,Organic Search,United States,Standard,0.171,0,14052.97
CUST-13031,25,2,221.13,303,25,Email Referral,France,Silver,0.479,0,1120.49
CUST-13032,63,7,41.49,115,63,Organic Search,Germany,Bronze,0.071,0,583.04
CUST-13033,5,7,162.27,142,51,Email Referral,France,Standard,0.28,0,1974.63
CUST-13034,15,28,155.77,121,48,Paid Social,Indonesia,Bronze,0.149,0,9355.97
CUST-13035,15,3,110.04,71,21,Google Ads,Germany,Standard,0.193,0,564.71
CUST-13036,26,9,132.64,91,32,Email Referral,Australia,Standard,0.299,0,2214.25
CUST-13037,177,7,174.1,240,35,Email Referral,United Kingdom,Standard,0.166,1,536.13
CUST-13038,4,3,167.3,116,28,Organic Search,United Kingdom,Standard,0.027,0,897.63
CUST-13039,33,9,43.0,137,44,Organic Search,Germany,Standard,0.018,0,708.04
CUST-13040,9,7,169.94,169,36,Direct,United States,Standard,0.114,0,2094.27
CUST-13041,159,15,81.75,191,67,Paid Social,United Kingdom,Standard,0.082,1,548.27
CUST-13042,6,12,269.48,177,26,Paid Social,France,Bronze,0.101,0,6997.26
CUST-13043,24,4,151.91,42,42,Google Ads,Germany,Standard,0.091,0,1216.71
CUST-13044,61,7,195.38,129,39,Organic Search,United Kingdom,Silver,0.026,0,3738.88
CUST-13045,55,3,101.42,195,40,Paid Social,United Kingdom,Silver,0.061,0,903.8
CUST-13046,25,5,197.44,249,54,Organic Search,United Kingdom,Silver,0.073,0,2666.89
CUST-13047,20,10,84.51,300,27,Paid Social,Germany,Bronze,0.21,0,1851.84
CUST-13048,23,8,85.5,44,34,Organic Search,Germany,Standard,0.065,0,1244.28
CUST-13049,14,8,102.25,167,69,Organic Search,United Kingdom,Standard,0.161,0,1382.97
CUST-13050,11,2,294.4,104,30,Paid Social,Australia,Bronze,0.111,0,1148.69
CUST-13051,30,32,104.0,258,21,Google Ads,United States,Bronze,0.321,0,7132.24
CUST-13052,15,9,123.23,90,49,Direct,Germany,Bronze,0.252,0,2457.76
CUST-13053,16,6,36.34,276,45,Email Referral,Germany,Bronze,0.087,0,451.21
CUST-13054,49,4,360.65,229,47,Paid Social,United Kingdom,Gold,0.127,0,5491.95
CUST-13055,156,8,82.72,451,63,Google Ads,France,Gold,0.011,1,690.6
CUST-13056,42,7,182.92,805,57,Paid Social,Australia,Silver,0.257,0,3393.03
CUST-13057,4,11,185.14,449,38,Paid Social,Indonesia,Standard,0.274,0,3739.57
CUST-13058,4,18,120.97,180,32,Organic Search,United Kingdom,Platinum,0.124,0,12484.05
CUST-13059,137,16,85.25,555,20,Google Ads,United Kingdom,Silver,0.227,0,3672.48
CUST-13060,16,17,208.32,60,34,Paid Social,Australia,Bronze,0.197,0,7595.52
CUST-13061,5,11,137.12,27,32,Direct,United Kingdom,Standard,0.01,0,2726.83
CUST-13062,42,16,101.45,194,50,Google Ads,Germany,Bronze,0.188,0,3498.02
CUST-13063,44,12,98.18,718,22,Paid Social,United Kingdom,Bronze,0.037,0,2584.68
CUST-13064,48,10,210.48,285,25,Email Referral,United States,Standard,0.107,0,3838.62
CUST-13065,15,15,181.02,95,26,Paid Social,United Kingdom,Standard,0.156,0,4966.55
CUST-13066,1,10,121.55,214,43,Organic Search,France,Bronze,0.436,0,2663.07
CUST-13067,151,12,211.16,173,19,Paid Social,United Kingdom,Standard,0.112,1,1181.01
CUST-13068,13,25,153.89,142,54,Google Ads,United Kingdom,Standard,0.069,0,6902.64
CUST-13069,51,10,168.65,114,53,Google Ads,Germany,Bronze,0.087,0,3633.94
CUST-13070,56,15,144.07,80,29,Email Referral,United Kingdom,Standard,0.114,0,3905.59
CUST-13071,43,15,96.17,109,36,Paid Social,United Kingdom,Standard,0.003,0,2534.55
CUST-13072,17,11,108.15,262,44,Organic Search,United Kingdom,Standard,0.262,0,2197.53
CUST-13073,15,20,48.47,174,41,Paid Social,United Kingdom,Platinum,0.189,0,5577.05
CUST-13074,41,11,156.51,60,19,Direct,Australia,Standard,0.013,0,3108.61
CUST-13075,91,11,74.21,200,33,Email Referral,Germany,Bronze,0.198,1,364.9
CUST-13076,132,8,172.21,398,19,Email Referral,Indonesia,Standard,0.097,0,2461.64
CUST-13077,6,3,99.79,577,38,Google Ads,United Kingdom,Standard,0.319,0,582.0
CUST-13078,8,2,341.88,396,27,Email Referral,United Kingdom,Standard,0.387,1,328.67
CUST-13079,131,3,139.07,146,59,Email Referral,France,Platinum,0.257,1,642.26
CUST-13080,61,5,50.66,120,34,Paid Social,United Kingdom,Standard,0.252,1,97.12
CUST-13081,97,12,54.41,153,29,Paid Social,Germany,Bronze,0.125,0,1416.75
CUST-13082,11,2,93.59,121,24,Google Ads,United Kingdom,Bronze,0.141,1,95.89
CUST-13083,40,14,84.13,241,26,Paid Social,France,Silver,0.171,0,3213.34
CUST-13084,55,4,419.71,99,63,Google Ads,Indonesia,Bronze,0.034,0,3639.34
CUST-13085,52,9,31.71,512,67,Google Ads,Australia,Standard,0.035,0,494.56
CUST-13086,24,5,118.06,309,27,Google Ads,Germany,Bronze,0.164,0,1147.04
CUST-13087,1,9,266.14,113,33,Organic Search,Germany,Platinum,0.093,0,13805.22
CUST-13088,40,9,160.18,212,18,Organic Search,United Kingdom,Silver,0.034,0,3808.47
CUST-13089,14,1,88.95,169,26,Paid Social,United States,Bronze,0.106,0,226.59
CUST-13090,27,11,238.25,199,30,Google Ads,Australia,Bronze,0.256,0,5702.42
CUST-13091,143,10,175.39,512,65,Google Ads,Germany,Standard,0.187,1,675.03
CUST-13092,23,4,47.93,78,33,Organic Search,United States,Bronze,0.058,0,429.09
CUST-13093,83,6,214.54,305,51,Paid Social,United States,Standard,0.084,0,2330.78
CUST-13094,10,13,187.89,45,58,Google Ads,United States,Standard,0.234,0,4415.43
CUST-13095,51,10,71.79,176,47,Organic Search,United States,Bronze,0.142,0,1489.05
CUST-13096,170,18,363.56,366,30,Direct,United Kingdom,Standard,0.122,1,2968.68
CUST-13097,5,5,129.77,22,25,Paid Social,United States,Standard,0.309,0,1104.97
CUST-13098,1,5,129.9,36,28,Direct,United Kingdom,Standard,0.226,1,326.78
CUST-13099,26,2,202.34,58,66,Paid Social,France,Platinum,0.08,0,2352.65
CUST-13100,5,9,125.38,104,69,Paid Social,United Kingdom,Silver,0.271,0,3030.24
CUST-13101,63,6,108.5,253,48,Paid Social,Indonesia,Bronze,0.25,0,1427.4
CUST-13102,111,16,125.09,1118,60,Google Ads,United States,Standard,0.365,1,853.3
CUST-13103,26,13,149.32,93,28,Paid Social,France,Bronze,0.149,0,4164.97
CUST-13104,14,10,189.37,55,65,Email Referral,United Kingdom,Bronze,0.275,0,4148.59
CUST-13105,26,7,90.17,137,24,Paid Social,United States,Standard,0.155,0,1192.37
CUST-13106,58,15,202.69,101,18,Direct,Indonesia,Platinum,0.092,0,17457.54
CUST-13107,1,15,97.53,20,40,Organic Search,France,Bronze,0.369,0,3129.02
CUST-13108,41,25,125.33,205,49,Paid Social,Australia,Platinum,0.065,0,18019.75
CUST-13109,43,3,83.85,439,32,Organic Search,United Kingdom,Bronze,0.136,0,546.45
CUST-13110,46,8,61.81,415,35,Email Referral,France,Bronze,0.042,0,1061.37
CUST-13111,13,6,178.32,47,45,Paid Social,Germany,Bronze,0.233,0,2375.62
CUST-13112,57,21,202.97,100,31,Organic Search,United Kingdom,Standard,0.184,0,7748.96
CUST-13113,5,11,85.04,141,30,Google Ads,France,Silver,0.301,0,2615.85
CUST-13114,11,9,252.22,108,51,Paid Social,United States,Standard,0.422,0,4193.94
CUST-13115,95,11,107.25,328,37,Paid Social,United Kingdom,Bronze,0.047,0,2469.27
CUST-13116,61,12,58.01,198,41,Paid Social,United States,Standard,0.167,0,1243.57
CUST-13117,1,7,60.7,19,45,Paid Social,United Kingdom,Standard,0.139,1,156.51
CUST-13118,13,19,213.83,88,28,Organic Search,Germany,Silver,0.031,0,10924.59
CUST-13119,11,13,95.99,443,68,Google Ads,United States,Silver,0.084,0,3439.69
CUST-13120,15,5,101.12,158,45,Paid Social,United Kingdom,Silver,0.061,0,1386.16
CUST-13121,13,5,60.07,315,39,Email Referral,Germany,Platinum,0.34,1,353.05
CUST-13122,3,13,80.3,110,47,Organic Search,Germany,Standard,0.24,0,2008.7
CUST-13123,28,32,144.21,246,55,Paid Social,France,Standard,0.082,0,8215.73
CUST-13124,60,10,94.26,108,34,Direct,Germany,Bronze,0.117,0,2018.32
CUST-13125,42,13,102.42,297,39,Paid Social,United Kingdom,Standard,0.054,0,2401.02
CUST-13126,51,21,142.3,344,18,Organic Search,United Kingdom,Silver,0.336,0,8011.84
CUST-13127,4,17,138.32,36,37,Organic Search,Indonesia,Bronze,0.113,0,5106.62
CUST-13128,137,8,153.43,188,22,Google Ads,United Kingdom,Standard,0.203,1,521.47
CUST-13129,83,8,169.6,209,50,Organic Search,United Kingdom,Gold,0.268,0,5169.85
CUST-13130,74,6,303.31,271,62,Direct,United Kingdom,Bronze,0.27,0,3950.85
CUST-13131,78,8,87.43,275,18,Organic Search,United Kingdom,Standard,0.095,0,1133.78
CUST-13132,122,5,82.0,335,61,Paid Social,United Kingdom,Standard,0.124,1,106.99
CUST-13133,36,15,115.66,276,26,Paid Social,United Kingdom,Gold,0.071,0,6600.36
CUST-13134,11,10,122.94,152,49,Organic Search,United Kingdom,Standard,0.167,0,2233.12
CUST-13135,44,8,120.46,212,43,Paid Social,United Kingdom,Platinum,0.216,0,5499.5
CUST-13136,62,24,219.61,78,62,Email Referral,United Kingdom,Bronze,0.15,0,11351.12
CUST-13137,61,8,142.64,108,59,Email Referral,United Kingdom,Standard,0.123,0,2049.62
CUST-13138,34,6,125.9,173,65,Paid Social,Germany,Bronze,0.061,0,1530.41
CUST-13139,4,6,61.45,265,23,Google Ads,France,Standard,0.131,0,777.24
CUST-13140,21,16,43.91,333,47,Google Ads,France,Silver,0.128,0,1847.89
CUST-13141,115,6,189.35,364,57,Organic Search,Germany,Bronze,0.055,1,615.03
CUST-13142,40,15,226.75,174,40,Paid Social,Germany,Platinum,0.208,0,19674.73
CUST-13143,35,9,122.12,109,56,Organic Search,France,Bronze,0.133,0,2364.81
CUST-13144,15,4,263.45,135,42,Organic Search,Indonesia,Standard,0.17,0,1912.94
CUST-13145,21,3,83.03,37,42,Email Referral,France,Bronze,0.056,0,490.19
CUST-13146,102,8,59.93,281,30,Paid Social,United Kingdom,Bronze,0.13,1,231.48
CUST-13147,50,6,130.14,78,42,Email Referral,Germany,Gold,0.045,0,2905.32
CUST-13148,70,3,75.28,113,34,Email Referral,Germany,Standard,0.325,1,165.61
CUST-13149,28,8,235.75,220,61,Organic Search,Germany,Bronze,0.085,0,4040.39
CUST-13150,45,5,59.24,62,44,Paid Social,Germany,Standard,0.159,0,496.0
CUST-13151,13,4,117.0,181,28,Email Referral,France,Standard,0.084,0,799.33
CUST-13152,56,3,104.29,254,23,Organic Search,United Kingdom,Bronze,0.211,0,694.92
CUST-13153,26,4,146.58,320,32,Google Ads,Germany,Bronze,0.09,0,1295.53
CUST-13154,27,7,117.73,54,54,Paid Social,United States,Standard,0.065,0,1383.51
CUST-13155,48,4,146.81,63,49,Email Referral,Germany,Standard,0.327,0,1060.42
CUST-13156,124,11,156.31,401,65,Direct,United Kingdom,Standard,0.114,0,3110.01
CUST-13157,3,5,103.3,79,41,Paid Social,United States,Bronze,0.095,0,1185.9
CUST-13158,79,21,155.38,486,28,Organic Search,Indonesia,Standard,0.059,0,5812.18
CUST-13159,16,1,155.27,67,59,Organic Search,Indonesia,Bronze,0.172,0,279.32
CUST-13160,27,6,157.13,200,46,Organic Search,United Kingdom,Standard,0.141,0,1729.08
CUST-13161,1,15,50.18,36,25,Google Ads,Germany,Bronze,0.562,0,1622.78
CUST-13162,17,7,192.98,124,54,Organic Search,Germany,Standard,0.086,0,2500.49
CUST-13163,32,6,72.71,431,27,Organic Search,France,Gold,0.162,0,1704.13
CUST-13164,3,5,227.53,186,27,Email Referral,France,Bronze,0.131,0,2471.29
CUST-13165,31,12,142.37,256,18,Paid Social,United Kingdom,Bronze,0.015,0,3686.92
CUST-13166,118,1,152.65,179,62,Email Referral,United States,Gold,0.053,1,136.38
CUST-13167,6,5,213.29,481,69,Paid Social,United States,Standard,0.218,0,1918.11
CUST-13168,66,7,59.15,256,40,Paid Social,Germany,Bronze,0.206,0,897.39
CUST-13169,24,17,159.11,59,35,Paid Social,United Kingdom,Gold,0.284,0,10295.48
CUST-13170,48,22,166.24,65,40,Paid Social,France,Bronze,0.209,0,7797.87
CUST-13171,14,6,240.07,31,22,Google Ads,United Kingdom,Standard,0.146,0,2571.78
CUST-13172,8,7,83.39,32,65,Organic Search,France,Standard,0.03,0,1060.95
CUST-13173,8,3,221.79,459,55,Organic Search,United Kingdom,Standard,0.092,0,1167.52
CUST-13174,4,10,176.87,98,48,Paid Social,United Kingdom,Bronze,0.348,0,3806.09
CUST-13175,10,3,28.83,88,59,Organic Search,Indonesia,Standard,0.182,0,133.62
CUST-13176,50,3,202.18,161,56,Email Referral,France,Standard,0.11,0,1156.94
CUST-13177,97,12,49.82,206,37,Paid Social,United Kingdom,Bronze,0.1,0,1270.18
CUST-13178,76,5,138.95,140,46,Organic Search,France,Silver,0.285,0,1839.78
CUST-13179,53,5,125.36,85,65,Paid Social,United States,Bronze,0.094,0,1392.91
CUST-13180,6,8,99.62,41,50,Organic Search,United Kingdom,Gold,0.018,0,2985.77
CUST-13181,16,11,200.92,195,56,Organic Search,Australia,Standard,0.103,0,3969.8
CUST-13182,17,11,456.6,123,49,Email Referral,United Kingdom,Bronze,0.261,0,10793.48
CUST-13183,13,6,125.82,446,42,Google Ads,Indonesia,Standard,0.139,0,1338.57
CUST-13184,33,3,173.66,160,61,Paid Social,United Kingdom,Standard,0.223,1,232.7
CUST-13185,35,3,183.62,176,44,Paid Social,France,Silver,0.279,0,1424.08
CUST-13186,20,1,236.73,509,40,Google Ads,Germany,Bronze,0.01,0,506.33
CUST-13187,20,9,86.47,160,64,Organic Search,Australia,Gold,0.205,0,2967.37
CUST-13188,80,4,55.12,220,19,Paid Social,Germany,Silver,0.354,1,49.25
CUST-13189,71,10,106.03,167,67,Paid Social,United Kingdom,Standard,0.188,0,1875.93
CUST-13190,17,11,224.47,255,21,Email Referral,United States,Silver,0.143,0,6794.46
CUST-13191,111,4,112.27,215,42,Organic Search,United Kingdom,Bronze,0.237,1,232.28
CUST-13192,138,12,98.27,312,62,Paid Social,Indonesia,Standard,0.054,0,2179.57
CUST-13193,18,17,48.54,139,40,Email Referral,United Kingdom,Standard,0.053,0,1483.94
CUST-13194,20,15,118.49,170,58,Paid Social,Germany,Gold,0.164,0,6701.88
CUST-13195,32,12,180.73,362,53,Email Referral,France,Standard,0.138,0,3950.44
CUST-13196,128,8,141.24,239,58,Email Referral,United Kingdom,Bronze,0.217,1,670.01
CUST-13197,95,16,79.88,157,40,Paid Social,United States,Standard,0.021,1,530.52
CUST-13198,5,10,200.55,172,50,Organic Search,Germany,Silver,0.113,0,5359.97
CUST-13199,23,7,77.94,537,45,Organic Search,United Kingdom,Silver,0.271,0,1404.65
CUST-13200,37,6,118.54,264,25,Google Ads,United Kingdom,Bronze,0.085,0,1492.37
CUST-13201,32,6,156.14,113,50,Email Referral,United Kingdom,Bronze,0.109,0,2080.39
CUST-13202,10,9,141.87,618,46,Google Ads,France,Bronze,0.112,0,2759.51
CUST-13203,89,11,169.25,179,65,Direct,United Kingdom,Bronze,0.21,0,4080.58
CUST-13204,51,5,167.38,802,32,Google Ads,United Kingdom,Gold,0.152,0,3111.81
CUST-13205,82,20,69.37,135,32,Email Referral,Indonesia,Platinum,0.022,0,7941.28
CUST-13206,89,23,83.03,1536,54,Email Referral,United Kingdom,Standard,0.111,0,3417.82
CUST-13207,63,10,184.3,92,36,Organic Search,Indonesia,Standard,0.112,0,3332.24
CUST-13208,27,29,175.14,266,60,Direct,Australia,Standard,0.19,0,9135.31
CUST-13209,43,5,110.82,300,68,Paid Social,United States,Silver,0.105,0,1530.97
CUST-13210,8,12,73.52,227,38,Organic Search,United Kingdom,Silver,0.079,0,2402.77
CUST-13211,51,6,241.07,336,52,Organic Search,Indonesia,Standard,0.257,0,2627.93
CUST-13212,9,13,94.16,138,43,Google Ads,United Kingdom,Standard,0.088,0,2237.59
CUST-13213,54,4,158.43,79,45,Organic Search,United Kingdom,Bronze,0.033,0,1423.65
CUST-13214,12,9,148.69,106,39,Organic Search,Australia,Standard,0.277,0,2285.76
CUST-13215,6,17,98.01,206,53,Paid Social,Germany,Standard,0.101,0,2998.49
CUST-13216,9,20,116.46,211,33,Google Ads,France,Standard,0.047,0,4234.7
CUST-13217,1,28,141.8,55,29,Paid Social,United Kingdom,Gold,0.051,0,15134.31
CUST-13218,58,6,184.34,125,45,Google Ads,United Kingdom,Standard,0.044,0,1985.87
CUST-13219,60,7,107.48,195,24,Google Ads,Germany,Bronze,0.097,0,1515.22
CUST-13220,33,14,158.65,282,50,Google Ads,Indonesia,Gold,0.017,0,8467.03
CUST-13221,8,6,225.45,367,41,Email Referral,United Kingdom,Standard,0.014,0,2373.98
CUST-13222,4,9,119.79,35,28,Email Referral,United Kingdom,Bronze,0.353,0,2351.75
CUST-13223,1,7,61.26,483,32,Organic Search,United Kingdom,Gold,0.089,0,1647.83
CUST-13224,9,12,67.77,496,36,Organic Search,United Kingdom,Standard,0.115,0,1470.14
CUST-13225,100,14,177.95,116,32,Paid Social,United Kingdom,Platinum,0.329,0,14243.21
CUST-13226,13,9,85.97,155,26,Organic Search,United Kingdom,Standard,0.035,0,1374.56
CUST-13227,20,3,145.42,194,30,Paid Social,Germany,Standard,0.166,0,706.79
CUST-13228,6,17,121.56,166,67,Organic Search,United Kingdom,Silver,0.209,0,5602.29
CUST-13229,12,10,23.77,199,46,Organic Search,Germany,Bronze,0.207,0,469.18
CUST-13230,33,8,99.84,173,43,Google Ads,United Kingdom,Bronze,0.174,0,1619.03
CUST-13231,43,8,114.5,120,40,Email Referral,Indonesia,Bronze,0.112,0,2014.14
CUST-13232,13,11,103.84,46,34,Email Referral,United Kingdom,Bronze,0.007,0,2403.87
CUST-13233,3,6,104.06,60,22,Paid Social,United Kingdom,Standard,0.268,0,1130.58
CUST-13234,23,4,145.25,280,33,Paid Social,United States,Standard,0.123,0,1008.95
CUST-13235,13,5,70.1,77,56,Paid Social,Germany,Bronze,0.167,0,800.48
CUST-13236,12,5,55.08,345,47,Paid Social,United States,Standard,0.039,0,537.03
CUST-13237,145,4,76.53,252,38,Email Referral,United Kingdom,Silver,0.114,1,218.53
CUST-13238,44,9,259.86,155,22,Organic Search,Germany,Platinum,0.124,0,13465.77
CUST-13239,37,7,126.45,417,43,Organic Search,Germany,Standard,0.106,0,1571.23
CUST-13240,25,8,60.22,83,60,Paid Social,Germany,Gold,0.033,0,1760.8
CUST-13241,26,5,61.89,78,65,Paid Social,Germany,Standard,0.105,0,527.6
CUST-13242,36,17,170.67,811,47,Google Ads,Germany,Gold,0.091,0,10991.17
CUST-13243,54,17,253.21,209,39,Google Ads,France,Gold,0.047,0,16369.0
CUST-13244,55,8,89.22,108,62,Paid Social,Germany,Bronze,0.093,0,1570.27
CUST-13245,9,7,93.82,56,19,Paid Social,France,Bronze,0.079,0,1454.31
CUST-13246,32,16,358.79,403,61,Direct,France,Silver,0.377,0,15494.34
CUST-13247,24,6,95.76,203,29,Google Ads,France,Gold,0.211,0,2198.15
CUST-13248,92,9,30.44,128,59,Organic Search,Germany,Standard,0.092,1,15.89
CUST-13249,45,20,136.7,452,44,Organic Search,United Kingdom,Standard,0.027,0,4885.11
CUST-13250,35,11,80.58,155,43,Organic Search,United States,Standard,0.089,0,1630.67
CUST-13251,6,5,124.77,838,62,Email Referral,Indonesia,Silver,0.23,0,1720.47
CUST-13252,42,10,290.13,116,61,Paid Social,France,Standard,0.133,0,5195.17
CUST-13253,6,12,125.22,156,42,Paid Social,Germany,Bronze,0.23,0,3180.28
CUST-13254,19,12,122.15,68,36,Google Ads,Germany,Standard,0.076,0,2634.89
CUST-13255,7,13,58.87,126,66,Google Ads,France,Gold,0.061,0,2871.15
CUST-13256,54,6,128.2,103,44,Paid Social,Australia,Standard,0.085,0,1431.59
CUST-13257,11,19,188.44,92,65,Organic Search,United Kingdom,Platinum,0.172,0,20658.04
CUST-13258,23,12,323.08,94,34,Google Ads,United Kingdom,Standard,0.051,0,7055.98
CUST-13259,102,10,35.22,176,23,Paid Social,Australia,Standard,0.227,1,214.01
CUST-13260,11,9,179.84,656,40,Google Ads,Germany,Bronze,0.401,0,3482.38
CUST-13261,32,21,73.42,54,35,Organic Search,France,Standard,0.126,0,2792.71
CUST-13262,25,2,201.34,163,60,Direct,United States,Silver,0.22,0,1188.96
CUST-13263,1,11,49.58,194,61,Paid Social,France,Silver,0.154,0,1452.51
CUST-13264,71,6,214.32,280,66,Organic Search,France,Bronze,0.072,0,2786.33
CUST-13265,4,3,202.51,271,19,Paid Social,Germany,Platinum,0.165,0,3499.15
CUST-13266,29,9,167.97,301,62,Google Ads,Germany,Bronze,0.196,0,3266.17
CUST-13267,38,5,135.91,613,36,Paid Social,France,Platinum,0.24,0,3870.5
CUST-13268,45,6,35.95,313,68,Organic Search,Indonesia,Standard,0.252,1,162.49
CUST-13269,53,14,273.11,380,21,Email Referral,United Kingdom,Silver,0.126,0,10277.7
CUST-13270,14,7,103.62,165,50,Google Ads,United Kingdom,Standard,0.046,0,1398.51
CUST-13271,1,5,264.06,208,51,Organic Search,United Kingdom,Bronze,0.093,0,2933.78
CUST-13272,58,4,121.91,190,49,Organic Search,France,Bronze,0.149,0,1065.85
CUST-13273,35,8,142.55,108,35,Organic Search,United Kingdom,Gold,0.078,0,4310.99
CUST-13274,82,3,137.19,164,61,Organic Search,United Kingdom,Silver,0.109,1,238.96
CUST-13275,78,11,105.0,173,26,Organic Search,United Kingdom,Standard,0.109,0,2082.55
CUST-13276,84,7,74.32,173,54,Paid Social,United States,Gold,0.062,0,2020.51
CUST-13277,30,16,183.36,182,65,Email Referral,Germany,Gold,0.137,0,11055.4
CUST-13278,19,4,51.05,85,53,Email Referral,United Kingdom,Standard,0.091,0,440.95
CUST-13279,71,16,142.12,216,69,Email Referral,Germany,Gold,0.005,0,8646.67
CUST-13280,28,10,73.12,489,20,Organic Search,United Kingdom,Bronze,0.193,0,1574.09
CUST-13281,10,6,141.45,118,35,Email Referral,United Kingdom,Silver,0.074,0,2331.29
CUST-13282,87,8,149.56,147,57,Email Referral,United States,Standard,0.276,0,2108.03
CUST-13283,97,16,184.32,188,42,Google Ads,France,Standard,0.118,0,5303.27
CUST-13284,29,14,203.44,421,19,Paid Social,United States,Silver,0.06,0,7800.88
CUST-13285,4,10,100.8,530,61,Organic Search,Germany,Standard,0.109,0,1874.1
CUST-13286,23,7,71.25,429,18,Email Referral,United Kingdom,Bronze,0.417,0,1102.21
CUST-13287,74,11,25.63,149,41,Organic Search,United States,Bronze,0.248,0,612.42
CUST-13288,105,12,30.84,208,41,Direct,United Kingdom,Bronze,0.123,0,795.66
CUST-13289,11,11,191.33,689,67,Email Referral,France,Bronze,0.208,0,4544.56
CUST-13290,4,8,59.07,89,59,Google Ads,Indonesia,Bronze,0.17,0,982.04
CUST-13291,95,3,165.71,136,57,Email Referral,United Kingdom,Standard,0.211,1,256.31
CUST-13292,23,14,344.65,97,21,Organic Search,United Kingdom,Standard,0.104,0,8737.4
CUST-13293,36,8,64.24,649,67,Paid Social,Germany,Gold,0.326,0,1930.01
CUST-13294,155,2,128.36,266,52,Email Referral,United Kingdom,Silver,0.404,1,196.66
CUST-13295,4,6,102.84,507,52,Organic Search,Indonesia,Standard,0.152,0,1074.29
CUST-13296,48,14,238.81,82,29,Email Referral,United Kingdom,Silver,0.066,0,9023.68
CUST-13297,4,20,79.56,280,68,Google Ads,United Kingdom,Standard,0.328,0,2821.85
CUST-13298,22,9,109.4,54,66,Organic Search,Indonesia,Standard,0.093,0,1760.93
CUST-13299,74,23,57.58,128,40,Organic Search,United Kingdom,Standard,0.15,0,2389.78
CUST-13300,26,8,95.47,213,66,Google Ads,Indonesia,Bronze,0.131,0,1679.94
CUST-13301,265,6,60.74,382,39,Organic Search,United Kingdom,Standard,0.107,1,133.37
CUST-13302,37,10,143.5,249,43,Organic Search,Indonesia,Silver,0.273,0,3898.31
CUST-13303,18,11,270.87,685,21,Paid Social,United Kingdom,Gold,0.42,0,11214.96
CUST-13304,12,3,132.54,36,24,Email Referral,United Kingdom,Platinum,0.09,0,2306.15
CUST-13305,20,10,194.01,73,40,Direct,Germany,Standard,0.115,0,3602.73
CUST-13306,21,4,67.93,220,48,Paid Social,United Kingdom,Gold,0.373,0,1008.53
CUST-13307,4,10,59.31,427,24,Direct,United Kingdom,Bronze,0.082,0,1214.41
CUST-13308,21,2,158.19,323,39,Paid Social,United Kingdom,Silver,0.08,0,899.06
CUST-13309,29,13,217.71,156,56,Email Referral,France,Gold,0.336,0,10712.57
CUST-13310,58,2,89.01,319,57,Organic Search,United States,Bronze,0.033,0,407.44
CUST-13311,49,10,104.03,105,36,Paid Social,United States,Bronze,0.148,0,2310.64
CUST-13312,56,2,35.98,73,47,Google Ads,United States,Bronze,0.043,0,119.9
CUST-13313,1,7,212.31,167,43,Paid Social,United Kingdom,Bronze,0.07,0,3176.07
CUST-13314,12,24,93.07,329,58,Organic Search,Germany,Gold,0.274,0,8470.54
CUST-13315,49,8,138.71,166,39,Paid Social,United Kingdom,Gold,0.147,0,4246.57
CUST-13316,30,9,110.39,196,26,Paid Social,United Kingdom,Bronze,0.469,0,2157.85
CUST-13317,1,7,248.78,114,63,Organic Search,France,Standard,0.217,0,3131.06
CUST-13318,74,12,48.06,218,46,Direct,United States,Standard,0.097,0,1054.24
CUST-13319,67,12,159.44,470,49,Email Referral,United States,Standard,0.011,0,3480.58
CUST-13320,36,1,110.07,168,35,Paid Social,Indonesia,Standard,0.167,0,125.73
CUST-13321,4,2,158.59,20,48,Direct,Germany,Silver,0.057,0,806.88
CUST-13322,66,10,75.88,370,49,Organic Search,Australia,Silver,0.175,0,2044.32
CUST-13323,40,11,101.18,228,26,Google Ads,Germany,Standard,0.124,0,2037.87
CUST-13324,69,26,31.33,319,47,Organic Search,Indonesia,Silver,0.096,0,2307.94
CUST-13325,63,9,62.65,494,54,Organic Search,United Kingdom,Silver,0.197,0,1516.73
CUST-13326,74,13,45.08,149,49,Paid Social,United Kingdom,Standard,0.106,0,1067.13
CUST-13327,33,6,161.57,173,25,Email Referral,Germany,Bronze,0.059,0,2060.7
CUST-13328,7,13,180.03,188,41,Email Referral,United Kingdom,Silver,0.15,0,6351.91
CUST-13329,51,6,87.72,142,21,Organic Search,United Kingdom,Bronze,0.036,1,229.32
CUST-13330,44,9,207.5,395,69,Organic Search,United Kingdom,Standard,0.113,0,3360.93
CUST-13331,62,13,159.47,292,63,Email Referral,United States,Standard,0.103,0,3684.09
CUST-13332,9,6,85.45,261,34,Google Ads,Indonesia,Standard,0.232,0,817.24
CUST-13333,10,12,51.37,322,38,Email Referral,United Kingdom,Gold,0.045,0,2464.83
CUST-13334,100,6,41.05,168,65,Organic Search,Australia,Standard,0.135,1,150.93
CUST-13335,63,4,67.26,324,26,Paid Social,United States,Bronze,0.164,0,621.57
CUST-13336,108,15,312.64,390,22,Email Referral,United Kingdom,Gold,0.106,0,17772.13
CUST-13337,64,6,200.19,411,22,Organic Search,Germany,Silver,0.131,0,3314.33
CUST-13338,41,3,204.63,176,47,Paid Social,Australia,Standard,0.272,1,284.37
CUST-13339,48,2,77.75,189,23,Paid Social,United States,Silver,0.136,0,463.26
CUST-13340,99,14,195.69,132,55,Paid Social,United Kingdom,Silver,0.359,0,7372.06
CUST-13341,39,7,133.52,398,25,Email Referral,United Kingdom,Standard,0.379,0,1673.74
CUST-13342,46,11,218.16,198,65,Email Referral,United States,Bronze,0.156,0,5106.73
CUST-13343,8,8,201.28,185,63,Direct,Germany,Silver,0.04,0,4357.74
CUST-13344,29,9,193.95,67,50,Paid Social,United Kingdom,Standard,0.259,0,3115.49
CUST-13345,57,12,101.56,237,65,Paid Social,United Kingdom,Gold,0.366,0,4600.11
CUST-13346,15,4,135.16,37,32,Organic Search,France,Standard,0.15,0,1014.61
CUST-13347,11,6,100.17,487,54,Paid Social,United Kingdom,Bronze,0.25,0,1313.31
CUST-13348,17,11,102.55,390,26,Organic Search,France,Standard,0.114,0,2081.99
CUST-13349,13,2,115.7,66,20,Organic Search,France,Silver,0.242,0,595.24
CUST-13350,11,10,92.8,188,48,Organic Search,United Kingdom,Standard,0.1,0,1689.49
CUST-13351,25,10,203.12,206,56,Email Referral,United Kingdom,Standard,0.046,0,3624.18
CUST-13352,108,13,175.75,415,24,Email Referral,Indonesia,Standard,0.527,1,1019.34
CUST-13353,32,9,295.33,301,33,Google Ads,France,Silver,0.444,0,7161.19
CUST-13354,10,6,59.63,924,45,Paid Social,United States,Standard,0.142,0,593.31
CUST-13355,4,4,533.02,96,52,Paid Social,Germany,Silver,0.158,0,5735.97
CUST-13356,54,7,175.6,92,32,Organic Search,United Kingdom,Silver,0.078,0,3347.71
CUST-13357,22,4,16.44,190,24,Email Referral,Germany,Standard,0.165,0,72.57
CUST-13358,78,12,78.68,352,52,Organic Search,United States,Bronze,0.005,0,2006.19
CUST-13359,49,14,154.02,124,65,Paid Social,United Kingdom,Bronze,0.241,0,4719.75
CUST-13360,72,8,165.81,135,48,Organic Search,United Kingdom,Bronze,0.048,0,2936.09
CUST-13361,15,19,16.59,321,55,Google Ads,Germany,Gold,0.114,0,1233.1
CUST-13362,54,22,110.54,321,25,Email Referral,Germany,Standard,0.059,0,4462.78
CUST-13363,14,5,173.67,69,65,Email Referral,Australia,Silver,0.077,0,2412.78
CUST-13364,126,20,114.08,507,55,Organic Search,United Kingdom,Gold,0.051,0,8620.03
CUST-13365,46,21,143.26,87,33,Email Referral,United Kingdom,Standard,0.176,0,5514.69
CUST-13366,18,9,40.53,53,51,Email Referral,United States,Bronze,0.178,0,865.88
CUST-13367,15,5,77.45,107,18,Organic Search,France,Silver,0.196,0,1041.95
CUST-13368,10,11,245.13,416,36,Paid Social,Germany,Bronze,0.286,0,5836.85
CUST-13369,54,8,88.33,282,31,Organic Search,France,Bronze,0.238,0,1493.25
CUST-13370,12,2,154.54,117,36,Email Referral,United Kingdom,Standard,0.058,0,551.56
CUST-13371,41,11,58.87,86,40,Organic Search,Indonesia,Bronze,0.047,0,1321.03
CUST-13372,14,6,65.41,253,21,Organic Search,United Kingdom,Standard,0.059,0,677.1
CUST-13373,49,12,80.52,228,51,Organic Search,United Kingdom,Bronze,0.226,0,2126.77
CUST-13374,76,13,113.21,882,19,Paid Social,United Kingdom,Gold,0.411,0,5511.93
CUST-13375,68,8,118.71,344,29,Organic Search,France,Standard,0.213,0,1693.76
CUST-13376,65,17,313.31,99,40,Google Ads,United Kingdom,Bronze,0.123,0,11532.67
CUST-13377,10,11,162.67,259,60,Organic Search,United Kingdom,Bronze,0.156,0,3850.56
CUST-13378,5,8,131.89,73,35,Organic Search,United Kingdom,Standard,0.051,0,1956.79
CUST-13379,55,8,193.32,658,49,Email Referral,United Kingdom,Bronze,0.094,0,3400.42
CUST-13380,21,11,69.16,39,68,Direct,United Kingdom,Standard,0.182,0,1338.47
CUST-13381,26,9,36.67,90,34,Google Ads,United Kingdom,Bronze,0.162,1,156.37
CUST-13382,2,2,132.87,141,48,Organic Search,United Kingdom,Bronze,0.061,0,576.25
CUST-13383,14,8,115.67,43,53,Organic Search,United Kingdom,Bronze,0.105,0,1965.53
CUST-13384,2,6,46.83,92,43,Paid Social,Germany,Standard,0.307,0,587.45
CUST-13385,96,13,188.37,234,29,Organic Search,France,Standard,0.045,0,4387.24
CUST-13386,13,5,97.04,134,52,Paid Social,United Kingdom,Bronze,0.193,0,1093.57
CUST-13387,37,15,99.17,163,33,Paid Social,Germany,Standard,0.051,0,2602.73
CUST-13388,2,1,118.89,397,21,Email Referral,United States,Standard,0.054,0,175.36
CUST-13389,50,15,187.4,191,45,Direct,Australia,Silver,0.051,0,7535.43
CUST-13390,18,5,71.15,542,55,Organic Search,Germany,Standard,0.149,0,578.14
CUST-13391,103,14,111.79,146,50,Email Referral,Germany,Bronze,0.053,0,3354.71
CUST-13392,99,12,128.82,173,54,Paid Social,France,Bronze,0.089,1,853.13
CUST-13393,18,27,148.3,225,27,Paid Social,Germany,Standard,0.227,0,7284.05
CUST-13394,105,15,61.86,179,48,Email Referral,United Kingdom,Standard,0.216,0,1660.11
CUST-13395,251,13,107.44,342,31,Direct,Germany,Bronze,0.095,1,758.32
CUST-13396,79,4,263.86,510,22,Google Ads,Australia,Standard,0.104,1,491.91
CUST-13397,84,9,206.63,238,27,Email Referral,France,Standard,0.289,0,3310.98
CUST-13398,13,10,275.62,101,42,Paid Social,United Kingdom,Standard,0.254,0,4959.97
CUST-13399,39,16,146.62,323,58,Paid Social,Indonesia,Standard,0.193,0,4327.04
CUST-13400,4,8,128.19,32,62,Google Ads,United Kingdom,Platinum,0.129,0,5926.4
CUST-13401,5,14,64.73,169,34,Organic Search,United Kingdom,Standard,0.045,0,1735.57
CUST-13402,307,21,260.15,340,68,Email Referral,France,Bronze,0.158,1,2951.3
CUST-13403,18,7,79.48,68,37,Paid Social,Germany,Standard,0.094,0,970.43
CUST-13404,63,16,101.13,89,50,Email Referral,United Kingdom,Bronze,0.153,0,3547.23
CUST-13405,74,4,126.94,506,26,Organic Search,Germany,Bronze,0.155,0,1159.95
CUST-13406,88,9,162.26,111,67,Email Referral,United Kingdom,Silver,0.02,1,960.9
CUST-13407,272,11,74.89,417,48,Email Referral,France,Gold,0.011,1,796.71
CUST-13408,13,1,101.24,73,22,Organic Search,United Kingdom,Standard,0.236,0,179.05
CUST-13409,2,19,93.45,104,63,Paid Social,United States,Standard,0.278,0,3126.95
CUST-13410,24,4,96.93,161,46,Email Referral,United Kingdom,Platinum,0.153,0,2167.12
CUST-13411,7,10,70.28,129,68,Direct,United Kingdom,Gold,0.223,0,2646.32
CUST-13412,2,20,164.46,265,64,Organic Search,United Kingdom,Standard,0.301,0,5978.06
CUST-13413,21,6,197.11,473,21,Organic Search,Australia,Gold,0.271,0,4512.97
CUST-13414,69,12,358.87,148,48,Organic Search,Germany,Bronze,0.119,0,9256.1
CUST-13415,38,4,165.43,57,21,Direct,United States,Standard,0.28,0,1134.97
CUST-13416,17,5,57.97,435,35,Google Ads,Germany,Gold,0.159,0,1051.95
CUST-13417,48,21,74.19,756,35,Email Referral,Australia,Bronze,0.254,0,3317.38
CUST-13418,12,17,57.63,129,57,Organic Search,United Kingdom,Silver,0.075,0,2601.13
CUST-13419,1,7,176.48,125,51,Paid Social,France,Standard,0.097,0,2122.37
CUST-13420,66,3,187.71,109,65,Email Referral,United States,Silver,0.304,0,1398.32
CUST-13421,44,3,229.68,175,31,Google Ads,France,Standard,0.079,0,1112.28
CUST-13422,65,13,103.14,145,43,Paid Social,Indonesia,Silver,0.085,0,3542.69
CUST-13423,2,17,150.09,949,40,Direct,France,Standard,0.029,0,4651.08
CUST-13424,82,10,191.03,133,50,Organic Search,United States,Standard,0.128,0,3618.82
CUST-13425,44,16,243.93,144,34,Paid Social,United Kingdom,Silver,0.12,0,10638.78
CUST-13426,38,4,215.22,225,59,Google Ads,United Kingdom,Standard,0.013,0,1562.03
CUST-13427,45,9,172.66,136,49,Email Referral,Germany,Gold,0.245,0,5835.1
CUST-13428,90,9,191.51,220,65,Google Ads,Indonesia,Bronze,0.23,0,3701.39
CUST-13429,40,6,31.55,708,52,Direct,Germany,Bronze,0.039,0,415.91
CUST-13430,40,5,191.84,182,68,Paid Social,France,Standard,0.176,0,1829.91
CUST-13431,211,6,133.23,660,60,Organic Search,United Kingdom,Bronze,0.179,1,382.08
CUST-13432,64,2,101.13,86,47,Email Referral,United States,Silver,0.209,1,136.67
CUST-13433,27,23,128.74,64,32,Email Referral,United Kingdom,Gold,0.206,0,11197.52
CUST-13434,56,6,138.34,591,67,Google Ads,Germany,Gold,0.053,1,779.98
CUST-13435,23,11,33.58,62,69,Paid Social,Germany,Standard,0.113,0,564.45
CUST-13436,12,14,51.17,267,68,Google Ads,Germany,Bronze,0.381,0,1533.59
CUST-13437,41,18,64.11,162,24,Direct,France,Silver,0.221,0,3048.13
CUST-13438,119,13,286.64,227,23,Email Referral,United Kingdom,Silver,0.6,0,10175.46
CUST-13439,120,10,67.31,328,26,Email Referral,United States,Gold,0.158,0,2572.87
CUST-13440,19,12,127.93,268,30,Email Referral,United Kingdom,Silver,0.096,0,4200.75
CUST-13441,34,4,144.93,532,57,Paid Social,United States,Silver,0.073,0,1521.0
CUST-13442,11,8,144.65,79,35,Direct,United Kingdom,Silver,0.126,0,3101.98
CUST-13443,245,9,105.88,475,52,Email Referral,United Kingdom,Silver,0.026,1,745.32
CUST-13444,179,23,198.77,269,18,Google Ads,United Kingdom,Silver,0.203,0,12394.82
CUST-13445,48,3,145.29,290,41,Paid Social,United States,Standard,0.068,0,805.64
CUST-13446,74,6,104.73,116,67,Email Referral,France,Silver,0.091,0,1763.81
CUST-13447,57,5,167.81,182,53,Email Referral,Germany,Gold,0.151,0,3269.67
CUST-13448,41,9,276.9,92,67,Email Referral,Indonesia,Standard,0.138,0,4561.66
CUST-13449,3,12,51.11,91,33,Paid Social,Germany,Standard,0.138,0,1156.45
CUST-13450,28,20,104.46,269,35,Paid Social,United Kingdom,Standard,0.012,0,3817.85
CUST-13451,51,9,135.71,113,20,Organic Search,United Kingdom,Standard,0.306,0,2182.03
CUST-13452,51,23,124.98,273,63,Paid Social,United Kingdom,Gold,0.118,0,10875.55
CUST-13453,22,5,176.3,160,59,Organic Search,United Kingdom,Standard,0.096,0,1620.73
CUST-13454,128,9,78.35,160,54,Paid Social,United Kingdom,Silver,0.028,1,491.89
CUST-13455,9,24,115.59,112,25,Google Ads,Germany,Gold,0.228,0,10511.48
CUST-13456,32,13,56.69,413,35,Direct,Indonesia,Gold,0.204,0,2778.69
CUST-13457,53,6,124.06,884,46,Email Referral,Germany,Standard,0.186,0,1203.32
CUST-13458,54,6,131.04,151,54,Organic Search,Germany,Bronze,0.291,0,1732.11
CUST-13459,48,2,102.87,73,44,Paid Social,United Kingdom,Standard,0.172,1,97.99
CUST-13460,15,8,70.21,55,61,Email Referral,United Kingdom,Standard,0.041,0,1017.37
CUST-13461,8,3,61.5,302,46,Paid Social,United Kingdom,Standard,0.024,0,442.15
CUST-13462,46,16,73.75,252,21,Organic Search,Germany,Standard,0.202,0,2141.83
CUST-13463,42,11,110.65,117,29,Organic Search,Germany,Standard,0.202,0,2150.62
CUST-13464,9,6,83.44,113,30,Paid Social,United Kingdom,Standard,0.054,0,935.55
CUST-13465,55,19,143.08,370,31,Organic Search,United Kingdom,Standard,0.208,0,4897.61
CUST-13466,28,13,180.15,138,31,Organic Search,Germany,Gold,0.252,0,8908.37
CUST-13467,50,12,58.0,318,68,Google Ads,United States,Bronze,0.066,0,1473.52
CUST-13468,82,3,109.27,159,27,Google Ads,United Kingdom,Bronze,0.213,1,136.27
CUST-13469,9,5,105.0,256,39,Organic Search,United Kingdom,Silver,0.119,0,1390.5
CUST-13470,1,6,111.05,129,26,Paid Social,France,Standard,0.034,0,1112.88
CUST-13471,68,16,105.73,224,41,Paid Social,Germany,Silver,0.275,0,4545.65
CUST-13472,43,3,94.6,222,67,Organic Search,Indonesia,Standard,0.023,0,590.32
CUST-13473,55,14,108.67,177,34,Email Referral,United Kingdom,Standard,0.058,0,2702.14
CUST-13474,82,3,144.38,209,41,Paid Social,United States,Standard,0.248,0,711.81
CUST-13475,74,9,146.58,144,22,Paid Social,United Kingdom,Standard,0.062,0,2348.19
CUST-13476,146,7,135.04,926,51,Organic Search,Germany,Standard,0.225,1,436.39
CUST-13477,35,3,90.07,475,59,Paid Social,United Kingdom,Platinum,0.179,0,1519.11
CUST-13478,31,9,55.31,180,18,Google Ads,United Kingdom,Bronze,0.344,0,1078.81
CUST-13479,24,10,138.72,45,44,Google Ads,France,Bronze,0.236,0,3008.92
CUST-13480,8,5,125.77,56,57,Direct,Germany,Silver,0.21,0,1697.98
CUST-13481,39,5,130.49,400,25,Email Referral,Germany,Silver,0.137,0,1757.15
CUST-13482,15,9,287.52,510,23,Email Referral,Germany,Standard,0.038,0,4746.01
CUST-13483,115,7,166.52,161,22,Organic Search,United Kingdom,Silver,0.095,1,795.64
CUST-13484,40,11,118.12,293,35,Email Referral,France,Gold,0.056,0,4871.88
CUST-13485,41,6,193.67,231,24,Direct,United Kingdom,Bronze,0.172,0,2547.69
CUST-13486,20,30,135.97,100,53,Organic Search,France,Bronze,0.029,0,8807.86
CUST-13487,3,1,163.48,121,50,Paid Social,Germany,Gold,0.154,0,621.53
CUST-13488,2,5,120.51,220,51,Organic Search,Germany,Bronze,0.259,0,1352.18
CUST-13489,25,10,24.61,59,49,Google Ads,United Kingdom,Platinum,0.12,0,1484.61
CUST-13490,4,8,110.06,56,68,Email Referral,United Kingdom,Standard,0.222,0,1527.9
CUST-13491,43,23,140.65,64,20,Google Ads,United Kingdom,Silver,0.22,0,8820.96
CUST-13492,96,8,96.24,529,18,Organic Search,United Kingdom,Bronze,0.141,0,1659.79
CUST-13493,97,8,151.55,265,38,Direct,Australia,Standard,0.351,1,542.69
CUST-13494,49,8,95.61,197,30,Organic Search,Indonesia,Gold,0.023,0,2840.75
CUST-13495,11,12,286.68,246,25,Organic Search,Germany,Platinum,0.221,0,19852.66
CUST-13496,90,10,139.75,906,61,Organic Search,United Kingdom,Standard,0.029,0,2444.41
CUST-13497,98,14,117.92,147,47,Organic Search,Indonesia,Gold,0.194,0,6267.25
CUST-13498,10,7,126.26,50,25,Organic Search,France,Standard,0.101,0,1673.44
CUST-13499,61,6,87.32,138,44,Paid Social,United Kingdom,Standard,0.058,0,927.32
CUST-13500,16,9,202.52,452,56,Google Ads,Germany,Standard,0.074,0,3334.92
CUST-13501,74,3,75.66,184,40,Google Ads,France,Gold,0.152,0,862.08
CUST-13502,266,5,252.95,564,25,Email Referral,United Kingdom,Silver,0.075,1,784.1
CUST-13503,2,5,209.19,57,32,Organic Search,United Kingdom,Standard,0.097,0,1888.7
CUST-13504,103,12,78.56,240,24,Organic Search,Germany,Bronze,0.088,1,499.8
CUST-13505,44,7,61.68,83,29,Paid Social,United Kingdom,Standard,0.066,0,821.99
CUST-13506,164,9,81.62,274,67,Google Ads,United Kingdom,Silver,0.182,1,477.67
CUST-13507,29,6,232.64,98,53,Email Referral,United Kingdom,Standard,0.062,0,2537.46
CUST-13508,85,5,108.75,243,55,Email Referral,Indonesia,Standard,0.356,1,191.9
CUST-13509,3,11,50.71,290,60,Organic Search,United States,Silver,0.236,0,1527.56
CUST-13510,19,14,193.56,535,47,Paid Social,Germany,Bronze,0.199,0,5854.44
CUST-13511,4,13,173.91,79,27,Email Referral,Germany,Silver,0.043,0,6097.87
CUST-13512,167,21,161.64,426,36,Email Referral,France,Bronze,0.467,0,7333.54
CUST-13513,77,20,271.29,482,35,Organic Search,Germany,Standard,0.015,0,9751.82
CUST-13514,87,11,156.18,126,61,Organic Search,United Kingdom,Bronze,0.176,0,3717.92
CUST-13515,126,17,209.86,299,66,Direct,France,Standard,0.147,0,6411.87
CUST-13516,5,4,99.09,190,37,Paid Social,United Kingdom,Standard,0.128,0,664.78
CUST-13517,22,12,144.54,94,19,Email Referral,Germany,Silver,0.118,0,4618.28
CUST-13518,4,5,202.4,23,47,Paid Social,Indonesia,Silver,0.281,0,2707.68
CUST-13519,11,24,47.95,79,68,Email Referral,United Kingdom,Gold,0.043,0,4334.17
CUST-13520,12,11,103.02,185,61,Paid Social,France,Bronze,0.094,0,2297.52
CUST-13521,29,14,117.85,83,60,Organic Search,United Kingdom,Gold,0.281,0,6237.59
CUST-13522,15,5,236.96,90,64,Paid Social,Australia,Bronze,0.327,0,2669.32
CUST-13523,5,9,131.48,241,60,Paid Social,France,Bronze,0.14,0,2590.47
CUST-13524,9,17,52.65,115,28,Paid Social,Australia,Standard,0.112,0,1602.52
CUST-13525,8,11,78.4,35,39,Organic Search,France,Silver,0.03,0,2287.71
CUST-13526,163,6,101.93,269,59,Email Referral,United Kingdom,Bronze,0.175,1,245.35
CUST-13527,65,7,101.36,1587,36,Paid Social,Indonesia,Bronze,0.253,0,1576.99
CUST-13528,155,18,208.2,224,20,Organic Search,France,Standard,0.184,1,1707.69
CUST-13529,27,3,182.66,97,21,Google Ads,Germany,Standard,0.086,0,924.62
CUST-13530,15,6,83.62,63,52,Email Referral,Germany,Standard,0.113,0,951.26
CUST-13531,73,25,111.87,145,64,Google Ads,United Kingdom,Standard,0.093,0,5076.13
CUST-13532,18,17,83.4,186,55,Email Referral,Germany,Standard,0.061,0,2518.47
CUST-13533,17,14,173.35,633,26,Organic Search,United Kingdom,Gold,0.086,0,9159.09
CUST-13534,12,5,126.46,195,25,Google Ads,Indonesia,Gold,0.349,0,2402.59
CUST-13535,7,5,69.26,116,51,Organic Search,United Kingdom,Gold,0.014,0,1336.66
CUST-13536,14,9,253.41,117,68,Email Referral,Germany,Bronze,0.148,0,4871.55
CUST-13537,20,21,256.75,39,64,Organic Search,United States,Bronze,0.025,0,11674.53
CUST-13538,51,7,65.37,66,48,Email Referral,United Kingdom,Gold,0.274,0,1732.65
CUST-13539,3,10,219.23,305,57,Google Ads,United Kingdom,Standard,0.209,0,4001.68
CUST-13540,11,5,83.8,147,36,Paid Social,United Kingdom,Standard,0.202,0,792.33
CUST-13541,75,7,162.05,96,54,Paid Social,Germany,Bronze,0.071,0,2453.09
CUST-13542,8,18,66.1,83,49,Direct,United Kingdom,Bronze,0.201,0,2615.81
CUST-13543,19,8,67.6,113,61,Organic Search,Australia,Bronze,0.061,0,1092.65
CUST-13544,90,12,82.01,380,61,Paid Social,France,Standard,0.04,0,1752.71
CUST-13545,8,4,202.72,125,45,Direct,Germany,Silver,0.174,0,2140.74
CUST-13546,4,8,38.33,299,58,Email Referral,Indonesia,Silver,0.054,0,800.16
CUST-13547,30,13,160.1,225,35,Paid Social,United Kingdom,Standard,0.117,0,3717.96
CUST-13548,17,7,145.93,38,42,Email Referral,Germany,Bronze,0.024,1,488.48
CUST-13549,38,6,208.85,676,27,Paid Social,Germany,Silver,0.335,0,3431.01
CUST-13550,74,7,77.04,125,22,Organic Search,United Kingdom,Standard,0.017,0,1008.25
CUST-13551,7,22,211.05,80,32,Organic Search,Indonesia,Standard,0.172,0,8327.23
CUST-13552,40,21,203.0,353,42,Paid Social,France,Bronze,0.338,0,9092.32
CUST-13553,32,9,97.51,84,37,Paid Social,Indonesia,Silver,0.147,0,2344.24
CUST-13554,8,13,168.59,115,68,Paid Social,Australia,Silver,0.108,0,5915.08
CUST-13555,45,5,68.26,420,27,Paid Social,Germany,Standard,0.12,0,682.19
CUST-13556,15,9,106.58,212,66,Organic Search,United States,Bronze,0.141,0,2043.72
CUST-13557,31,2,85.55,110,55,Organic Search,Germany,Standard,0.192,0,356.9
CUST-13558,4,32,63.21,204,58,Paid Social,Australia,Standard,0.062,0,3615.66
CUST-13559,28,15,157.86,344,45,Paid Social,United Kingdom,Bronze,0.102,0,5143.1
CUST-13560,17,15,93.64,125,66,Paid Social,United Kingdom,Bronze,0.383,0,3074.32
CUST-13561,78,3,216.99,245,67,Email Referral,United Kingdom,Standard,0.121,0,1200.67
CUST-13562,3,15,60.47,813,63,Paid Social,United Kingdom,Standard,0.056,0,1584.83
CUST-13563,25,10,196.69,641,23,Organic Search,Germany,Standard,0.041,0,3522.24
CUST-13564,28,6,120.32,171,28,Google Ads,United Kingdom,Silver,0.317,0,1978.54
CUST-13565,59,6,136.15,92,36,Organic Search,United Kingdom,Standard,0.192,0,1391.42
CUST-13566,39,11,73.43,271,33,Direct,United Kingdom,Standard,0.274,0,1493.4
CUST-13567,50,15,116.09,121,49,Direct,Germany,Platinum,0.162,0,9969.54
CUST-13568,68,20,136.49,282,19,Email Referral,United Kingdom,Standard,0.101,0,4846.05
CUST-13569,90,9,154.33,183,56,Paid Social,Germany,Standard,0.174,0,2473.51
CUST-13570,17,15,158.24,260,43,Google Ads,United Kingdom,Standard,0.034,0,4238.23
CUST-13571,35,12,144.7,132,38,Google Ads,Germany,Standard,0.013,0,3134.61
CUST-13572,83,3,230.91,608,55,Email Referral,United Kingdom,Bronze,0.109,0,1509.66
CUST-13573,205,1,58.79,246,32,Organic Search,United Kingdom,Standard,0.248,1,29.97
CUST-13574,100,12,44.11,127,30,Organic Search,United Kingdom,Standard,0.185,0,903.63
CUST-13575,21,18,252.77,309,24,Organic Search,Indonesia,Platinum,0.241,0,26267.64
CUST-13576,10,14,145.68,117,69,Organic Search,United States,Standard,0.049,0,3674.36
CUST-13577,31,10,207.72,158,20,Organic Search,Australia,Bronze,0.145,0,4533.28
CUST-13578,61,5,24.94,564,32,Paid Social,Germany,Gold,0.093,0,356.69
CUST-13579,31,7,137.47,206,37,Paid Social,United Kingdom,Gold,0.265,0,3664.21
CUST-13580,30,5,37.21,239,20,Email Referral,Australia,Standard,0.284,1,55.07
CUST-13581,82,8,162.45,100,44,Organic Search,United Kingdom,Platinum,0.179,1,1909.38
CUST-13582,21,22,146.34,235,32,Organic Search,United Kingdom,Silver,0.206,0,8781.91
CUST-13583,89,5,249.28,192,20,Email Referral,United States,Bronze,0.182,0,2633.81
CUST-13584,24,4,130.5,149,45,Paid Social,United Kingdom,Bronze,0.301,0,1170.43
CUST-13585,18,10,212.57,330,64,Email Referral,France,Standard,0.041,0,3796.32
CUST-13586,28,14,180.48,176,18,Paid Social,United Kingdom,Standard,0.315,0,4454.52
CUST-13587,65,3,116.01,859,37,Google Ads,United Kingdom,Bronze,0.052,0,798.1
CUST-13588,7,15,147.88,308,28,Email Referral,Germany,Standard,0.173,0,4083.73
CUST-13589,10,9,234.22,259,42,Email Referral,United Kingdom,Silver,0.093,0,5797.1
CUST-13590,137,6,398.6,311,21,Organic Search,Indonesia,Standard,0.269,1,1091.25
CUST-13591,9,5,180.74,119,36,Google Ads,France,Silver,0.113,0,2367.77
CUST-13592,38,27,205.43,62,45,Paid Social,United Kingdom,Standard,0.162,0,9973.53
CUST-13593,39,5,165.04,57,27,Organic Search,Germany,Standard,0.127,0,1479.9
CUST-13594,31,1,221.13,54,38,Google Ads,France,Silver,0.136,0,651.86
CUST-13595,47,11,39.44,636,53,Paid Social,United States,Standard,0.148,0,779.69
CUST-13596,12,3,146.57,97,33,Organic Search,United Kingdom,Silver,0.199,0,1083.43
CUST-13597,37,11,129.98,269,50,Google Ads,Indonesia,Silver,0.074,0,3891.93
CUST-13598,21,9,126.47,198,62,Paid Social,Indonesia,Standard,0.135,0,2052.41
CUST-13599,49,10,150.49,216,68,Google Ads,United Kingdom,Standard,0.09,0,2754.02
CUST-13600,7,5,142.53,177,63,Google Ads,Indonesia,Standard,0.04,0,1295.19
CUST-13601,39,15,143.4,118,30,Organic Search,France,Silver,0.338,0,5842.15
CUST-13602,10,20,8.37,416,46,Email Referral,Indonesia,Silver,0.056,0,452.72
CUST-13603,15,5,233.62,482,21,Paid Social,Germany,Standard,0.039,0,2116.76
CUST-13604,12,19,202.24,213,59,Paid Social,France,Standard,0.092,0,6870.53
CUST-13605,10,6,53.31,384,44,Organic Search,United Kingdom,Standard,0.326,0,593.46
CUST-13606,79,10,84.41,105,25,Email Referral,United States,Standard,0.166,0,1510.12
CUST-13607,16,4,260.28,50,58,Google Ads,Germany,Platinum,0.226,0,6021.35
CUST-13608,118,13,94.77,280,63,Direct,Germany,Standard,0.383,1,495.29
CUST-13609,158,6,158.16,510,25,Paid Social,France,Standard,0.038,1,496.99
CUST-13610,39,7,156.38,122,42,Organic Search,Germany,Silver,0.29,0,2968.0
CUST-13611,7,21,94.71,164,43,Paid Social,United States,Bronze,0.114,0,4335.7
CUST-13612,22,7,65.76,38,18,Organic Search,Indonesia,Bronze,0.021,0,994.53
CUST-13613,72,4,43.36,863,60,Paid Social,United States,Standard,0.021,0,342.35
CUST-13614,21,4,153.57,298,65,Direct,United Kingdom,Silver,0.196,0,1546.3
CUST-13615,5,2,167.47,100,50,Organic Search,Australia,Bronze,0.054,0,718.09
CUST-13616,37,5,68.95,785,36,Paid Social,France,Standard,0.091,0,580.91
CUST-13617,84,7,172.56,116,37,Email Referral,United Kingdom,Standard,0.118,0,2156.26
CUST-13618,72,13,127.23,199,35,Organic Search,United Kingdom,Silver,0.005,0,4516.31
CUST-13619,9,17,155.92,34,43,Paid Social,Australia,Standard,0.145,0,4691.17
CUST-13620,51,5,120.04,139,56,Direct,Germany,Bronze,0.02,0,1333.42
CUST-13621,12,8,130.18,71,26,Organic Search,United Kingdom,Bronze,0.032,0,2272.58
CUST-13622,12,16,139.71,95,44,Email Referral,Germany,Bronze,0.065,0,4892.4
CUST-13623,94,9,176.28,639,23,Organic Search,United Kingdom,Bronze,0.061,0,3323.2
CUST-13624,13,12,184.62,128,37,Email Referral,Australia,Bronze,0.009,0,4814.83
CUST-13625,14,5,73.77,99,55,Organic Search,Germany,Gold,0.059,0,1406.89
CUST-13626,1,14,89.28,200,18,Organic Search,Germany,Standard,0.259,0,2247.2
CUST-13627,93,6,65.86,315,55,Organic Search,United States,Bronze,0.165,1,285.59
CUST-13628,71,5,292.39,827,33,Organic Search,United Kingdom,Bronze,0.153,0,3052.41
CUST-13629,45,12,69.58,202,21,Direct,United Kingdom,Bronze,0.264,0,1809.77
CUST-13630,63,11,46.22,329,20,Paid Social,United States,Gold,0.372,0,1972.95
CUST-13631,8,14,78.67,109,39,Google Ads,Indonesia,Bronze,0.17,0,2297.71
CUST-13632,28,15,314.08,76,26,Direct,United Kingdom,Standard,0.33,0,8509.88
CUST-13633,20,11,79.47,136,25,Organic Search,Indonesia,Silver,0.247,0,2376.53
CUST-13634,5,4,85.31,117,24,Google Ads,Germany,Bronze,0.054,0,630.58
CUST-13635,30,7,183.65,143,29,Email Referral,United Kingdom,Bronze,0.286,0,2831.63
CUST-13636,115,15,211.49,343,18,Email Referral,United Kingdom,Bronze,0.111,0,6807.69
CUST-13637,2,9,84.13,110,29,Google Ads,United Kingdom,Standard,0.055,0,1441.83
CUST-13638,16,9,55.3,585,33,Organic Search,United Kingdom,Silver,0.055,0,1372.49
CUST-13639,11,12,88.59,756,31,Organic Search,United Kingdom,Standard,0.423,0,1928.53
CUST-13640,13,9,160.32,161,47,Organic Search,United Kingdom,Gold,0.198,0,5504.72
CUST-13641,108,5,131.73,270,60,Google Ads,France,Silver,0.151,1,489.3
CUST-13642,29,24,201.31,138,69,Organic Search,France,Standard,0.081,0,8598.64
CUST-13643,29,11,166.8,123,36,Direct,United States,Standard,0.126,0,3217.39
CUST-13644,65,15,177.9,839,36,Organic Search,United Kingdom,Standard,0.192,0,4796.13
CUST-13645,8,10,185.99,30,30,Email Referral,United Kingdom,Silver,0.293,0,4968.02
CUST-13646,31,11,167.2,141,61,Email Referral,Germany,Standard,0.154,0,3393.54
CUST-13647,26,40,141.01,70,27,Direct,United Kingdom,Bronze,0.227,0,12133.73
CUST-13648,41,11,150.35,289,64,Paid Social,United States,Standard,0.08,0,2981.53
CUST-13649,348,9,181.2,401,46,Paid Social,Germany,Gold,0.08,1,1570.26
CUST-13650,67,15,73.82,470,45,Google Ads,Indonesia,Standard,0.102,0,2115.35
CUST-13651,23,13,246.21,122,30,Direct,United Kingdom,Bronze,0.108,0,6971.04
CUST-13652,80,6,60.9,543,62,Organic Search,United Kingdom,Standard,0.31,1,131.37
CUST-13653,9,8,56.2,799,32,Email Referral,Germany,Standard,0.072,0,835.52
CUST-13654,2,16,100.3,282,34,Organic Search,United Kingdom,Standard,0.124,0,2923.56
CUST-13655,11,7,112.09,201,40,Email Referral,Germany,Bronze,0.444,0,1725.9
CUST-13656,19,12,129.17,63,60,Google Ads,United Kingdom,Platinum,0.048,0,8879.2
CUST-13657,33,9,127.74,534,27,Google Ads,France,Standard,0.183,0,2170.98
CUST-13658,43,5,91.24,327,53,Paid Social,United Kingdom,Bronze,0.019,0,924.19
CUST-13659,109,1,85.33,185,66,Organic Search,Indonesia,Standard,0.257,1,72.41
CUST-13660,33,4,146.7,161,31,Email Referral,United Kingdom,Bronze,0.161,0,1223.38
CUST-13661,32,8,201.65,59,49,Google Ads,Germany,Bronze,0.094,0,3504.05
CUST-13662,3,5,81.86,211,51,Direct,United Kingdom,Bronze,0.285,0,874.29
CUST-13663,2,16,35.55,41,48,Paid Social,United Kingdom,Bronze,0.037,0,1163.48
CUST-13664,37,2,57.68,241,56,Organic Search,France,Gold,0.208,0,312.32
CUST-13665,26,8,88.65,241,49,Organic Search,United States,Standard,0.329,0,1320.84
CUST-13666,83,21,48.76,168,33,Google Ads,France,Silver,0.044,0,2736.73
CUST-13667,8,7,172.61,557,43,Paid Social,Germany,Bronze,0.277,0,2616.82
CUST-13668,2,12,89.48,288,34,Email Referral,Australia,Standard,0.213,0,2022.78
CUST-13669,27,9,180.47,165,39,Organic Search,United Kingdom,Standard,0.221,0,2954.8
CUST-13670,13,11,139.69,479,53,Organic Search,United Kingdom,Silver,0.079,0,4003.89
CUST-13671,3,5,181.77,366,52,Direct,Australia,Bronze,0.274,0,1901.88
CUST-13672,59,14,187.69,286,40,Google Ads,Australia,Silver,0.086,0,7002.62
CUST-13673,6,8,286.17,50,42,Paid Social,Germany,Standard,0.074,0,4079.16
CUST-13674,43,9,17.41,181,22,Paid Social,United Kingdom,Standard,0.218,0,268.5
CUST-13675,15,13,173.98,389,23,Direct,United Kingdom,Gold,0.118,0,8677.12
CUST-13676,9,5,146.42,192,43,Organic Search,Germany,Platinum,0.111,0,4267.22
CUST-13677,22,8,214.74,178,55,Google Ads,United States,Silver,0.337,0,4656.21
CUST-13678,73,8,62.25,647,23,Organic Search,United Kingdom,Silver,0.291,0,1366.79
CUST-13679,23,16,93.95,41,36,Google Ads,France,Bronze,0.387,0,3270.67
CUST-13680,63,7,144.71,80,60,Email Referral,United Kingdom,Bronze,0.281,0,2100.4
CUST-13681,7,7,125.46,423,36,Paid Social,United States,Bronze,0.185,0,1826.49
CUST-13682,67,13,62.7,89,63,Email Referral,Germany,Platinum,0.137,0,4717.74
CUST-13683,13,3,78.86,100,64,Organic Search,Australia,Silver,0.204,0,639.01
CUST-13684,51,10,236.04,529,48,Organic Search,United States,Bronze,0.014,0,5113.58
CUST-13685,38,12,77.89,264,54,Paid Social,Germany,Standard,0.159,0,1762.69
CUST-13686,120,5,183.69,323,40,Email Referral,United Kingdom,Platinum,0.032,1,1287.97
CUST-13687,23,10,43.19,230,29,Organic Search,Germany,Bronze,0.201,0,914.42
CUST-13688,4,7,91.26,87,30,Paid Social,United Kingdom,Gold,0.06,0,2427.08
CUST-13689,1,7,76.52,152,39,Organic Search,Indonesia,Silver,0.092,0,1361.12
CUST-13690,79,3,129.16,272,67,Email Referral,United Kingdom,Standard,0.107,0,623.81
CUST-13691,34,5,77.44,114,20,Direct,Indonesia,Bronze,0.089,0,904.51
CUST-13692,68,7,77.91,368,29,Organic Search,United Kingdom,Gold,0.231,0,2046.79
CUST-13693,13,11,290.89,97,54,Organic Search,United Kingdom,Standard,0.033,0,5735.11
CUST-13694,20,9,73.99,48,48,Email Referral,United Kingdom,Gold,0.054,0,2529.2
CUST-13695,2,6,198.03,57,30,Paid Social,France,Bronze,0.129,0,2483.0
CUST-13696,147,10,183.18,256,40,Email Referral,Germany,Standard,0.028,0,3281.9
CUST-13697,50,7,146.48,494,30,Organic Search,United Kingdom,Standard,0.03,0,1816.92
CUST-13698,122,13,117.22,233,23,Paid Social,United Kingdom,Standard,0.272,1,704.11
CUST-13699,14,5,130.15,45,65,Paid Social,United Kingdom,Standard,0.014,0,1065.83
CUST-13700,43,15,87.3,97,20,Organic Search,United Kingdom,Gold,0.048,0,4909.85
CUST-13701,52,9,92.24,208,24,Email Referral,Indonesia,Silver,0.074,0,2218.41
CUST-13702,18,5,93.2,68,27,Google Ads,Germany,Standard,0.143,0,814.56
CUST-13703,85,5,117.46,111,48,Paid Social,United Kingdom,Standard,0.212,1,316.86
CUST-13704,133,14,199.32,373,21,Email Referral,United Kingdom,Standard,0.125,1,1216.36
CUST-13705,98,2,245.42,389,61,Organic Search,United Kingdom,Gold,0.042,1,617.63
CUST-13706,61,5,95.44,418,23,Google Ads,France,Bronze,0.097,0,1068.1
CUST-13707,15,7,67.8,364,35,Organic Search,United States,Standard,0.053,0,829.95
CUST-13708,15,4,186.09,115,24,Organic Search,United States,Bronze,0.183,0,1638.04
CUST-13709,149,10,73.67,402,51,Direct,United States,Platinum,0.118,1,1097.18
CUST-13710,1,8,96.61,173,40,Paid Social,United Kingdom,Silver,0.108,0,2071.26
CUST-13711,57,9,102.31,76,25,Email Referral,Australia,Standard,0.241,1,471.94
CUST-13712,56,3,102.33,163,67,Google Ads,United Kingdom,Silver,0.096,0,780.09
CUST-13713,44,12,152.79,68,41,Email Referral,United States,Silver,0.123,0,4979.71
CUST-13714,208,12,210.7,238,45,Email Referral,United Kingdom,Standard,0.099,1,1132.53
CUST-13715,17,2,304.28,42,62,Paid Social,United Kingdom,Gold,0.059,0,2314.83
CUST-13716,19,12,135.18,617,20,Direct,Germany,Gold,0.337,0,6143.2
CUST-13717,4,9,63.63,353,30,Organic Search,United Kingdom,Bronze,0.185,0,1237.87
CUST-13718,27,8,185.48,146,56,Google Ads,United Kingdom,Bronze,0.2,0,3303.92
CUST-13719,14,12,67.23,80,50,Email Referral,United Kingdom,Standard,0.011,0,1422.92
CUST-13720,19,7,74.61,47,67,Email Referral,France,Silver,0.081,0,1370.65
CUST-13721,81,10,34.44,197,33,Paid Social,France,Standard,0.151,0,615.5
CUST-13722,124,8,145.47,304,28,Organic Search,United Kingdom,Bronze,0.043,1,693.59
CUST-13723,10,6,179.3,312,46,Paid Social,United Kingdom,Standard,0.234,0,1938.35
CUST-13724,21,1,92.68,45,42,Google Ads,United States,Standard,0.283,0,163.25
CUST-13725,119,22,126.9,231,34,Email Referral,Germany,Platinum,0.178,0,16052.98
CUST-13726,3,13,212.9,695,54,Email Referral,Germany,Bronze,0.151,0,5953.91
CUST-13727,5,8,184.93,43,23,Direct,Australia,Silver,0.089,0,4047.97
CUST-13728,8,13,75.61,115,63,Direct,Germany,Silver,0.08,0,2650.8
CUST-13729,41,4,132.03,113,31,Paid Social,United Kingdom,Platinum,0.012,0,3054.7
CUST-13730,8,24,165.15,48,36,Organic Search,France,Platinum,0.039,0,22795.43
CUST-13731,155,9,79.34,498,54,Paid Social,United States,Bronze,0.142,1,424.44
CUST-13732,27,11,44.75,256,67,Google Ads,Germany,Platinum,0.071,0,2896.52
CUST-13733,32,3,110.99,142,60,Paid Social,France,Standard,0.192,0,552.97
CUST-13734,13,8,175.42,110,29,Paid Social,Germany,Bronze,0.217,0,2986.14
CUST-13735,29,19,133.84,360,36,Email Referral,Germany,Silver,0.252,0,6823.77
CUST-13736,49,11,88.29,81,38,Email Referral,United Kingdom,Gold,0.142,0,3722.88
CUST-13737,63,2,179.0,106,46,Direct,United Kingdom,Bronze,0.038,1,145.27
CUST-13738,64,16,379.82,505,45,Paid Social,Germany,Standard,0.08,0,10921.61
CUST-13739,39,11,273.5,359,34,Direct,United Kingdom,Silver,0.05,0,8073.73
CUST-13740,106,3,162.19,389,66,Organic Search,United States,Bronze,0.029,0,1135.58
CUST-13741,77,1,156.14,268,19,Google Ads,United Kingdom,Bronze,0.39,0,310.68
CUST-13742,64,10,111.5,141,23,Paid Social,United Kingdom,Silver,0.225,0,3093.66
CUST-13743,3,5,135.99,509,42,Google Ads,United Kingdom,Silver,0.276,0,1834.54
CUST-13744,1,10,28.19,137,36,Direct,France,Standard,0.012,0,482.75
CUST-13745,11,4,166.18,85,23,Email Referral,Germany,Bronze,0.206,0,1475.74
CUST-13746,50,5,204.8,146,18,Email Referral,France,Standard,0.219,0,1841.24
CUST-13747,24,2,65.87,42,63,Direct,United Kingdom,Silver,0.252,0,426.2
CUST-13748,24,4,75.13,92,51,Paid Social,Germany,Standard,0.182,0,530.11
CUST-13749,98,3,30.89,150,38,Paid Social,United States,Gold,0.048,1,64.99
CUST-13750,102,11,109.76,143,38,Google Ads,France,Standard,0.121,0,2150.46
CUST-13751,108,30,125.37,128,61,Email Referral,Germany,Standard,0.138,0,6832.12
CUST-13752,17,4,136.67,78,66,Google Ads,United Kingdom,Silver,0.253,0,1488.58
CUST-13753,53,16,115.18,87,44,Email Referral,Indonesia,Standard,0.312,0,3280.31
CUST-13754,15,8,30.4,38,40,Email Referral,Germany,Standard,0.332,0,365.98
CUST-13755,10,7,17.01,51,53,Organic Search,Indonesia,Bronze,0.104,0,267.75
CUST-13756,10,5,110.84,65,53,Paid Social,Germany,Standard,0.116,0,950.65
CUST-13757,19,16,90.55,130,49,Google Ads,United Kingdom,Standard,0.185,0,2519.44
CUST-13758,26,5,154.65,198,56,Paid Social,United Kingdom,Standard,0.228,0,1446.29
CUST-13759,80,8,111.15,165,62,Paid Social,Germany,Standard,0.126,1,338.52
CUST-13760,6,8,102.51,48,34,Direct,France,Silver,0.02,0,2124.87
CUST-13761,60,8,45.57,582,31,Email Referral,United States,Standard,0.139,0,649.33
CUST-13762,35,6,148.03,180,39,Organic Search,United Kingdom,Bronze,0.241,0,1903.48
CUST-13763,16,7,115.33,274,34,Paid Social,United Kingdom,Bronze,0.015,0,1700.12
CUST-13764,31,20,242.12,259,46,Paid Social,United Kingdom,Gold,0.028,0,18315.22
CUST-13765,17,11,142.74,92,65,Direct,Indonesia,Standard,0.154,0,2811.42
CUST-13766,41,10,87.23,203,65,Email Referral,United Kingdom,Gold,0.09,0,3407.25
CUST-13767,26,14,104.65,206,55,Paid Social,United Kingdom,Standard,0.187,0,2627.54
CUST-13768,9,12,152.08,102,43,Paid Social,Germany,Silver,0.216,0,4863.76
CUST-13769,6,10,221.98,220,48,Direct,Germany,Standard,0.058,0,4010.65
CUST-13770,36,9,80.57,332,51,Email Referral,Indonesia,Platinum,0.025,0,4195.9
CUST-13771,105,11,210.74,201,44,Paid Social,United Kingdom,Silver,0.316,0,6242.23
CUST-13772,19,4,185.91,36,34,Paid Social,United Kingdom,Standard,0.197,0,1255.38
CUST-13773,60,22,375.12,152,40,Organic Search,United Kingdom,Standard,0.272,0,14932.08
CUST-13774,49,6,91.68,86,51,Direct,Germany,Bronze,0.149,0,1125.05
CUST-13775,121,3,138.17,166,35,Email Referral,United Kingdom,Bronze,0.201,1,268.02
CUST-13776,78,7,119.96,175,38,Paid Social,United Kingdom,Bronze,0.21,0,1875.44
CUST-13777,38,10,255.61,94,37,Organic Search,Indonesia,Bronze,0.177,0,5505.68
CUST-13778,49,10,54.77,555,49,Organic Search,United States,Silver,0.189,0,1522.77
CUST-13779,103,7,254.6,308,29,Paid Social,United States,Standard,0.113,1,850.34
CUST-13780,23,10,74.57,169,21,Paid Social,United States,Standard,0.188,0,1288.65
CUST-13781,18,12,175.98,34,26,Paid Social,United Kingdom,Standard,0.114,0,3874.72
CUST-13782,1,4,196.86,35,28,Google Ads,United Kingdom,Standard,0.143,0,1433.86
CUST-13783,79,7,88.54,373,66,Direct,France,Standard,0.287,0,1007.38
CUST-13784,73,10,71.66,176,47,Paid Social,Germany,Bronze,0.155,1,396.87
CUST-13785,5,25,66.4,28,62,Organic Search,France,Silver,0.084,0,4454.05
CUST-13786,39,11,64.47,368,43,Google Ads,France,Standard,0.013,0,1298.8
CUST-13787,29,18,204.56,108,49,Paid Social,Indonesia,Bronze,0.152,0,7921.29
CUST-13788,6,12,93.71,108,45,Organic Search,France,Standard,0.082,0,1992.44
CUST-13789,178,13,60.83,852,68,Organic Search,United Kingdom,Platinum,0.018,1,1086.95
CUST-13790,11,14,198.42,28,57,Organic Search,United Kingdom,Bronze,0.479,0,6011.46
CUST-13791,4,12,97.28,248,54,Organic Search,Germany,Bronze,0.08,0,2547.51
CUST-13792,41,6,174.93,591,59,Direct,France,Bronze,0.035,0,2266.95
CUST-13793,61,30,70.19,87,64,Paid Social,United Kingdom,Standard,0.007,0,3775.56
CUST-13794,2,4,108.73,378,68,Organic Search,United Kingdom,Standard,0.073,0,787.69
CUST-13795,49,2,72.68,160,58,Organic Search,Australia,Bronze,0.275,1,131.34
CUST-13796,35,3,81.92,428,33,Paid Social,Germany,Gold,0.034,0,876.97
CUST-13797,5,8,123.05,86,65,Email Referral,United Kingdom,Standard,0.127,0,1705.09
CUST-13798,9,21,234.44,753,25,Email Referral,United Kingdom,Bronze,0.436,0,10574.16
CUST-13799,38,7,235.25,240,20,Paid Social,Indonesia,Bronze,0.092,0,3475.03
CUST-13800,16,7,101.38,208,20,Direct,United States,Bronze,0.099,0,1482.18
CUST-13801,126,21,149.65,436,27,Google Ads,France,Bronze,0.144,0,6845.18
CUST-13802,77,19,73.99,195,29,Google Ads,Germany,Standard,0.044,0,2445.48
CUST-13803,185,14,173.67,253,32,Paid Social,Australia,Bronze,0.291,0,5239.22
CUST-13804,14,5,237.41,83,64,Paid Social,United Kingdom,Standard,0.024,0,2170.02
CUST-13805,158,8,66.08,245,44,Paid Social,Germany,Bronze,0.052,1,286.06
CUST-13806,26,9,137.5,213,68,Paid Social,United Kingdom,Standard,0.033,0,2271.12
CUST-13807,20,8,25.07,363,63,Organic Search,Germany,Standard,0.116,0,332.0
CUST-13808,3,2,196.27,142,28,Direct,United Kingdom,Standard,0.294,0,681.93
CUST-13809,3,16,52.85,110,23,Google Ads,Indonesia,Silver,0.136,0,2263.63
CUST-13810,53,4,66.94,352,29,Organic Search,United Kingdom,Standard,0.271,1,148.16
CUST-13811,28,9,90.82,104,35,Google Ads,United States,Standard,0.07,1,504.33
CUST-13812,12,3,58.04,237,42,Email Referral,United States,Standard,0.079,1,77.98
CUST-13813,43,2,87.69,78,51,Organic Search,United Kingdom,Standard,0.16,0,303.86
CUST-13814,14,8,173.22,50,43,Paid Social,Australia,Bronze,0.175,0,2945.09
CUST-13815,39,4,52.93,239,41,Organic Search,France,Silver,0.135,1,229.92
CUST-13816,21,18,180.49,51,33,Organic Search,Germany,Platinum,0.226,0,18693.86
CUST-13817,79,14,23.02,124,53,Organic Search,United Kingdom,Gold,0.03,0,1187.32
CUST-13818,78,6,112.3,269,53,Paid Social,France,Standard,0.275,0,1202.34
CUST-13819,30,9,82.61,148,38,Paid Social,United Kingdom,Standard,0.046,0,1429.41
CUST-13820,20,13,285.39,183,47,Organic Search,United Kingdom,Standard,0.093,0,6650.06
CUST-13821,21,21,55.39,714,66,Paid Social,United Kingdom,Gold,0.276,0,4395.6
CUST-13822,74,6,151.05,268,37,Paid Social,United Kingdom,Standard,0.082,0,1505.53
CUST-13823,18,2,56.72,193,59,Paid Social,United States,Bronze,0.057,0,294.04
CUST-13824,11,7,117.72,112,67,Organic Search,France,Bronze,0.009,0,1765.61
CUST-13825,4,14,110.62,198,36,Email Referral,United Kingdom,Standard,0.297,0,2833.23
CUST-13826,29,6,124.8,46,28,Organic Search,United States,Bronze,0.076,0,1649.1
CUST-13827,30,20,239.89,191,31,Paid Social,Germany,Standard,0.457,0,8643.98
CUST-13828,83,1,113.7,110,53,Google Ads,United Kingdom,Bronze,0.212,1,38.9
CUST-13829,12,9,118.75,71,33,Paid Social,United Kingdom,Standard,0.037,0,1926.92
CUST-13830,22,6,202.36,186,20,Paid Social,United States,Standard,0.066,0,2118.46
CUST-13831,75,7,191.57,288,39,Organic Search,France,Standard,0.051,0,2425.02
CUST-13832,79,4,220.83,181,60,Email Referral,United Kingdom,Silver,0.005,0,2412.63
CUST-13833,22,5,130.79,134,22,Direct,United Kingdom,Gold,0.126,0,2476.03
CUST-13834,28,2,105.95,167,19,Organic Search,United Kingdom,Gold,0.056,0,802.79
CUST-13835,17,5,161.34,288,29,Paid Social,United States,Standard,0.065,0,1421.75
CUST-13836,122,19,105.18,140,62,Email Referral,Indonesia,Standard,0.35,0,3589.13
CUST-13837,6,18,33.73,127,19,Organic Search,Germany,Standard,0.041,0,1038.01
CUST-13838,123,9,37.02,140,54,Direct,United Kingdom,Bronze,0.11,1,152.64
CUST-13839,52,31,136.04,136,36,Paid Social,Germany,Standard,0.063,0,7694.27
CUST-13840,35,6,80.63,182,41,Organic Search,Australia,Standard,0.19,0,875.24
CUST-13841,2,14,63.29,31,22,Paid Social,Indonesia,Standard,0.322,0,1619.18
CUST-13842,30,7,39.79,164,43,Paid Social,Australia,Bronze,0.05,0,600.31
CUST-13843,24,7,58.33,504,45,Paid Social,France,Standard,0.142,0,738.24
CUST-13844,8,12,123.72,231,52,Email Referral,Germany,Platinum,0.073,0,8558.25
CUST-13845,49,12,256.39,338,36,Paid Social,Indonesia,Silver,0.063,0,8294.99
CUST-13846,160,1,126.08,331,48,Paid Social,Indonesia,Standard,0.287,0,256.61
CUST-13847,38,32,104.31,461,36,Paid Social,United Kingdom,Standard,0.14,0,5972.47
CUST-13848,57,16,86.64,100,60,Google Ads,United States,Standard,0.348,0,2421.07
CUST-13849,4,6,177.32,126,61,Paid Social,Indonesia,Standard,0.069,0,1924.89
CUST-13850,25,4,101.06,203,36,Organic Search,Indonesia,Standard,0.12,0,783.55
CUST-13851,6,19,94.29,393,37,Paid Social,France,Silver,0.296,0,4804.61
CUST-13852,43,7,64.41,124,59,Organic Search,Germany,Silver,0.306,0,1256.57
CUST-13853,126,7,79.03,141,34,Direct,United States,Standard,0.116,0,1029.4
CUST-13854,49,10,164.41,723,29,Paid Social,Germany,Bronze,0.102,0,3629.27
CUST-13855,4,12,141.48,23,52,Organic Search,United Kingdom,Platinum,0.06,0,9872.28
CUST-13856,20,12,117.71,64,43,Direct,United Kingdom,Bronze,0.024,0,3080.05
CUST-13857,36,11,122.35,149,25,Organic Search,Germany,Platinum,0.024,0,7746.11
CUST-13858,24,6,89.86,162,57,Google Ads,Germany,Standard,0.063,0,889.67
CUST-13859,81,10,150.14,419,42,Email Referral,Germany,Bronze,0.069,0,3291.85
CUST-13860,76,5,127.6,197,42,Paid Social,United Kingdom,Bronze,0.317,1,401.09
CUST-13861,43,10,60.64,200,62,Paid Social,Germany,Gold,0.107,0,2279.32
CUST-13862,22,11,105.69,77,39,Google Ads,France,Standard,0.271,0,2110.26
CUST-13863,14,6,76.46,180,30,Paid Social,United States,Platinum,0.267,0,2591.13
CUST-13864,6,2,222.34,98,59,Paid Social,Germany,Bronze,0.139,0,930.6
CUST-13865,20,5,157.31,53,32,Paid Social,United States,Standard,0.231,0,1349.71
CUST-13866,24,14,218.01,565,40,Organic Search,United Kingdom,Standard,0.218,0,5507.3
CUST-13867,51,3,71.08,81,45,Paid Social,United Kingdom,Standard,0.092,0,363.85
CUST-13868,49,9,202.68,267,65,Organic Search,United Kingdom,Standard,0.082,0,3345.9
CUST-13869,4,11,91.65,448,30,Organic Search,United States,Bronze,0.216,0,2189.34
CUST-13870,23,5,50.69,73,49,Paid Social,Germany,Bronze,0.149,0,565.11
CUST-13871,10,7,113.18,73,28,Paid Social,Germany,Silver,0.239,0,2139.67
CUST-13872,8,15,92.86,123,61,Organic Search,United States,Silver,0.287,0,3839.82
CUST-13873,80,5,95.67,157,31,Organic Search,United Kingdom,Gold,0.217,1,524.66
CUST-13874,2,7,107.18,273,69,Organic Search,United Kingdom,Standard,0.215,0,1341.89
CUST-13875,25,9,197.67,114,52,Paid Social,United Kingdom,Standard,0.421,0,3217.18
CUST-13876,9,12,144.33,790,64,Paid Social,United Kingdom,Bronze,0.167,0,3811.77
CUST-13877,96,15,159.83,463,60,Organic Search,United Kingdom,Standard,0.152,0,4256.61
CUST-13878,37,5,150.19,458,52,Google Ads,Australia,Standard,0.069,0,1366.81
CUST-13879,12,1,72.09,38,67,Organic Search,Germany,Bronze,0.146,0,138.21
CUST-13880,32,14,29.66,81,57,Organic Search,Germany,Silver,0.091,0,1194.78
CUST-13881,60,20,106.78,108,40,Direct,France,Silver,0.101,0,5792.65
CUST-13882,143,2,147.2,358,57,Paid Social,United Kingdom,Gold,0.002,1,191.32
CUST-13883,12,27,131.77,29,30,Organic Search,Australia,Standard,0.06,0,6383.24
CUST-13884,98,22,121.85,408,23,Google Ads,Australia,Platinum,0.346,0,15511.02
CUST-13885,123,3,155.04,280,46,Organic Search,United States,Standard,0.196,1,253.9
CUST-13886,112,11,114.63,277,59,Direct,United Kingdom,Gold,0.091,0,4714.19
CUST-13887,46,4,119.17,199,32,Organic Search,Indonesia,Standard,0.06,0,809.09
CUST-13888,45,5,76.88,197,22,Google Ads,United Kingdom,Gold,0.138,1,367.16
CUST-13889,24,10,225.32,78,50,Organic Search,France,Standard,0.249,0,4053.04
CUST-13890,63,12,40.63,137,57,Direct,Germany,Silver,0.048,0,1303.58
CUST-13891,35,5,201.09,170,19,Email Referral,United Kingdom,Standard,0.227,0,1789.65
CUST-13892,51,13,38.66,269,50,Organic Search,Indonesia,Standard,0.07,0,875.25
CUST-13893,26,2,171.41,98,42,Google Ads,Australia,Standard,0.016,0,729.85
CUST-13894,60,4,118.22,370,44,Paid Social,Indonesia,Silver,0.126,0,1258.49
CUST-13895,79,11,190.38,393,65,Email Referral,United Kingdom,Standard,0.49,0,3736.57
CUST-13896,8,11,165.96,80,42,Email Referral,United Kingdom,Bronze,0.183,0,3968.51
CUST-13897,81,14,55.52,243,22,Email Referral,Australia,Standard,0.271,0,1394.04
CUST-13898,35,12,25.06,127,68,Paid Social,United Kingdom,Bronze,0.009,0,603.48
CUST-13899,84,13,80.18,137,60,Direct,Germany,Standard,0.235,0,1863.71
CUST-13900,26,8,98.17,336,57,Email Referral,Germany,Bronze,0.032,0,1693.37
CUST-13901,22,9,27.85,894,21,Organic Search,United Kingdom,Gold,0.075,0,968.97
CUST-13902,111,15,140.84,276,31,Organic Search,Indonesia,Gold,0.171,0,8001.28
CUST-13903,14,6,108.75,470,34,Email Referral,United Kingdom,Standard,0.039,0,1123.73
CUST-13904,84,20,83.28,283,58,Google Ads,Germany,Standard,0.09,0,3028.51
CUST-13905,30,12,130.88,195,44,Email Referral,United Kingdom,Standard,0.262,0,2871.61
CUST-13906,33,6,192.18,165,53,Organic Search,Germany,Silver,0.161,0,3059.52
CUST-13907,17,6,191.87,80,51,Organic Search,United Kingdom,Standard,0.091,0,2033.36
CUST-13908,39,6,120.28,69,27,Email Referral,France,Standard,0.03,0,1290.25
CUST-13909,18,36,140.6,138,68,Organic Search,Australia,Standard,0.118,0,9121.86
CUST-13910,2,4,28.1,165,39,Paid Social,United States,Silver,0.047,0,316.36
CUST-13911,15,8,164.39,158,58,Email Referral,France,Platinum,0.066,0,7572.96
CUST-13912,1,37,264.32,230,39,Organic Search,United States,Silver,0.112,0,26333.99
CUST-13913,173,8,105.92,226,45,Paid Social,United States,Silver,0.066,1,622.57
CUST-13914,152,9,155.79,245,65,Paid Social,Germany,Bronze,0.024,1,707.56
CUST-13915,23,6,138.92,134,37,Paid Social,Germany,Bronze,0.239,0,1867.93
CUST-13916,59,7,114.79,111,66,Email Referral,Indonesia,Silver,0.145,0,2227.91
CUST-13917,20,9,165.56,461,19,Google Ads,France,Standard,0.059,0,2626.4
CUST-13918,51,11,83.2,271,40,Email Referral,United Kingdom,Standard,0.031,0,1664.98
CUST-13919,74,5,97.87,106,68,Organic Search,United States,Bronze,0.412,0,1125.05
CUST-13920,132,13,83.97,371,51,Google Ads,United Kingdom,Standard,0.089,0,1994.34
CUST-13921,24,22,289.3,181,65,Email Referral,United States,Bronze,0.047,0,13662.65
CUST-13922,69,9,73.07,217,33,Direct,United States,Silver,0.084,0,1773.73
CUST-13923,14,5,156.08,854,45,Direct,United States,Bronze,0.24,0,1727.35
CUST-13924,209,6,70.51,397,31,Paid Social,United Kingdom,Silver,0.184,1,369.61
CUST-13925,2,14,130.03,425,69,Direct,Australia,Standard,0.012,0,3269.98
CUST-13926,42,17,148.44,497,18,Paid Social,France,Standard,0.332,0,4458.95
CUST-13927,49,3,35.31,83,58,Organic Search,United States,Standard,0.109,0,300.08
CUST-13928,53,8,50.95,69,32,Organic Search,Germany,Standard,0.149,0,727.56
CUST-13929,6,15,70.14,123,32,Paid Social,United Kingdom,Standard,0.229,0,1966.0
CUST-13930,126,14,54.7,404,42,Email Referral,United Kingdom,Standard,0.304,0,1365.53
CUST-13931,9,32,65.06,336,60,Direct,United Kingdom,Standard,0.144,0,3774.95
CUST-13932,44,9,135.71,337,22,Paid Social,Germany,Standard,0.152,0,2164.23
CUST-13933,12,10,86.99,133,25,Email Referral,United Kingdom,Standard,0.346,0,1532.52
CUST-13934,17,13,164.65,281,39,Google Ads,Germany,Bronze,0.1,0,4713.85
CUST-13935,36,4,253.99,279,56,Paid Social,France,Silver,0.162,0,2790.08
CUST-13936,25,10,50.75,107,55,Organic Search,Germany,Standard,0.297,0,912.1
CUST-13937,8,15,267.22,56,56,Google Ads,United Kingdom,Silver,0.221,0,10869.14
CUST-13938,9,15,178.84,198,68,Email Referral,Germany,Standard,0.077,0,4794.79
CUST-13939,25,12,151.91,243,63,Google Ads,Indonesia,Platinum,0.117,0,10500.1
CUST-13940,64,17,115.3,230,60,Email Referral,Germany,Standard,0.224,0,3533.29
CUST-13941,103,12,125.64,161,68,Organic Search,United Kingdom,Silver,0.051,1,979.76
CUST-13942,4,1,64.07,77,31,Organic Search,France,Standard,0.082,0,70.85
CUST-13943,23,14,121.57,259,36,Organic Search,France,Platinum,0.109,0,9708.98
CUST-13944,5,14,215.55,611,43,Organic Search,United Kingdom,Silver,0.048,0,8099.41
CUST-13945,1,4,66.62,537,55,Google Ads,United Kingdom,Standard,0.243,1,211.31
CUST-13946,49,19,160.05,195,50,Email Referral,Germany,Standard,0.17,0,5384.86
CUST-13947,42,9,196.3,448,63,Organic Search,United Kingdom,Standard,0.022,0,3178.33
CUST-13948,9,5,76.3,29,29,Paid Social,United Kingdom,Standard,0.152,0,694.33
CUST-13949,12,9,142.18,382,46,Email Referral,Germany,Standard,0.177,0,2290.83
CUST-13950,2,3,163.56,133,29,Organic Search,United Kingdom,Bronze,0.245,0,1103.59
CUST-13951,82,20,277.06,370,46,Organic Search,United Kingdom,Standard,0.158,0,9960.41
CUST-13952,166,21,217.47,182,58,Paid Social,United States,Bronze,0.181,0,9912.11
CUST-13953,7,7,215.02,387,58,Paid Social,Germany,Bronze,0.159,0,3278.56
CUST-13954,12,4,96.73,189,63,Direct,Indonesia,Standard,0.351,0,628.79
CUST-13955,92,2,156.78,156,37,Direct,Indonesia,Standard,0.072,0,622.49
CUST-13956,118,13,114.24,209,51,Paid Social,Indonesia,Bronze,0.089,1,786.28
CUST-13957,25,7,48.06,80,63,Paid Social,United Kingdom,Standard,0.263,0,516.0
CUST-13958,3,8,69.0,117,47,Email Referral,Germany,Standard,0.257,0,1017.16
CUST-13959,2,4,120.31,89,46,Organic Search,Germany,Bronze,0.02,0,1025.13
CUST-13960,39,9,107.52,191,56,Organic Search,Indonesia,Standard,0.075,0,1823.26
CUST-13961,23,18,264.75,341,64,Organic Search,Germany,Standard,0.017,0,8632.68
CUST-13962,2,8,126.17,742,57,Organic Search,United Kingdom,Silver,0.381,0,2680.16
CUST-13963,40,21,195.02,107,68,Organic Search,Germany,Gold,0.415,0,15528.14
CUST-13964,1,10,144.14,36,19,Email Referral,United Kingdom,Silver,0.079,0,3856.98
CUST-13965,70,10,150.6,175,43,Organic Search,United States,Standard,0.149,0,2627.95
CUST-13966,17,9,179.83,59,18,Organic Search,Germany,Standard,0.244,0,2882.52
CUST-13967,2,9,106.82,340,45,Email Referral,France,Silver,0.106,0,2529.27
CUST-13968,40,8,117.47,180,68,Email Referral,United Kingdom,Platinum,0.036,0,5412.34
CUST-13969,23,7,97.37,212,25,Organic Search,Germany,Standard,0.302,0,1323.39
CUST-13970,164,12,115.98,208,48,Google Ads,Germany,Gold,0.013,1,1319.15
CUST-13971,36,13,127.27,300,56,Email Referral,France,Silver,0.064,0,4490.25
CUST-13972,15,13,143.08,684,67,Paid Social,United States,Platinum,0.156,0,10663.67
CUST-13973,56,6,125.22,189,36,Direct,United States,Standard,0.515,1,311.08
CUST-13974,15,10,130.84,620,30,Organic Search,Germany,Standard,0.067,0,2382.38
CUST-13975,106,3,142.03,127,33,Paid Social,Indonesia,Bronze,0.39,1,226.66
CUST-13976,22,9,14.5,43,40,Organic Search,United Kingdom,Bronze,0.149,0,245.84
CUST-13977,36,10,86.17,630,28,Paid Social,Germany,Bronze,0.019,0,1911.41
CUST-13978,3,9,89.64,234,41,Organic Search,France,Gold,0.231,0,3056.58
CUST-13979,25,14,140.98,77,27,Email Referral,Germany,Silver,0.016,0,5431.8
CUST-13980,81,14,156.16,177,68,Paid Social,United Kingdom,Standard,0.048,0,3968.2
CUST-13981,74,23,67.06,216,22,Direct,United Kingdom,Bronze,0.09,0,3274.81
CUST-13982,12,7,193.08,245,29,Email Referral,France,Standard,0.151,0,2438.59
CUST-13983,12,3,152.2,359,53,Direct,United Kingdom,Platinum,0.275,0,2569.82
CUST-13984,77,4,71.12,107,43,Organic Search,United Kingdom,Standard,0.007,0,612.31
CUST-13985,120,31,90.85,327,45,Paid Social,United Kingdom,Bronze,0.219,0,6033.87
CUST-13986,5,18,113.58,136,33,Paid Social,France,Standard,0.084,0,3735.7
CUST-13987,27,12,182.16,205,19,Google Ads,United Kingdom,Bronze,0.054,0,4769.3
CUST-13988,19,11,163.92,161,43,Organic Search,Australia,Standard,0.069,0,3211.49
CUST-13989,93,14,71.1,215,21,Direct,United States,Bronze,0.199,0,2166.48
CUST-13990,4,8,199.23,60,46,Organic Search,United Kingdom,Gold,0.228,0,6037.51
CUST-13991,11,14,124.46,141,33,Google Ads,Germany,Standard,0.311,0,3178.03
CUST-13992,63,14,203.84,115,39,Paid Social,United Kingdom,Bronze,0.101,0,6172.97
CUST-13993,3,6,130.38,26,60,Paid Social,United States,Platinum,0.04,0,4472.53
CUST-13994,31,19,65.35,130,23,Direct,United Kingdom,Standard,0.082,0,2263.01
CUST-13995,27,17,150.38,46,45,Google Ads,United Kingdom,Standard,0.151,0,4629.84
CUST-13996,19,5,280.96,182,28,Direct,United States,Bronze,0.208,0,2987.81
CUST-13997,23,9,85.91,51,59,Email Referral,United Kingdom,Gold,0.149,0,2807.39
CUST-13998,34,3,74.0,152,64,Direct,Germany,Bronze,0.043,0,509.1
CUST-13999,8,15,103.26,728,38,Email Referral,United States,Bronze,0.155,0,3364.29
CUST-14000,39,8,152.73,55,43,Google Ads,United States,Standard,0.033,0,2220.9
CUST-14001,74,13,316.33,171,56,Email Referral,United Kingdom,Platinum,0.3,0,23752.74
CUST-14002,65,12,203.61,281,64,Google Ads,Indonesia,Standard,0.079,0,4441.78
CUST-14003,8,5,64.51,54,39,Email Referral,United Kingdom,Standard,0.153,0,645.26
CUST-14004,8,5,232.09,171,47,Email Referral,Germany,Standard,0.138,0,2127.96
CUST-14005,15,3,151.93,83,47,Paid Social,France,Standard,0.02,0,827.62
CUST-14006,21,4,149.29,81,50,Email Referral,United Kingdom,Bronze,0.17,0,1228.39
CUST-14007,24,7,107.4,444,57,Organic Search,Germany,Bronze,0.011,0,1700.95
CUST-14008,52,4,98.66,107,47,Email Referral,Germany,Gold,0.148,1,362.46
CUST-14009,3,5,125.32,103,54,Paid Social,Indonesia,Standard,0.326,0,1097.59
CUST-14010,2,18,256.39,50,47,Google Ads,United Kingdom,Bronze,0.119,0,10000.3
CUST-14011,23,9,50.18,98,43,Email Referral,United Kingdom,Standard,0.241,0,721.13
CUST-14012,54,7,157.37,131,23,Email Referral,Germany,Standard,0.292,0,1945.91
CUST-14013,10,5,139.58,96,21,Paid Social,France,Silver,0.237,0,1852.87
CUST-14014,47,12,124.11,246,32,Google Ads,Germany,Standard,0.238,0,2647.89
CUST-14015,14,5,196.9,273,53,Organic Search,United Kingdom,Standard,0.042,0,1868.86
CUST-14016,98,5,53.06,241,20,Google Ads,United Kingdom,Standard,0.062,0,473.42
CUST-14017,102,11,234.11,286,33,Email Referral,United Kingdom,Standard,0.03,0,4603.43
CUST-14018,16,10,18.75,333,33,Organic Search,France,Standard,0.204,0,335.08
CUST-14019,12,9,108.7,1418,57,Direct,Indonesia,Standard,0.04,0,1803.63
CUST-14020,24,12,48.55,148,44,Paid Social,United Kingdom,Bronze,0.244,0,1163.1
CUST-14021,13,11,104.3,524,23,Organic Search,Germany,Standard,0.055,0,2070.86
CUST-14022,51,4,245.11,187,38,Paid Social,Germany,Gold,0.033,1,903.87
CUST-14023,79,12,95.02,368,30,Direct,Germany,Standard,0.111,0,2065.91
CUST-14024,51,24,66.54,219,26,Google Ads,Germany,Bronze,0.103,0,3392.14
CUST-14025,79,6,228.04,481,58,Direct,France,Standard,0.267,1,606.72
CUST-14026,23,12,138.33,145,60,Organic Search,Germany,Standard,0.24,0,2981.1
CUST-14027,8,10,105.78,237,25,Organic Search,Indonesia,Standard,0.227,0,1840.51
CUST-14028,61,8,74.96,189,45,Email Referral,Germany,Standard,0.055,1,363.07
CUST-14029,21,12,130.34,386,62,Paid Social,United Kingdom,Standard,0.147,0,2836.09
CUST-14030,51,10,108.6,998,36,Email Referral,Australia,Bronze,0.053,0,2391.82
CUST-14031,15,5,153.01,80,46,Paid Social,United Kingdom,Standard,0.138,0,1359.39
CUST-14032,4,3,42.39,134,48,Paid Social,United States,Silver,0.267,0,354.1
CUST-14033,221,5,137.74,251,50,Organic Search,Germany,Standard,0.179,1,249.82
CUST-14034,8,3,202.63,50,66,Paid Social,France,Standard,0.417,0,1062.2
CUST-14035,201,5,38.77,692,23,Organic Search,Germany,Standard,0.056,1,42.29
CUST-14036,171,8,271.4,327,61,Direct,United Kingdom,Bronze,0.335,1,1187.27
CUST-14037,72,16,73.87,177,21,Direct,United Kingdom,Platinum,0.124,0,6893.21
CUST-14038,49,3,47.27,264,33,Google Ads,France,Standard,0.202,0,300.43
CUST-14039,39,6,100.05,201,20,Organic Search,France,Standard,0.127,0,1171.13
CUST-14040,91,6,62.38,167,42,Organic Search,Australia,Standard,0.162,0,713.39
CUST-14041,16,14,69.28,77,34,Email Referral,France,Silver,0.014,0,2639.79
CUST-14042,29,16,100.36,204,39,Email Referral,United Kingdom,Standard,0.121,0,2844.25
CUST-14043,44,6,88.53,96,35,Direct,United Kingdom,Silver,0.02,0,1450.35
CUST-14044,24,9,103.53,65,49,Google Ads,United States,Gold,0.126,0,3498.38
CUST-14045,26,10,281.18,109,35,Organic Search,Indonesia,Silver,0.068,0,7633.46
CUST-14046,19,6,38.27,389,43,Direct,France,Bronze,0.079,0,428.02
CUST-14047,38,9,79.02,59,67,Organic Search,Germany,Bronze,0.132,0,1530.74
CUST-14048,86,22,147.93,423,42,Google Ads,Indonesia,Bronze,0.032,0,7030.51
CUST-14049,11,15,118.98,200,45,Email Referral,United Kingdom,Standard,0.04,0,3301.79
CUST-14050,123,11,139.61,145,57,Email Referral,United Kingdom,Silver,0.176,1,985.45
CUST-14051,53,10,126.75,233,40,Email Referral,Germany,Bronze,0.236,1,742.86
CUST-14052,78,3,106.61,192,25,Google Ads,United Kingdom,Bronze,0.075,0,732.0
CUST-14053,37,6,32.32,383,30,Email Referral,France,Standard,0.173,0,336.27
CUST-14054,69,11,236.94,511,61,Google Ads,United Kingdom,Standard,0.102,0,4711.9
CUST-14055,1,7,79.06,76,64,Organic Search,United Kingdom,Silver,0.181,0,1481.74
CUST-14056,77,16,56.39,367,27,Google Ads,Germany,Standard,0.04,0,1624.76
CUST-14057,2,7,119.06,83,58,Direct,France,Gold,0.232,0,3187.98
CUST-14058,100,10,336.2,178,20,Email Referral,United Kingdom,Platinum,0.043,1,4968.51
CUST-14059,218,7,174.68,271,27,Direct,United Kingdom,Silver,0.033,1,873.57
CUST-14060,16,3,195.01,235,66,Organic Search,United Kingdom,Standard,0.181,0,1065.43
CUST-14061,11,44,481.74,80,32,Google Ads,United Kingdom,Gold,0.374,0,80194.18
CUST-14062,66,11,138.65,193,41,Organic Search,France,Bronze,0.097,1,752.56
CUST-14063,14,17,49.66,329,27,Paid Social,United Kingdom,Standard,0.315,0,1499.37
CUST-14064,91,7,84.66,388,69,Email Referral,United Kingdom,Standard,0.241,0,1070.08
CUST-14065,5,7,86.43,368,38,Email Referral,United States,Standard,0.124,0,1037.09
CUST-14066,7,3,46.63,53,63,Email Referral,United Kingdom,Standard,0.089,0,224.75
CUST-14067,175,8,101.18,349,65,Paid Social,Indonesia,Standard,0.345,1,281.45
CUST-14068,51,20,227.99,509,55,Direct,France,Platinum,0.036,0,26200.51
CUST-14069,85,7,254.43,107,56,Organic Search,United Kingdom,Silver,0.379,0,4796.48
CUST-14070,18,17,74.06,317,59,Email Referral,United Kingdom,Silver,0.282,0,3352.32
CUST-14071,51,17,246.45,116,68,Google Ads,Indonesia,Standard,0.104,0,7562.41
CUST-14072,41,7,153.07,255,67,Google Ads,France,Standard,0.026,1,495.56
CUST-14073,42,10,56.98,284,45,Email Referral,France,Bronze,0.072,0,1248.62
CUST-14074,52,4,29.55,534,58,Email Referral,France,Silver,0.245,0,293.92
CUST-14075,39,8,156.38,181,19,Paid Social,Germany,Platinum,0.212,0,7260.11
CUST-14076,26,8,129.45,380,58,Paid Social,United Kingdom,Silver,0.326,0,2821.16
CUST-14077,15,8,113.76,38,21,Paid Social,United Kingdom,Gold,0.256,0,3451.33
CUST-14078,66,4,46.11,179,60,Email Referral,France,Standard,0.161,1,94.64
CUST-14079,12,11,47.7,131,66,Email Referral,Indonesia,Standard,0.195,0,934.08
CUST-14080,54,10,84.97,208,20,Paid Social,United Kingdom,Standard,0.156,0,1595.39
CUST-14081,12,1,64.34,145,49,Email Referral,Germany,Standard,0.065,0,172.9
CUST-14082,45,12,152.3,679,64,Paid Social,Australia,Silver,0.138,0,4916.25
CUST-14083,62,5,143.42,91,51,Organic Search,United Kingdom,Gold,0.07,0,2718.88
CUST-14084,12,16,80.38,82,33,Google Ads,United Kingdom,Standard,0.082,0,2295.12
CUST-14085,3,8,115.41,641,21,Google Ads,United Kingdom,Gold,0.306,0,3613.28
CUST-14086,7,8,223.38,128,35,Organic Search,United Kingdom,Standard,0.216,0,3203.91
CUST-14087,42,10,166.18,209,45,Google Ads,Germany,Bronze,0.266,0,3649.25
CUST-14088,86,9,82.35,116,59,Paid Social,United Kingdom,Bronze,0.144,0,1734.85
CUST-14089,3,11,167.78,78,23,Organic Search,United Kingdom,Standard,0.301,0,3337.89
CUST-14090,60,15,209.96,82,60,Paid Social,France,Silver,0.035,0,8416.28
CUST-14091,19,7,194.84,60,59,Organic Search,United States,Standard,0.029,0,2530.5
CUST-14092,30,2,71.78,225,18,Google Ads,Indonesia,Standard,0.141,0,232.82
CUST-14093,119,7,79.0,393,33,Organic Search,Indonesia,Silver,0.164,0,1458.75
CUST-14094,19,10,37.36,401,54,Organic Search,Indonesia,Standard,0.215,0,761.44
CUST-14095,29,5,156.84,96,26,Organic Search,United Kingdom,Gold,0.034,0,2899.2
CUST-14096,1,8,250.05,88,34,Organic Search,United Kingdom,Gold,0.062,0,7633.24
CUST-14097,4,1,168.29,170,53,Email Referral,United Kingdom,Standard,0.22,0,291.73
CUST-14098,14,2,130.4,44,51,Email Referral,United Kingdom,Standard,0.459,0,376.79
CUST-14099,2,8,270.29,312,48,Organic Search,United Kingdom,Standard,0.299,0,3936.38
CUST-14100,45,8,135.78,178,51,Email Referral,France,Standard,0.131,0,1842.65
CUST-14101,26,11,323.63,647,54,Paid Social,France,Bronze,0.016,0,7687.16
CUST-14102,36,18,175.67,73,51,Paid Social,United Kingdom,Standard,0.187,0,5609.98
CUST-14103,9,5,111.38,49,62,Organic Search,France,Gold,0.179,0,2088.68
CUST-14104,16,9,32.39,108,54,Email Referral,United Kingdom,Standard,0.178,0,559.57
CUST-14105,50,6,48.71,106,18,Paid Social,Germany,Standard,0.133,0,547.2
CUST-14106,152,7,279.9,381,32,Email Referral,United Kingdom,Bronze,0.056,1,1068.42
CUST-14107,3,10,126.04,546,48,Paid Social,Australia,Bronze,0.302,0,2772.93
CUST-14108,100,6,236.46,131,68,Organic Search,Indonesia,Platinum,0.329,0,8172.06
CUST-14109,39,23,235.86,103,31,Email Referral,United Kingdom,Silver,0.359,0,14636.09
CUST-14110,38,19,136.72,101,61,Email Referral,Indonesia,Standard,0.248,0,4690.09
CUST-14111,32,11,254.86,175,51,Paid Social,Germany,Platinum,0.048,0,16114.85
CUST-14112,4,4,182.92,127,69,Organic Search,Germany,Standard,0.011,0,1360.16
CUST-14113,5,17,233.71,253,18,Email Referral,Germany,Silver,0.164,0,10730.82
CUST-14114,42,10,134.84,294,52,Organic Search,France,Standard,0.102,0,2462.91
CUST-14115,19,7,109.61,187,28,Paid Social,United Kingdom,Standard,0.284,0,1372.22
CUST-14116,113,3,87.75,288,34,Organic Search,United Kingdom,Silver,0.161,0,735.72
CUST-14117,24,7,69.12,371,22,Google Ads,Germany,Standard,0.483,0,904.16
CUST-14118,7,20,141.75,113,34,Organic Search,Germany,Standard,0.205,0,5002.03
CUST-14119,57,19,71.78,74,35,Google Ads,Germany,Silver,0.08,0,3609.26
CUST-14120,16,17,165.25,74,42,Google Ads,United States,Standard,0.023,0,5028.74
CUST-14121,34,20,93.18,55,52,Direct,United Kingdom,Standard,0.046,0,3347.92
CUST-14122,54,11,114.01,159,64,Direct,Australia,Standard,0.117,0,2321.17
CUST-14123,104,14,185.0,198,33,Direct,Australia,Silver,0.039,0,7015.7
CUST-14124,71,13,222.36,104,64,Google Ads,United Kingdom,Standard,0.044,0,5229.39
CUST-14125,51,3,96.34,319,66,Organic Search,United Kingdom,Bronze,0.188,0,701.37
CUST-14126,52,22,63.49,211,67,Paid Social,Germany,Standard,0.043,0,2583.01
CUST-14127,132,7,160.78,193,40,Organic Search,United Kingdom,Standard,0.176,0,1975.4
CUST-14128,16,2,152.43,287,57,Paid Social,Germany,Standard,0.187,0,610.4
CUST-14129,1,5,254.58,214,38,Paid Social,United Kingdom,Bronze,0.176,0,2754.71
CUST-14130,15,3,90.28,68,46,Direct,France,Standard,0.065,0,461.75
CUST-14131,12,11,88.74,759,63,Direct,United Kingdom,Standard,0.051,0,1742.38
CUST-14132,49,5,170.43,99,53,Organic Search,Germany,Bronze,0.133,0,1809.37
CUST-14133,46,7,132.17,326,27,Email Referral,Germany,Silver,0.151,0,2505.07
CUST-14134,41,5,218.08,677,37,Paid Social,Australia,Silver,0.398,0,2939.93
CUST-14135,1,5,152.31,248,24,Paid Social,France,Standard,0.184,0,1432.59
CUST-14136,59,9,166.11,271,47,Paid Social,United Kingdom,Standard,0.112,0,2787.63
CUST-14137,18,5,106.56,453,46,Direct,United Kingdom,Bronze,0.116,0,1130.59
CUST-14138,50,2,133.01,121,69,Google Ads,Germany,Gold,0.304,1,186.6
CUST-14139,37,12,191.91,110,18,Organic Search,France,Standard,0.017,0,4178.65
CUST-14140,19,9,30.72,218,38,Paid Social,Germany,Bronze,0.096,0,644.29
CUST-14141,7,3,333.64,406,24,Google Ads,France,Silver,0.102,0,2721.51
CUST-14142,5,4,85.67,192,61,Email Referral,United States,Standard,0.188,0,539.89
CUST-14143,81,10,141.07,775,21,Email Referral,United Kingdom,Standard,0.058,0,2499.65
CUST-14144,113,5,102.49,173,56,Direct,United States,Bronze,0.391,0,1114.25
CUST-14145,48,6,231.62,377,32,Paid Social,France,Platinum,0.274,0,7973.99
CUST-14146,5,4,141.29,491,51,Paid Social,United States,Bronze,0.027,0,1170.86
CUST-14147,24,8,439.45,139,19,Direct,Australia,Standard,0.024,0,6435.3
CUST-14148,59,30,222.25,662,54,Email Referral,United Kingdom,Standard,0.24,0,11951.51
CUST-14149,69,1,16.61,124,20,Email Referral,Germany,Bronze,0.187,0,96.2
CUST-14150,6,1,181.02,570,65,Organic Search,United Kingdom,Standard,0.049,0,346.47
CUST-14151,1,7,22.15,435,21,Organic Search,United Kingdom,Standard,0.047,0,309.5
CUST-14152,57,5,56.56,84,64,Paid Social,United Kingdom,Bronze,0.385,1,209.61
CUST-14153,20,8,122.75,167,66,Paid Social,Indonesia,Standard,0.237,0,1733.16
CUST-14154,14,4,221.33,164,60,Paid Social,United Kingdom,Standard,0.082,0,1578.59
CUST-14155,1,4,108.1,26,53,Direct,United Kingdom,Silver,0.145,0,1191.11
CUST-14156,35,4,231.4,57,44,Organic Search,France,Silver,0.075,0,2406.66
CUST-14157,86,6,106.0,101,21,Organic Search,United States,Bronze,0.079,0,1456.24
CUST-14158,143,4,64.76,291,53,Organic Search,France,Silver,0.006,1,180.65
CUST-14159,38,29,154.92,165,36,Email Referral,United Kingdom,Standard,0.177,0,8039.73
CUST-14160,33,4,88.02,555,51,Direct,Germany,Standard,0.006,0,688.43
CUST-14161,5,8,8.01,95,33,Google Ads,United Kingdom,Bronze,0.225,0,142.99
CUST-14162,36,13,98.47,244,69,Email Referral,Australia,Standard,0.023,0,2268.12
CUST-14163,22,10,144.82,38,62,Organic Search,Australia,Gold,0.114,0,5521.49
CUST-14164,43,12,112.61,254,57,Paid Social,United Kingdom,Bronze,0.264,0,2802.58
CUST-14165,23,7,125.7,478,68,Google Ads,France,Standard,0.203,0,1604.8
CUST-14166,13,3,303.62,106,39,Email Referral,United States,Bronze,0.053,0,2032.97
CUST-14167,5,8,184.42,87,49,Organic Search,United Kingdom,Standard,0.197,0,2614.0
CUST-14168,18,25,69.56,210,19,Paid Social,France,Standard,0.158,0,3066.11
CUST-14169,5,22,312.07,91,34,Organic Search,United Kingdom,Standard,0.176,0,12379.13
CUST-14170,9,20,108.65,116,40,Paid Social,United Kingdom,Bronze,0.494,0,4659.84
CUST-14171,197,20,147.05,269,61,Direct,Indonesia,Standard,0.068,1,1435.85
CUST-14172,27,29,159.98,118,63,Organic Search,France,Bronze,0.067,0,9994.64
CUST-14173,35,10,320.04,254,29,Email Referral,United States,Silver,0.16,0,8631.36
CUST-14174,94,5,23.51,569,30,Organic Search,Germany,Standard,0.023,0,237.66
CUST-14175,244,20,167.15,416,27,Direct,United Kingdom,Silver,0.139,1,2165.61
CUST-14176,40,16,154.95,56,21,Organic Search,United Kingdom,Standard,0.116,0,4465.54
CUST-14177,76,8,199.72,146,24,Email Referral,Indonesia,Standard,0.271,0,2931.94
CUST-14178,18,4,88.41,580,19,Organic Search,United Kingdom,Bronze,0.228,0,759.81
CUST-14179,17,12,146.35,466,32,Google Ads,United Kingdom,Platinum,0.031,0,10058.32
CUST-14180,24,2,129.81,61,53,Organic Search,United Kingdom,Standard,0.1,1,95.12
CUST-14181,51,12,112.05,496,26,Paid Social,United Kingdom,Bronze,0.183,0,2808.59
CUST-14182,52,8,122.78,668,41,Organic Search,United Kingdom,Bronze,0.07,0,2107.09
CUST-14183,18,17,59.29,103,23,Google Ads,United States,Bronze,0.12,0,2232.63
CUST-14184,7,5,189.73,239,66,Paid Social,United Kingdom,Standard,0.103,0,1676.35
CUST-14185,46,13,48.67,208,24,Organic Search,United States,Bronze,0.105,0,1401.61
CUST-14186,7,2,45.24,95,33,Email Referral,United Kingdom,Standard,0.153,0,88.75
CUST-14187,39,4,47.31,83,34,Google Ads,Germany,Standard,0.027,0,434.6
CUST-14188,54,20,263.97,151,47,Paid Social,Germany,Bronze,0.082,0,11460.07
CUST-14189,55,16,118.95,543,25,Paid Social,France,Silver,0.153,0,5114.03
CUST-14190,64,6,169.68,379,20,Email Referral,France,Gold,0.396,1,895.93
CUST-14191,93,21,239.91,180,42,Email Referral,France,Standard,0.138,0,9043.19
CUST-14192,32,6,82.79,189,46,Email Referral,United States,Standard,0.095,0,908.23
CUST-14193,59,26,165.6,167,38,Organic Search,United Kingdom,Standard,0.094,0,7804.38
CUST-14194,44,14,199.02,172,69,Direct,Germany,Standard,0.106,0,4909.79
CUST-14195,10,11,142.11,282,23,Organic Search,Germany,Bronze,0.247,0,3436.81
CUST-14196,2,30,102.22,157,40,Paid Social,United Kingdom,Bronze,0.06,0,6636.7
CUST-14197,16,5,165.58,66,67,Organic Search,Germany,Standard,0.186,0,1432.05
CUST-14198,27,2,83.48,98,28,Direct,Germany,Silver,0.072,0,323.34
CUST-14199,44,10,166.44,209,23,Google Ads,Germany,Standard,0.034,0,3002.79
CUST-14200,86,19,37.32,313,44,Google Ads,United Kingdom,Bronze,0.045,0,1542.61
CUST-14201,10,2,158.27,152,44,Organic Search,Germany,Silver,0.286,0,823.84
CUST-14202,7,4,158.42,196,30,Email Referral,United States,Standard,0.116,0,1186.23
CUST-14203,149,5,137.51,444,26,Organic Search,Germany,Standard,0.056,1,411.09
CUST-14204,6,20,85.14,162,25,Direct,Germany,Bronze,0.096,0,3658.07
CUST-14205,30,7,49.6,725,62,Paid Social,Australia,Silver,0.132,0,900.11
CUST-14206,40,16,28.51,103,44,Email Referral,Indonesia,Standard,0.12,0,906.93
CUST-14207,36,6,243.25,504,49,Paid Social,Indonesia,Standard,0.015,0,2616.07
CUST-14208,5,12,69.76,71,46,Paid Social,United Kingdom,Platinum,0.31,0,4854.78
CUST-14209,3,5,81.96,154,63,Email Referral,France,Silver,0.021,0,1076.1
CUST-14210,6,31,53.27,130,50,Email Referral,United Kingdom,Silver,0.074,0,4515.71
CUST-14211,40,8,210.05,138,22,Email Referral,Germany,Bronze,0.287,0,3567.44
CUST-14212,36,8,97.28,643,55,Paid Social,France,Bronze,0.075,0,1688.25
CUST-14213,12,13,143.6,84,26,Email Referral,Germany,Platinum,0.164,0,10767.57
CUST-14214,46,6,55.26,263,69,Google Ads,Germany,Bronze,0.468,0,707.04
CUST-14215,78,8,147.83,386,30,Organic Search,United States,Standard,0.057,0,2096.93
CUST-14216,2,13,80.23,56,50,Organic Search,France,Platinum,0.292,0,6097.27
CUST-14217,32,18,189.49,698,47,Email Referral,United States,Bronze,0.289,0,7407.81
CUST-14218,53,14,212.42,210,42,Paid Social,Indonesia,Standard,0.125,0,5309.73
CUST-14219,14,9,77.83,471,23,Organic Search,France,Bronze,0.156,0,1418.82
CUST-14220,17,12,166.44,228,56,Organic Search,United Kingdom,Standard,0.121,0,3669.03
CUST-14221,43,4,264.88,246,27,Email Referral,United Kingdom,Bronze,0.007,0,2242.26
CUST-14222,103,14,84.62,194,53,Paid Social,United Kingdom,Silver,0.132,0,3201.73
CUST-14223,75,10,433.81,355,67,Paid Social,United Kingdom,Bronze,0.081,0,9374.89
CUST-14224,40,6,78.4,60,65,Direct,France,Standard,0.078,0,861.02
CUST-14225,59,17,150.69,220,36,Google Ads,United Kingdom,Gold,0.247,0,9598.92
CUST-14226,21,21,346.54,41,28,Google Ads,United States,Gold,0.327,0,27490.89
CUST-14227,47,13,130.08,127,34,Organic Search,United States,Standard,0.307,0,3043.08
CUST-14228,29,4,117.24,62,19,Paid Social,Germany,Bronze,0.211,0,1010.18
CUST-14229,10,10,199.81,461,24,Organic Search,United Kingdom,Platinum,0.13,0,11544.8
CUST-14230,55,8,185.64,248,58,Direct,United Kingdom,Standard,0.107,0,2681.46
CUST-14231,37,4,100.09,250,48,Email Referral,United Kingdom,Standard,0.1,0,742.91
CUST-14232,20,8,35.64,377,48,Organic Search,United Kingdom,Standard,0.033,0,483.28
CUST-14233,110,3,120.29,362,63,Paid Social,United States,Standard,0.091,1,247.75
CUST-14234,1,19,136.43,39,34,Organic Search,Germany,Standard,0.119,0,4651.44
CUST-14235,18,16,197.91,206,32,Paid Social,United Kingdom,Bronze,0.031,0,6856.23
CUST-14236,3,18,158.47,706,24,Organic Search,United Kingdom,Standard,0.086,0,5140.14
CUST-14237,66,23,105.0,124,47,Organic Search,Germany,Bronze,0.217,0,5238.95
CUST-14238,55,2,143.61,244,56,Paid Social,United States,Standard,0.031,1,189.27
CUST-14239,19,17,44.06,183,31,Organic Search,United States,Standard,0.106,0,1306.19
CUST-14240,51,28,137.94,155,48,Email Referral,United Kingdom,Silver,0.504,0,10469.55
CUST-14241,23,18,150.96,594,26,Paid Social,Australia,Bronze,0.181,0,5906.19
CUST-14242,64,16,104.88,158,26,Organic Search,Germany,Silver,0.258,0,4539.48
CUST-14243,28,11,169.97,60,66,Email Referral,United Kingdom,Standard,0.042,0,3376.74
CUST-14244,24,19,296.68,630,19,Organic Search,United Kingdom,Standard,0.175,0,10088.68
CUST-14245,123,5,123.92,373,61,Email Referral,United Kingdom,Standard,0.101,1,261.84
CUST-14246,13,16,192.81,103,39,Organic Search,Germany,Silver,0.399,1,1986.99
CUST-14247,6,4,251.76,80,33,Organic Search,United States,Standard,0.402,0,1797.36
CUST-14248,40,3,64.14,528,19,Organic Search,Germany,Platinum,0.135,0,1105.18
CUST-14249,157,2,54.63,229,32,Paid Social,Indonesia,Silver,0.117,1,3.81
CUST-14250,22,7,95.36,175,23,Direct,Germany,Standard,0.062,0,1216.49
CUST-14251,3,4,258.39,61,40,Paid Social,Indonesia,Gold,0.167,0,3967.22
CUST-14252,19,14,124.12,995,45,Organic Search,France,Standard,0.178,0,3138.6
CUST-14253,32,18,110.15,311,60,Organic Search,United Kingdom,Bronze,0.312,0,4282.36
CUST-14254,8,14,80.2,173,34,Paid Social,United Kingdom,Bronze,0.108,0,2398.98
CUST-14255,49,8,59.38,310,53,Organic Search,United States,Standard,0.009,0,873.65
CUST-14256,275,10,79.46,736,36,Organic Search,United Kingdom,Standard,0.071,1,306.76
CUST-14257,28,8,107.3,637,22,Google Ads,United Kingdom,Standard,0.16,0,1424.53
CUST-14258,20,10,89.98,312,40,Organic Search,Indonesia,Bronze,0.078,0,2022.55
CUST-14259,24,11,100.3,379,61,Email Referral,Australia,Standard,0.137,0,2033.98
CUST-14260,6,11,241.62,112,36,Organic Search,United States,Bronze,0.062,0,5685.93
CUST-14261,97,6,89.6,201,18,Organic Search,France,Standard,0.036,0,895.38
CUST-14262,25,6,63.59,337,44,Google Ads,United Kingdom,Bronze,0.293,0,829.45
CUST-14263,23,3,181.52,294,60,Email Referral,United Kingdom,Standard,0.083,0,983.43
CUST-14264,49,5,99.43,480,42,Paid Social,France,Gold,0.07,0,1920.04
CUST-14265,27,9,103.39,67,23,Organic Search,Germany,Platinum,0.039,0,5342.99
CUST-14266,48,12,79.6,274,53,Paid Social,United Kingdom,Gold,0.225,0,3668.4
CUST-14267,3,4,122.29,205,34,Organic Search,France,Standard,0.252,0,869.66
CUST-14268,76,25,267.66,379,29,Direct,Germany,Bronze,0.106,0,14514.29
CUST-14269,127,21,240.92,146,42,Paid Social,France,Bronze,0.191,0,10919.06
CUST-14270,48,22,157.0,378,27,Direct,Germany,Silver,0.223,0,9282.59
CUST-14271,140,8,88.12,226,63,Paid Social,United Kingdom,Standard,0.154,1,298.51
CUST-14272,8,5,164.92,232,56,Email Referral,France,Bronze,0.054,0,1813.85
CUST-14273,30,1,291.94,217,41,Organic Search,United States,Bronze,0.115,0,648.28
CUST-14274,42,11,170.23,161,28,Google Ads,United Kingdom,Standard,0.149,0,3373.18
CUST-14275,40,12,143.81,301,41,Organic Search,Indonesia,Bronze,0.058,1,879.7
CUST-14276,24,27,61.79,623,20,Email Referral,United Kingdom,Standard,0.201,0,2999.99
CUST-14277,19,4,168.54,104,57,Paid Social,Germany,Standard,0.184,0,1180.84
CUST-14278,7,13,186.21,270,37,Email Referral,Germany,Standard,0.074,0,4323.37
CUST-14279,23,2,133.78,105,40,Email Referral,United Kingdom,Standard,0.289,0,531.37
CUST-14280,8,8,37.7,359,22,Email Referral,Germany,Standard,0.315,0,504.56
CUST-14281,60,9,194.82,178,53,Organic Search,France,Bronze,0.28,1,905.67
CUST-14282,11,5,156.67,133,30,Paid Social,France,Gold,0.302,0,2976.77
CUST-14283,3,26,143.86,284,53,Paid Social,Indonesia,Bronze,0.016,0,8033.37
CUST-14284,37,18,157.4,175,23,Organic Search,Indonesia,Standard,0.18,0,5072.05
CUST-14285,41,11,69.14,111,19,Paid Social,Australia,Standard,0.067,0,1465.25
CUST-14286,93,3,97.2,1082,46,Direct,Germany,Bronze,0.044,0,621.49
CUST-14287,39,9,136.37,228,22,Direct,Germany,Gold,0.395,0,4673.1
CUST-14288,20,8,107.61,221,32,Organic Search,United Kingdom,Standard,0.177,0,1675.35
CUST-14289,74,4,129.83,276,25,Google Ads,United Kingdom,Bronze,0.033,1,290.41
CUST-14290,35,13,84.31,436,51,Google Ads,United Kingdom,Bronze,0.041,0,2393.66
CUST-14291,4,5,116.1,55,54,Organic Search,France,Gold,0.028,0,2209.92
CUST-14292,38,18,322.22,63,43,Email Referral,France,Bronze,0.136,0,12511.65
CUST-14293,108,4,131.06,211,26,Google Ads,United Kingdom,Silver,0.215,1,360.16
CUST-14294,23,3,103.14,187,25,Paid Social,Indonesia,Standard,0.368,0,548.02
CUST-14295,16,7,62.72,91,31,Paid Social,Germany,Standard,0.01,0,744.73
CUST-14296,7,1,163.43,232,65,Email Referral,United Kingdom,Bronze,0.094,1,129.91
CUST-14297,8,18,129.42,36,42,Organic Search,United Kingdom,Bronze,0.085,0,4941.38
CUST-14298,26,2,143.46,322,51,Organic Search,United Kingdom,Gold,0.172,0,1084.94
CUST-14299,41,2,75.48,283,20,Google Ads,United Kingdom,Bronze,0.159,0,312.11
CUST-14300,4,14,109.56,62,49,Organic Search,Indonesia,Standard,0.293,0,2709.1
CUST-14301,127,4,119.23,205,53,Google Ads,United States,Bronze,0.188,1,288.68
CUST-14302,64,7,156.02,375,64,Organic Search,United Kingdom,Silver,0.17,0,2897.69
CUST-14303,40,13,329.0,322,22,Paid Social,United Kingdom,Silver,0.095,0,11527.51
CUST-14304,80,1,151.21,397,32,Paid Social,France,Gold,0.091,1,179.28
CUST-14305,4,9,165.02,89,45,Google Ads,Indonesia,Standard,0.145,0,2577.06
CUST-14306,30,3,74.49,673,35,Google Ads,United Kingdom,Bronze,0.072,0,536.57
CUST-14307,45,12,42.11,286,62,Google Ads,Germany,Standard,0.253,0,907.76
CUST-14308,80,13,155.23,107,28,Email Referral,Indonesia,Standard,0.282,0,3616.93
CUST-14309,69,7,95.77,200,27,Paid Social,United States,Standard,0.155,0,1137.73
CUST-14310,15,19,125.65,226,21,Paid Social,Indonesia,Silver,0.112,0,6450.37
CUST-14311,128,6,70.71,176,37,Organic Search,United Kingdom,Gold,0.149,1,402.17
CUST-14312,6,22,75.21,438,22,Organic Search,France,Standard,0.04,0,3005.64
CUST-14313,94,13,421.12,361,18,Paid Social,United Kingdom,Silver,0.05,0,14757.83
CUST-14314,160,6,195.97,190,30,Paid Social,France,Standard,0.35,1,480.35
CUST-14315,9,6,134.34,463,63,Organic Search,United Kingdom,Bronze,0.193,0,1756.73
CUST-14316,58,8,98.48,166,39,Organic Search,France,Silver,0.178,0,2098.29
CUST-14317,2,4,420.35,125,65,Paid Social,United Kingdom,Bronze,0.173,0,3657.05
CUST-14318,24,3,119.07,314,30,Organic Search,France,Standard,0.124,1,109.19
CUST-14319,33,15,152.07,233,32,Organic Search,France,Gold,0.057,0,8662.07
CUST-14320,40,15,257.13,158,26,Paid Social,Indonesia,Bronze,0.14,0,8405.51
CUST-14321,124,8,78.81,193,20,Organic Search,France,Gold,0.035,1,587.48
CUST-14322,51,15,237.7,196,19,Organic Search,Germany,Silver,0.02,0,9694.29
CUST-14323,30,6,233.43,200,29,Paid Social,United States,Gold,0.238,0,5331.87
CUST-14324,75,19,48.35,269,41,Paid Social,United Kingdom,Standard,0.041,0,1670.4
CUST-14325,136,7,158.33,318,35,Direct,France,Platinum,0.41,1,1595.29
CUST-14326,2,7,114.35,189,53,Organic Search,France,Gold,0.517,0,2998.49
CUST-14327,183,1,85.63,314,42,Email Referral,United Kingdom,Standard,0.447,1,98.42
CUST-14328,5,17,133.48,168,69,Paid Social,Australia,Gold,0.168,0,8627.22
CUST-14329,76,9,221.84,152,32,Organic Search,United Kingdom,Silver,0.152,0,5338.45
CUST-14330,15,19,154.21,61,18,Paid Social,United Kingdom,Silver,0.127,0,7916.73
CUST-14331,7,8,51.04,190,25,Paid Social,United Kingdom,Standard,0.135,0,694.28
CUST-14332,27,4,149.68,50,66,Paid Social,United Kingdom,Standard,0.046,0,1101.45
CUST-14333,47,8,100.67,74,54,Google Ads,United Kingdom,Bronze,0.366,1,472.35
CUST-14334,22,25,146.89,88,24,Google Ads,United Kingdom,Standard,0.051,0,6531.88
CUST-14335,3,17,223.7,56,52,Organic Search,Germany,Standard,0.125,0,6841.04
CUST-14336,42,21,226.85,141,55,Organic Search,United States,Standard,0.055,0,8596.15
CUST-14337,105,10,92.84,203,62,Paid Social,United Kingdom,Silver,0.263,0,2511.25
CUST-14338,22,20,72.71,59,33,Paid Social,Germany,Bronze,0.116,0,3230.25
CUST-14339,11,7,121.45,76,34,Google Ads,United Kingdom,Bronze,0.051,0,1757.68
CUST-14340,27,2,145.13,42,55,Direct,Indonesia,Silver,0.143,0,851.46
CUST-14341,3,5,79.82,95,47,Organic Search,Indonesia,Standard,0.083,0,674.2
CUST-14342,78,9,273.94,379,54,Google Ads,Germany,Standard,0.168,1,1002.3
CUST-14343,79,9,121.02,149,35,Email Referral,United States,Standard,0.006,0,1976.54
CUST-14344,40,7,350.67,240,53,Email Referral,Germany,Platinum,0.067,0,14132.74
CUST-14345,20,9,109.93,53,29,Organic Search,United Kingdom,Bronze,0.19,0,2141.65
CUST-14346,73,6,144.9,90,45,Organic Search,United Kingdom,Bronze,0.171,1,495.55
CUST-14347,37,10,72.98,176,65,Paid Social,United States,Silver,0.161,0,1997.94
CUST-14348,79,7,202.92,205,28,Email Referral,Germany,Standard,0.295,0,2530.25
CUST-14349,45,11,184.35,98,60,Direct,Indonesia,Silver,0.133,0,5515.78
CUST-14350,70,10,73.31,145,23,Email Referral,Australia,Standard,0.055,0,1218.75
CUST-14351,42,23,144.4,62,43,Paid Social,United Kingdom,Standard,0.059,0,5973.43
CUST-14352,25,7,163.0,327,33,Direct,Germany,Standard,0.203,1,569.92
CUST-14353,143,3,179.82,222,55,Paid Social,Germany,Standard,0.147,1,257.04
CUST-14354,36,14,295.82,95,26,Organic Search,Indonesia,Standard,0.039,0,7457.16
CUST-14355,42,18,373.7,350,35,Email Referral,France,Standard,0.321,0,12090.68
CUST-14356,12,5,143.82,34,50,Organic Search,France,Silver,0.098,0,1958.93
CUST-14357,45,24,218.89,120,67,Direct,France,Standard,0.178,0,9442.02
CUST-14358,39,5,91.62,108,36,Paid Social,United Kingdom,Bronze,0.503,1,278.72
CUST-14359,10,15,315.9,79,26,Organic Search,Australia,Standard,0.095,0,8503.33
CUST-14360,3,3,111.57,20,63,Organic Search,United Kingdom,Standard,0.221,0,678.76
CUST-14361,42,14,168.87,548,61,Email Referral,United Kingdom,Silver,0.152,0,6410.63
CUST-14362,65,7,124.78,439,59,Paid Social,Germany,Bronze,0.112,0,1977.32
CUST-14363,34,2,239.1,145,26,Paid Social,United Kingdom,Standard,0.172,0,841.37
CUST-14364,12,22,41.85,133,61,Email Referral,Germany,Bronze,0.318,0,2049.93
CUST-14365,50,3,92.51,198,22,Organic Search,United Kingdom,Standard,0.298,0,436.29
CUST-14366,4,10,167.91,136,40,Organic Search,Germany,Standard,0.134,0,3058.48
CUST-14367,27,1,275.31,313,68,Email Referral,United Kingdom,Silver,0.13,1,180.05
CUST-14368,9,9,48.26,144,59,Organic Search,United Kingdom,Standard,0.003,0,787.77
CUST-14369,10,3,161.96,62,51,Direct,Germany,Standard,0.222,0,911.05
CUST-14370,11,5,88.88,48,55,Organic Search,Indonesia,Bronze,0.155,0,997.07
CUST-14371,23,17,55.43,488,39,Paid Social,France,Bronze,0.082,0,2077.32
CUST-14372,3,10,163.6,26,22,Organic Search,United Kingdom,Bronze,0.337,0,3551.35
CUST-14373,23,27,307.49,448,18,Organic Search,Germany,Standard,0.187,0,14971.11
CUST-14374,33,7,136.71,259,43,Google Ads,Indonesia,Silver,0.081,0,2572.73
CUST-14375,30,12,202.28,138,35,Email Referral,Germany,Standard,0.041,0,4337.04
CUST-14376,22,6,79.94,74,43,Paid Social,Germany,Bronze,0.192,0,1044.36
CUST-14377,83,13,47.44,164,32,Organic Search,Indonesia,Silver,0.12,0,1557.88
CUST-14378,8,7,83.16,158,19,Organic Search,United Kingdom,Standard,0.021,0,1068.77
CUST-14379,32,8,144.36,239,32,Email Referral,France,Gold,0.201,0,4408.94
CUST-14380,3,14,118.91,229,28,Email Referral,United Kingdom,Silver,0.143,0,4525.8
CUST-14381,4,6,59.19,125,62,Organic Search,Indonesia,Standard,0.235,0,608.69
CUST-14382,39,20,70.75,138,37,Paid Social,United Kingdom,Standard,0.107,0,2444.76
CUST-14383,38,15,186.68,316,64,Email Referral,Australia,Standard,0.191,0,5073.17
CUST-14384,95,3,265.23,577,59,Email Referral,United States,Silver,0.068,1,497.66
CUST-14385,37,10,156.0,494,34,Organic Search,United Kingdom,Standard,0.128,0,2743.63
CUST-14386,145,12,134.47,304,22,Paid Social,United States,Standard,0.147,0,2951.97
CUST-14387,3,9,87.95,32,50,Google Ads,Indonesia,Standard,0.233,0,1357.02
CUST-14388,5,6,21.45,33,68,Email Referral,United Kingdom,Standard,0.209,0,223.08
CUST-14389,3,3,235.21,110,61,Organic Search,Indonesia,Standard,0.078,0,1359.0
CUST-14390,10,9,122.92,262,42,Paid Social,United Kingdom,Gold,0.134,0,4148.37
CUST-14391,36,6,390.14,174,24,Direct,United Kingdom,Silver,0.286,0,6266.98
CUST-14392,47,7,109.77,239,51,Paid Social,United Kingdom,Silver,0.034,0,2100.02
CUST-14393,3,2,139.19,351,32,Email Referral,Indonesia,Silver,0.093,0,767.98
CUST-14394,132,4,121.76,154,69,Organic Search,Australia,Standard,0.118,1,136.3
CUST-14395,84,11,77.61,562,30,Google Ads,Indonesia,Platinum,0.474,0,4920.0
CUST-14396,16,10,219.57,103,49,Email Referral,Germany,Standard,0.071,0,4011.17
CUST-14397,4,3,65.41,27,56,Organic Search,Australia,Standard,0.025,0,423.21
CUST-14398,9,4,120.46,348,31,Paid Social,Germany,Standard,0.081,1,203.8
CUST-14399,7,11,79.95,511,37,Organic Search,United Kingdom,Bronze,0.053,0,1924.4
CUST-14400,6,14,107.77,284,33,Google Ads,United Kingdom,Standard,0.287,0,2742.91
CUST-14401,33,16,164.92,341,47,Email Referral,Australia,Silver,0.097,0,7174.95
CUST-14402,13,5,359.22,397,58,Paid Social,France,Standard,0.102,0,3228.44
CUST-14403,20,10,230.96,168,36,Paid Social,United Kingdom,Bronze,0.087,0,5053.5
CUST-14404,206,6,156.59,426,39,Paid Social,France,Silver,0.075,1,597.7
CUST-14405,52,10,157.04,127,54,Organic Search,Germany,Gold,0.144,0,5975.12
CUST-14406,134,26,37.08,200,27,Paid Social,United Kingdom,Silver,0.169,0,2552.91
CUST-14407,7,13,260.02,191,25,Organic Search,United Kingdom,Bronze,0.337,0,7211.85
CUST-14408,22,9,183.13,275,46,Organic Search,United Kingdom,Platinum,0.042,0,9524.07
CUST-14409,37,12,192.36,143,31,Direct,United Kingdom,Bronze,0.018,0,5133.74
CUST-14410,4,8,20.56,111,28,Organic Search,France,Bronze,0.169,0,371.3
CUST-14411,1,14,148.99,571,47,Paid Social,United Kingdom,Standard,0.111,0,3744.09
CUST-14412,50,20,79.98,196,50,Google Ads,Germany,Standard,0.108,0,2941.38
CUST-14413,47,10,132.29,834,59,Paid Social,France,Standard,0.059,0,2358.99
CUST-14414,24,12,111.73,396,51,Paid Social,Germany,Bronze,0.101,0,2807.8
CUST-14415,31,3,155.2,229,56,Organic Search,United Kingdom,Standard,0.312,0,885.21
CUST-14416,25,11,138.75,41,66,Organic Search,United Kingdom,Standard,0.098,0,2824.98
CUST-14417,2,6,66.75,80,54,Paid Social,Germany,Standard,0.089,0,727.34
CUST-14418,19,17,187.74,131,59,Paid Social,United Kingdom,Standard,0.168,0,5760.47
CUST-14419,9,9,89.34,214,54,Organic Search,Germany,Standard,0.068,0,1416.87
CUST-14420,5,8,189.31,110,22,Paid Social,Germany,Bronze,0.135,0,3263.15
CUST-14421,142,7,80.6,473,58,Google Ads,United Kingdom,Standard,0.179,1,265.01
CUST-14422,42,31,92.83,252,60,Organic Search,United States,Standard,0.027,0,5182.16
CUST-14423,59,5,124.19,150,64,Organic Search,United Kingdom,Standard,0.071,0,1119.5
CUST-14424,18,1,129.37,309,22,Organic Search,Germany,Standard,0.112,0,75.83
CUST-14425,23,20,121.7,102,34,Email Referral,United States,Standard,0.11,0,4389.45
CUST-14426,13,5,78.64,39,36,Google Ads,France,Standard,0.201,0,641.38
CUST-14427,5,11,378.35,54,63,Organic Search,Germany,Standard,0.393,0,7515.11
CUST-14428,9,22,87.96,24,43,Google Ads,United States,Standard,0.549,0,3536.09
CUST-14429,72,4,68.32,408,19,Email Referral,France,Standard,0.209,0,519.92
CUST-14430,51,6,64.61,243,31,Paid Social,United Kingdom,Bronze,0.003,0,779.94
CUST-14431,36,6,80.44,203,69,Organic Search,Indonesia,Standard,0.107,0,827.04
CUST-14432,30,7,55.52,240,45,Paid Social,United Kingdom,Bronze,0.071,1,206.53
CUST-14433,116,17,164.99,321,21,Direct,United Kingdom,Bronze,0.072,0,6101.1
CUST-14434,4,10,91.02,169,20,Direct,France,Standard,0.044,0,1688.09
CUST-14435,15,11,155.01,362,32,Email Referral,Indonesia,Standard,0.261,0,3087.23
CUST-14436,20,13,86.91,139,39,Email Referral,United Kingdom,Bronze,0.026,0,2392.22
CUST-14437,69,23,161.62,378,65,Organic Search,Germany,Standard,0.131,0,6749.76
CUST-14438,221,12,272.0,514,59,Direct,United Kingdom,Standard,0.05,1,1467.51
CUST-14439,13,18,62.81,68,67,Google Ads,United Kingdom,Bronze,0.158,0,2422.17
CUST-14440,94,9,230.11,217,36,Paid Social,United Kingdom,Bronze,0.086,1,1094.0
CUST-14441,80,20,227.34,419,51,Google Ads,United States,Bronze,0.156,0,9744.99
CUST-14442,12,11,185.28,346,27,Organic Search,United Kingdom,Gold,0.222,0,7758.93
CUST-14443,23,4,82.55,42,51,Organic Search,United Kingdom,Bronze,0.066,0,706.98
CUST-14444,24,6,43.76,84,33,Google Ads,Germany,Standard,0.18,0,438.0
CUST-14445,173,25,70.57,287,54,Email Referral,Germany,Silver,0.07,0,4793.84
CUST-14446,9,11,244.08,32,53,Email Referral,United Kingdom,Platinum,0.03,0,15504.28
CUST-14447,73,22,220.13,142,66,Email Referral,United Kingdom,Silver,0.04,0,12989.09
CUST-14448,19,16,109.3,87,62,Organic Search,Australia,Gold,0.097,0,6688.0
CUST-14449,60,4,161.95,118,39,Paid Social,Germany,Standard,0.226,0,1277.11
CUST-14450,25,10,199.87,130,49,Email Referral,United Kingdom,Standard,0.042,0,3602.76
CUST-14451,39,15,141.13,355,61,Organic Search,United Kingdom,Standard,0.02,0,3822.48
CUST-14452,81,14,56.1,146,34,Paid Social,United Kingdom,Silver,0.048,0,2240.26
CUST-14453,74,5,114.37,246,26,Email Referral,United Kingdom,Standard,0.038,0,974.69
CUST-14454,91,3,87.57,252,69,Direct,Indonesia,Bronze,0.193,1,115.78
CUST-14455,3,8,103.45,324,50,Organic Search,United States,Standard,0.059,0,1518.74
CUST-14456,54,8,144.24,159,50,Paid Social,United Kingdom,Silver,0.093,0,3172.97
CUST-14457,7,8,127.86,67,19,Direct,United States,Silver,0.02,0,2763.68
CUST-14458,25,9,45.64,439,31,Organic Search,United States,Standard,0.094,0,698.69
CUST-14459,36,20,274.3,373,54,Google Ads,Germany,Standard,0.124,0,9939.21
CUST-14460,24,8,76.26,213,50,Organic Search,Germany,Standard,0.119,0,1097.76
CUST-14461,33,3,79.05,65,18,Google Ads,United Kingdom,Standard,0.198,0,426.94
CUST-14462,255,6,49.29,272,64,Paid Social,United Kingdom,Bronze,0.219,1,206.19
CUST-14463,7,5,180.62,58,39,Direct,United Kingdom,Silver,0.21,0,2513.65
CUST-14464,51,11,53.8,105,47,Organic Search,United States,Silver,0.082,0,1609.85
CUST-14465,23,6,121.37,64,44,Email Referral,Germany,Standard,0.143,0,1334.71
CUST-14466,7,4,206.05,76,50,Email Referral,United Kingdom,Standard,0.236,0,1535.88
CUST-14467,8,10,500.83,97,33,Email Referral,United Kingdom,Standard,0.07,0,9003.62
CUST-14468,135,11,163.79,402,27,Organic Search,Germany,Standard,0.181,0,3215.62
CUST-14469,96,13,140.38,333,44,Organic Search,France,Standard,0.227,1,802.84
CUST-14470,107,16,344.2,141,54,Paid Social,United States,Standard,0.296,1,2432.22
CUST-14471,215,3,93.95,909,19,Paid Social,United States,Standard,0.239,1,72.44
CUST-14472,11,4,241.58,277,47,Email Referral,United States,Bronze,0.273,0,2198.3
CUST-14473,20,4,107.66,67,63,Organic Search,Germany,Silver,0.131,0,1117.99
CUST-14474,50,4,482.98,88,60,Email Referral,Indonesia,Standard,0.087,0,3491.03
CUST-14475,30,5,290.34,61,36,Paid Social,Germany,Silver,0.086,0,3915.3
CUST-14476,25,7,78.46,276,36,Organic Search,United Kingdom,Standard,0.142,0,1041.03
CUST-14477,20,11,208.93,83,68,Organic Search,United Kingdom,Standard,0.083,0,4142.62
CUST-14478,41,11,106.95,69,52,Organic Search,United Kingdom,Bronze,0.164,0,2610.48
CUST-14479,39,20,171.94,152,28,Paid Social,United Kingdom,Standard,0.327,0,6183.37
CUST-14480,8,8,168.28,245,69,Email Referral,France,Bronze,0.263,0,2920.14
CUST-14481,29,1,22.57,109,49,Email Referral,France,Gold,0.023,0,122.86
CUST-14482,37,11,211.03,170,33,Direct,United Kingdom,Standard,0.156,0,4188.35
CUST-14483,39,8,43.29,92,34,Organic Search,United Kingdom,Bronze,0.181,0,774.4
CUST-14484,11,5,187.25,126,46,Google Ads,Germany,Standard,0.022,0,1699.43
CUST-14485,62,14,182.0,157,37,Email Referral,United Kingdom,Standard,0.043,0,4515.72
CUST-14486,2,11,169.68,119,53,Organic Search,France,Standard,0.267,0,3397.94
CUST-14487,20,12,139.41,147,64,Direct,United Kingdom,Bronze,0.054,0,3672.39
CUST-14488,69,5,186.68,101,41,Direct,Indonesia,Standard,0.206,0,1673.64
CUST-14489,38,7,161.64,70,60,Paid Social,Germany,Standard,0.273,0,2026.4
CUST-14490,14,13,62.11,83,65,Paid Social,United Kingdom,Standard,0.364,0,1468.04
CUST-14491,54,8,91.14,91,69,Google Ads,France,Standard,0.097,0,1409.7
CUST-14492,38,24,93.53,105,21,Paid Social,Germany,Standard,0.144,0,4026.27
CUST-14493,72,7,68.73,91,22,Google Ads,United Kingdom,Bronze,0.211,0,1070.32
CUST-14494,60,8,222.26,152,36,Organic Search,United States,Platinum,0.243,0,10233.0
CUST-14495,43,6,113.76,101,65,Organic Search,Germany,Bronze,0.26,0,1504.21
CUST-14496,31,16,98.24,446,68,Organic Search,United Kingdom,Bronze,0.209,0,3331.39
CUST-14497,7,8,135.66,373,41,Paid Social,United States,Silver,0.306,0,3020.05
CUST-14498,14,14,18.17,93,65,Google Ads,United Kingdom,Bronze,0.073,0,567.83
CUST-14499,25,4,126.28,156,18,Email Referral,Australia,Standard,0.2,0,895.28
